编号,体式,标准/不标准,0,1,2,3,4,5,6,7,8,9,10,11,12,13,14,15,16,17,18,19,20,21,22,23,24,25,26,27,28,29,30,31,32,33,34,35,36,37,38,39,40,41,42,43,44,45,46,47,48,49,50,51,52,53,54,55,56,57,58,59,60,61,62,63,64,65,66,67,68,69,70,71,72,73,74,75,76,77,78,79,80,81,82,83,84,85,86,87,88,89,90,91,92,93,94,95,96,97,98
0,downdog,nonstandard,229.24073,247.61658,-202.11778,218.52628,253.11759,-243.11041,217.22247,252.05808,-243.44676,216.323,250.89805,-243.42995,218.18277,253.66051,-198.64046,216.37173,253.00076,-199.11952,214.59699,252.17458,-199.27421,211.27336,239.67113,-355.71346,207.73058,238.9916,-151.30587,233.66314,233.98478,-231.60281,233.03781,234.34054,-174.57543,243.13778,190.94436,-427.26082,198.11802,181.27822,-23.40808,200.98941,284.19574,-595.91709,156.95097,259.81924,0.43931,135.54813,367.9622,-632.48606,115.16863,344.33175,-182.11544,111.44956,378.20597,-700.6291,92.34301,354.79193,-208.25533,105.0183,373.43097,-680.68706,90.24249,358.20729,-250.6443,113.95411,369.94268,-627.87456,100.53806,356.61471,-208.50302,389.11501,61.34193,-135.73758,364.02239,69.27035,135.50538,465.88287,180.6131,-26.06353,452.0683,184.06932,245.71169,547.38265,287.60408,95.67529,536.44527,278.46403,395.74141,569.52376,306.69692,98.73838,559.93755,298.73095,406.21703,513.82247,336.21642,-24.80891,504.80862,321.23284,315.05692
1,downdog,nonstandard,633.7322,415.19442,78.82167,654.61802,405.89884,81.78037,654.50534,402.41643,81.22176,654.27874,398.85119,81.30699,654.45458,406.0802,37.60866,654.32159,403.06921,36.91382,654.36949,399.81953,36.63326,647.9067,369.02135,119.9128,647.51296,372.4645,-82.91274,613.36089,400.60177,110.19623,613.56819,400.46501,46.09308,586.92416,312.67846,210.10091,578.48252,342.74032,-111.61595,672.21523,440.08428,302.87148,679.68536,474.97936,-308.74106,767.33998,533.39781,117.38589,786.07785,582.8004,-272.8129,796.97568,531.46168,125.16777,821.97392,589.70482,-344.0186,802.64982,536.38225,58.31735,830.33821,579.31356,-295.40264,791.44485,537.55723,90.08451,816.92488,573.51631,-259.25907,319.76254,111.57881,128.45493,303.84679,122.02725,-128.84517,290.45733,347.89479,256.92851,292.48059,372.48651,-102.23788,125.87727,484.41499,350.65083,87.72198,514.15094,-69.52219,81.88431,499.21939,349.159,44.53758,523.21438,-71.54933,188.81867,551.53441,261.65703,161.96244,582.40608,-173.01219
10,downdog,nonstandard,684.32996,537.58603,-27.21867,665.09459,550.6806,-61.17361,660.18988,549.09325,-61.69995,655.88057,547.50501,-61.67604,669.93104,552.48171,-9.00411,668.21178,552.15104,-9.8105,666.38311,551.96824,-10.09725,639.64186,532.71345,-153.26343,648.81935,536.6383,86.23775,680.99976,516.70031,-48.39133,686.18342,520.25533,17.55309,622.56874,447.69691,-208.8906,648.74407,466.59476,200.85987,519.52614,573.65821,-378.24511,577.00831,568.53229,227.92565,400.75279,678.15071,-378.75152,496.57575,651.36876,16.95933,366.81383,689.02473,-432.48243,473.43218,652.68642,2.74108,360.87708,684.60129,-398.94419,468.71769,650.8603,-48.34368,376.24357,683.75543,-365.72689,471.75081,654.62908,-13.48084,849.41784,249.52194,-143.89719,850.08445,280.35075,143.4788,1001.32123,437.43158,-131.48642,988.06872,446.30453,124.63965,1105.33237,630.65173,-123.5558,1077.52891,608.23536,191.96232,1156.38381,670.95353,-132.23423,1117.71805,639.69409,193.56446,1054.05993,698.05999,-249.02792,1036.79357,676.55934,112.49701
101,downdog,nonstandard,126.23625,186.33013,74.00182,121.73274,185.66093,67.12039,121.12899,184.73141,67.01859,120.59897,183.88801,67.04631,122.02449,186.02048,83.16263,121.66752,185.2981,82.97571,121.31943,184.62431,82.94885,116.90681,177.01789,47.32662,118.63263,178.9886,119.89258,127.57207,181.63235,68.37146,128.29503,181.92213,88.65158,124.09152,160.29083,4.78599,143.44498,161.32377,153.91265,112.99708,197.63736,-32.59094,146.58376,196.35757,175.85331,96.74405,229.98794,-41.63637,128.3139,225.3518,139.03004,89.43146,233.01508,-58.16803,120.82567,227.80722,135.3841,88.46375,232.37926,-51.21398,119.57458,227.93228,122.5722,91.71782,231.96938,-38.8143,120.60338,227.63423,131.38126,189.26636,119.40519,-45.23992,202.05823,119.10008,44.98393,225.62814,179.59462,-43.04629,234.3372,176.48597,8.7587,285.51516,227.74122,-78.0858,288.1782,226.52067,-9.65034,295.0296,232.77556,-82.16869,296.72163,231.30276,-11.77527,271.5246,254.63662,-110.57236,277.92435,248.12649,-34.22679
103,downdog,nonstandard,397.59763,290.00041,50.99028,412.3534,291.49231,37.2242,415.55983,287.77343,36.76611,418.56157,284.01834,36.89607,406.4695,297.71259,10.95673,405.31552,298.69631,10.36772,404.21286,299.50604,10.22441,421.4252,267.01543,10.60039,401.30792,289.36991,-114.36385,392.16518,274.23114,58.76777,385.75699,281.02201,18.796,409.5284,190.45955,60.56327,353.84859,262.61947,-101.31349,486.18653,251.81794,232.81649,424.3165,364.63657,-270.89979,569.07648,304.65764,189.40919,524.73456,430.90644,-319.07251,597.00995,303.2673,202.40172,544.40386,451.0943,-378.74924,594.95992,314.78319,149.02917,555.66634,438.34525,-339.84896,584.03569,318.07068,171.52487,551.76534,426.35804,-309.23661,192.78867,51.42141,68.02832,157.34919,95.99794,-68.70847,159.63751,173.58541,370.44994,129.91399,201.98432,211.94851,123.53617,252.87998,640.50832,89.57764,278.28336,442.95757,105.0788,275.88865,660.62414,75.10663,296.84302,460.93599,172.53868,289.00793,584.37089,139.73545,316.48302,380.29346
105,downdog,standard,175.31185,237.01526,-23.66082,182.5392,240.51755,-17.50581,183.36997,240.14992,-17.65157,184.18179,239.78985,-17.63887,182.64115,240.31244,-38.38341,183.52592,239.82915,-38.5399,184.53482,239.2877,-38.64536,190.023,234.16487,13.68733,190.821,233.31385,-81.0228,175.86175,230.62007,-7.32654,176.25189,230.59007,-36.19979,192.71132,210.58146,52.03143,193.03578,208.37936,-109.53474,220.9944,238.23353,67.91189,224.21039,238.98026,-198.59222,255.02447,253.08029,3.4543,259.96024,256.49894,-203.60868,266.42856,256.15167,0.09064,271.68711,260.6239,-226.89747,269.19976,256.02463,-16.52874,273.94101,259.62631,-213.8358,265.57001,255.89629,-5.04557,270.12039,258.83425,-200.36783,137.2935,146.11093,58.22357,134.98931,143.73467,-58.37308,94.2612,198.88497,50.21808,93.51738,198.68187,-59.97982,49.79358,246.82645,68.81093,48.20363,247.53886,-46.2972,40.60295,254.65372,67.78261,38.83498,256.00273,-46.69165,76.14059,261.24699,25.46132,73.24193,263.86469,-96.58065
107,downdog,standard,398.45779,394.50891,-186.53919,383.83297,395.83762,-233.53247,384.14039,394.68818,-233.97462,384.87173,393.33952,-233.92241,381.53499,394.09343,-186.69841,379.88958,392.05537,-187.27207,378.6001,390.3006,-187.42654,387.75041,371.95026,-355.3745,380.64085,373.422,-141.46656,412.06098,379.36592,-215.85272,409.78499,379.77584,-156.65124,446.12062,326.36312,-425.64467,387.53503,305.51299,-4.55115,370.13927,429.61869,-616.90183,321.68375,389.89076,29.60564,274.072,500.16169,-696.89471,234.26712,459.45012,-187.51184,248.7892,513.4367,-783.6663,208.39698,471.66525,-227.34244,238.40926,504.33678,-765.58793,206.72225,474.91566,-277.56304,248.95363,498.34326,-695.11068,220.59034,473.0006,-218.52054,612.86829,158.16953,-156.8997,573.96047,158.57418,156.57332,700.69874,296.28006,106.71505,664.382,297.21285,365.88363,756.39724,429.52185,303.78842,715.34609,409.06832,601.19115,775.53603,451.18854,311.24239,734.08193,434.89991,618.60683,696.17106,461.8469,157.86586,667.96624,449.09461,511.87295
110,downdog,standard,314.14056,433.90119,-83.59547,301.16514,442.56036,-123.85485,299.03204,441.54736,-124.19449,296.88381,440.70017,-124.18174,301.17843,443.11813,-69.44878,299.30035,442.46002,-69.99007,297.24889,441.98309,-70.14223,284.67194,428.01085,-233.22806,285.51566,428.29805,15.99697,314.90482,417.98542,-111.80944,315.8301,418.47813,-42.35237,280.11246,366.45363,-305.33059,284.90143,362.44494,135.33178,206.07815,453.49027,-496.42014,208.73117,444.09118,157.56898,88.52939,504.84182,-522.21321,112.93237,486.44797,-33.77734,65.05309,509.06718,-578.073,80.69205,490.15997,-57.70526,60.85806,506.58123,-556.37629,78.87897,491.19392,-95.58666,68.95582,506.10504,-514.73113,85.66678,490.98905,-59.22656,427.06441,193.26251,-160.48414,427.55826,195.70094,160.17134,549.0706,332.86017,-84.86742,545.68425,329.56372,200.7373,646.14978,472.14037,-71.95909,629.66622,458.7752,334.00361,678.37672,498.20243,-82.11814,654.58752,479.55301,342.17965,585.12484,509.60427,-230.12679,573.50697,496.42565,255.72021
111,downdog,standard,255.2413,365.97012,-39.48266,241.20978,371.75903,-65.27523,239.09172,370.59052,-65.57828,237.36737,369.44733,-65.57359,242.84868,372.31036,-28.67154,241.8329,371.56082,-29.16813,240.76845,370.87375,-29.32581,231.3062,357.19263,-132.09873,233.3608,358.86633,33.13581,258.35027,354.50418,-55.64946,260.28814,355.65283,-9.88591,248.83979,307.36359,-180.70317,249.49009,311.13544,108.15717,206.19499,375.87738,-283.6854,205.97509,380.92096,93.08115,134.52002,443.60791,-260.72224,142.30389,439.26538,-59.0903,110.04598,450.04791,-296.6568,120.58025,443.96417,-78.06507,104.57527,448.02484,-280.62224,116.94965,443.22302,-103.65566,114.21042,445.65436,-254.92078,123.80465,441.35321,-77.22338,375.66291,166.8714,-99.49813,372.1229,177.51579,99.31026,439.22645,293.12927,-31.8873,437.77457,296.5459,93.01759,510.0712,411.07874,18.40932,497.31933,401.77393,160.68624,532.54844,428.36163,16.94393,518.29144,422.71936,164.53641,458.06047,438.5351,-66.12582,450.11417,430.84747,103.88575
112,downdog,standard,278.98489,281.09594,4.31887,270.47479,290.02423,-20.5881,267.67489,289.75679,-20.86164,265.13779,289.23463,-20.79002,271.84776,290.32391,9.71844,269.9003,290.50749,9.17544,267.99578,290.68167,8.99874,250.3326,280.85614,-87.99001,253.37517,281.9523,50.50195,274.30505,265.84147,-11.06511,276.14985,266.97932,27.0451,241.52597,226.61644,-92.522,235.31793,227.97432,87.32386,181.43947,310.94144,-165.5872,186.7233,304.41329,88.3543,109.22725,369.48612,-118.80252,120.59501,355.02245,-27.46864,89.20564,377.41897,-140.90277,100.63566,359.36044,-41.33441,83.77712,376.74507,-124.83384,97.98175,360.93611,-65.51155,92.12915,375.44154,-112.02062,105.11665,360.84561,-42.37627,371.38333,72.21158,-72.43806,360.39976,81.41111,72.25317,434.7075,220.31029,10.93493,421.37806,220.92337,86.98511,502.78425,352.94846,60.0385,487.03748,335.13844,148.46214,521.50323,368.02991,59.27437,504.66808,347.53099,152.83419,443.65904,383.35653,2.90546,437.58381,367.95629,112.18015
113,downdog,standard,582.41081,452.46652,-49.64728,558.66505,452.49257,-102.69104,557.15881,449.6771,-103.0332,555.86864,446.97893,-103.10038,559.08195,452.63307,-30.08649,557.94788,449.92528,-30.83603,556.40209,447.42731,-31.06238,550.02705,422.2424,-239.62748,549.91096,422.18511,89.85889,594.7332,431.4992,-84.88418,596.38855,432.97557,7.20188,591.13678,352.8644,-389.85977,591.48476,350.5229,287.57681,507.9496,482.56197,-603.20152,523.46699,477.47586,282.29019,433.89317,597.10002,-589.00459,452.95322,568.44429,-10.53315,414.71508,617.35396,-670.19821,429.2469,577.59401,-41.48378,411.40636,615.32029,-635.7135,430.40997,583.64692,-97.66934,413.59932,612.32527,-576.94374,436.30878,582.31539,-47.37322,856.5921,137.787,-222.72446,846.86325,156.98375,222.44701,1020.54314,349.8479,-186.72443,1010.35736,355.90165,209.21043,1157.13112,541.4044,-181.50515,1145.71411,529.32507,298.27427,1193.8369,579.40105,-194.54126,1176.605,558.62599,301.27645,1068.4198,591.8756,-383.57262,1067.52518,584.99584,168.75629
114,downdog,standard,223.85578,173.43575,4.17449,217.05172,176.09255,-12.37692,215.72458,175.42947,-12.51378,214.42333,174.80335,-12.50675,217.70964,176.48672,7.6365,216.75593,176.07439,7.35997,215.66534,175.74879,7.29709,207.49401,168.13649,-56.06567,207.57728,168.81597,35.42364,223.98861,165.72902,-5.75994,225.07755,166.45372,19.64097,205.77492,145.40117,-70.89899,201.2958,137.83029,79.15463,166.18563,188.64796,-118.68692,164.89765,172.15396,93.4679,123.748,215.97582,-94.59484,128.23703,192.62582,14.15926,110.10754,220.1208,-111.37353,117.94358,195.6177,8.53591,107.29379,218.54819,-100.15091,116.90261,196.50861,-6.88156,111.89074,217.07918,-89.54418,120.51956,196.33473,5.05135,278.50791,53.27819,-57.42877,277.13733,49.96777,57.27624,325.60559,125.01932,-17.7802,324.35672,120.45934,86.16413,370.35174,202.11958,26.41803,359.36054,188.02333,152.74603,382.18692,215.11235,26.82046,371.88929,201.01817,157.96855,335.49763,220.72128,-18.26312,326.97886,204.97236,128.42413
115,downdog,standard,309.3718,292.31945,-51.57352,295.18191,300.46321,-67.72699,292.92593,299.14619,-68.02518,290.62506,297.92886,-67.96635,297.25007,301.70366,-38.34594,296.28196,301.20207,-38.89102,295.0293,300.84515,-39.06752,276.93549,285.17982,-92.35359,281.92203,288.22436,39.63902,308.08395,275.39389,-52.76447,310.87515,278.74115,-16.98015,283.95176,234.66438,-109.52329,284.0094,243.14202,92.38181,211.86842,307.57874,-205.49075,213.39812,306.86088,84.15847,118.90951,360.30919,-222.20464,134.24195,345.12412,-11.40135,94.8231,365.0781,-252.99866,111.32208,348.21121,-36.55466,92.29755,359.79859,-248.53781,109.44639,346.1518,-53.37499,102.14365,358.62516,-221.86915,116.82527,346.0438,-25.27771,389.10954,66.98499,-79.10505,388.24303,80.16743,78.85563,486.68024,198.6201,-1.59111,481.87251,202.75517,35.34063,579.10362,327.37112,38.58733,570.64778,325.32041,74.46653,604.72487,348.95997,38.06157,594.34016,346.76614,76.74347,535.18373,373.39088,-29.93057,518.05633,356.097,21.0587
116,downdog,standard,453.96606,566.39662,5.86766,433.45276,575.3871,-28.82394,431.00742,574.26159,-29.20303,428.80594,573.04259,-29.20015,435.39972,575.72042,26.15734,434.14233,574.93233,25.54365,432.92432,574.17869,25.39194,413.92023,556.62231,-127.27415,416.5174,557.75625,125.48666,454.05798,549.70264,-19.02704,456.81863,549.97834,51.32321,410.02405,498.1544,-197.36,406.92596,490.94723,245.13443,344.21472,587.56981,-377.39276,334.5047,565.14656,277.8187,231.3533,673.38792,-367.06464,252.94092,637.29574,49.0518,196.23264,681.09072,-418.49719,225.90109,641.67242,31.1846,188.80667,678.92245,-389.39651,223.00183,643.11659,-14.24451,200.63278,675.05135,-354.99857,230.48459,642.73879,20.8128,536.33984,303.52367,-160.93733,536.96307,297.45809,160.54628,654.85944,469.90769,-91.91893,648.67151,468.8884,153.05502,776.28235,626.81188,-80.16284,752.27173,612.48329,261.10013,821.32312,651.79973,-91.05383,782.97412,632.53431,266.15771,712.66919,676.57073,-232.52922,686.50458,658.3535,174.83281
118,downdog,standard,480.22928,460.56013,-63.11739,457.82704,459.57216,-102.32614,456.71697,457.17334,-102.81975,455.61776,454.66517,-102.77256,457.5649,459.90103,-44.28309,456.13611,457.95245,-44.97807,454.43358,455.98859,-45.17321,453.16336,430.745,-208.47099,451.22259,434.00219,56.23915,496.06805,446.43097,-88.82783,495.31446,448.68202,-15.52527,492.15696,372.45262,-300.40863,489.99578,362.89411,200.801,383.19722,471.61128,-522.41181,391.17841,450.32156,227.40042,274.30412,556.84196,-552.32424,300.08243,514.99853,-15.8558,239.37739,563.30517,-622.93968,277.39694,511.93036,-38.23951,233.39814,558.0216,-586.22453,273.99566,513.02397,-90.72717,247.33833,556.77296,-539.20702,281.52979,516.17604,-48.26678,717.11068,177.27985,-174.73388,709.59728,175.82824,174.45667,825.09899,359.71038,-33.56714,820.80531,355.26365,232.35006,916.81359,524.70104,92.5681,899.14134,503.69994,367.7811,941.63754,549.86904,93.94396,925.04404,532.88985,374.68114,824.26951,556.17731,-51.34847,821.75345,544.39982,258.21286
12,downdog,nonstandard,237.60689,311.87418,-21.41624,220.82657,314.76206,-60.69221,219.38417,313.17817,-61.03033,218.19929,311.3974,-61.03054,219.69226,314.99996,-5.69748,217.59149,313.62073,-6.18644,215.50383,312.0203,-6.2296,210.83534,295.52892,-172.69182,208.38056,295.73792,78.38256,244.16424,299.93842,-51.15991,244.36596,299.80248,19.17811,232.39614,253.06348,-264.49191,227.33735,233.0992,218.34938,165.61556,327.78879,-398.31417,150.97353,296.69738,275.27719,48.91014,364.10246,-364.98772,61.72749,322.09164,72.46974,30.8965,367.93472,-416.48503,42.7633,323.47082,55.22155,27.12665,359.92872,-394.8292,39.90297,324.76556,11.48012,32.86956,359.23458,-355.14281,45.97098,325.7102,45.96381,381.43954,79.42029,-173.96211,367.8605,59.84045,173.62412,490.31322,200.7753,10.95556,486.36588,191.59669,307.67449,589.91462,309.09121,124.98421,573.15772,287.41752,501.84951,610.13884,326.99731,125.49827,592.32872,299.65791,515.44616,536.26484,346.2689,-3.00275,528.37169,329.19777,430.37461
120,downdog,standard,460.62285,341.31938,38.57846,478.26976,349.69046,47.62328,481.02981,348.38976,47.16685,484.40301,346.79118,47.1573,478.00887,349.24307,9.59072,480.62202,347.68824,9.15859,484.39479,345.6881,8.90553,500.51838,330.62378,92.80393,503.2171,329.05958,-80.05954,460.61167,324.70852,67.24149,461.69734,324.30384,13.35711,502.79284,269.0291,129.77949,501.36805,270.63064,-99.74349,565.59932,343.20494,190.85656,570.27996,361.31883,-268.32828,652.72987,397.28692,74.52032,660.26127,417.19913,-240.82519,678.85077,399.33567,77.17191,689.84914,426.76991,-278.50008,685.42707,399.46945,42.23156,696.87712,422.52096,-252.1278,676.35798,401.2314,60.12913,687.17802,420.37057,-233.35615,364.59777,88.22205,87.42262,363.93926,85.23685,-88.01969,266.38636,232.93157,98.32999,259.95252,235.13224,-76.74964,158.53293,374.51281,107.98349,152.00353,380.42701,-58.00714,129.80278,396.18925,102.6634,119.05795,401.93484,-58.81098,220.44967,414.16723,25.53935,215.56714,419.5617,-136.81385
121,downdog,standard,527.93581,329.13503,-29.71131,519.38108,336.30231,-47.71705,517.43751,335.67426,-47.94535,515.59431,335.10088,-47.88691,519.92486,336.51936,-20.17509,518.45335,336.05284,-20.56392,516.82207,335.6059,-20.65545,506.04168,326.93386,-93.15406,507.1941,327.69638,33.02132,525.74725,317.95605,-39.54655,526.30149,318.54749,-4.65468,505.60273,289.76883,-108.70299,497.6995,286.13438,87.50939,453.05505,339.57864,-182.3324,455.28388,333.05744,95.81044,393.90895,374.81748,-171.88216,405.39809,363.08066,-7.70939,375.4211,377.05248,-196.4743,388.80315,366.27359,-19.73725,372.49267,376.65467,-185.14908,386.97486,367.2831,-40.57541,379.6295,375.56462,-167.38431,392.73805,366.05139,-21.08305,595.40171,179.60608,-73.85053,586.95335,184.7602,73.64118,647.31266,267.33285,-46.98652,641.37385,268.25346,61.89412,712.34576,355.61074,-16.81672,699.20649,345.99157,105.6381,727.80812,369.42236,-19.27172,714.52765,361.18373,107.0737,673.25924,378.95806,-82.20719,665.96203,371.38582,60.08869
123,downdog,standard,1142.35574,1344.89877,128.02904,1066.67029,1351.65523,-3.06767,1058.4819,1343.71761,-4.59365,1052.11588,1336.65395,-4.34143,1067.07944,1351.93126,155.25334,1060.40726,1343.85123,152.62696,1053.15976,1336.39687,151.73194,1013.70456,1269.29375,-342.26965,1016.63168,1266.60278,378.91441,1161.58401,1291.44095,57.49344,1165.9454,1288.49854,256.57372,1122.98776,1118.70813,-556.86031,1140.81839,979.37505,807.7023,966.82727,1553.24515,-1119.46729,990.07764,1371.04555,947.55698,658.65747,1959.2184,-1053.64847,848.9935,1595.34338,240.77094,533.73138,1989.89552,-1243.24832,757.61133,1593.65121,214.28531,507.56433,1952.66066,-1103.13748,744.84082,1612.81151,57.8099,552.09801,1944.5934,-996.29398,771.91901,1626.45158,154.55146,1960.83307,442.10742,-450.25017,1922.84473,364.55589,448.39499,2362.79059,1119.31265,68.86392,2315.97089,1048.87209,1007.66318,2671.59247,1694.57451,538.67885,2553.02142,1531.07021,1532.60806,2775.53705,1795.17371,557.73985,2641.25665,1593.11838,1571.9328,2350.52051,1827.05411,206.8017,2299.65619,1690.4604,1292.29605
125,downdog,standard,349.95912,301.62169,15.04319,364.17297,308.75464,18.80093,366.3624,308.22346,18.40459,368.47753,307.04867,18.34847,364.09237,308.37389,-14.58375,366.32036,307.66826,-15.00309,368.90934,306.37488,-15.2146,381.40937,293.19205,53.57487,382.84272,292.82284,-99.67817,348.55965,287.81628,41.26514,349.471,287.73517,-6.48454,377.73351,234.5294,112.47296,371.10606,238.18095,-100.86303,435.04505,309.18134,185.87163,439.61406,329.76312,-252.23674,509.73668,356.21449,57.73687,521.16754,393.68975,-227.85477,534.30194,360.49898,62.11729,547.55745,402.9276,-266.0144,537.51172,362.24661,23.30807,555.45532,399.1936,-234.0555,527.48255,362.15383,41.92454,545.0307,396.14673,-217.31198,218.28116,82.22505,84.37009,209.54359,77.68694,-84.87833,136.67186,222.37721,134.09283,129.37143,226.62329,-37.48675,89.30506,352.08786,194.64398,79.73071,363.99364,7.35665,71.26983,375.92787,194.26554,59.37613,386.70695,7.68559,150.95854,386.29179,133.67164,143.25902,393.39713,-63.26021
126,downdog,standard,236.38468,277.02984,-68.76797,219.18466,281.45414,-103.23681,216.69973,279.55457,-103.53935,214.97267,277.70798,-103.53029,220.74788,282.73113,-56.79281,219.08175,281.74248,-57.27719,217.61981,280.61515,-57.40415,208.25263,262.84092,-193.94628,208.95997,264.88554,18.76166,241.04042,262.53366,-90.54749,243.21609,264.13505,-31.2988,227.03594,212.72149,-262.18774,224.72508,207.22003,147.00435,172.76574,292.92028,-432.84851,171.81716,283.38777,177.60396,94.24964,364.42009,-458.84362,109.16334,333.12649,-21.16471,68.00488,372.04672,-517.82665,87.08476,334.78633,-41.02263,63.05246,366.88474,-491.07454,84.39415,335.27762,-81.02619,73.76449,363.04215,-449.63945,92.9027,334.77435,-45.7039,388.86897,71.44358,-141.6958,380.99552,74.95899,141.52057,461.15757,201.53967,-53.22962,453.64754,200.86628,203.91432,538.76875,332.18334,27.55225,520.15514,308.90058,325.24654,565.38442,356.04416,24.42124,546.05116,333.9014,331.67985,481.21817,359.17779,-112.67382,468.06725,344.41267,234.45354
127,downdog,standard,217.57413,246.51841,-95.69214,202.29862,245.44854,-123.34415,201.62194,243.66098,-123.63646,201.06197,241.77334,-123.62573,202.57662,246.51452,-83.2472,202.22837,245.43647,-83.68715,201.87492,244.20512,-83.82866,199.48261,227.84938,-192.66656,199.70243,229.84005,-10.13888,226.65211,237.84053,-111.96099,228.46238,240.09951,-61.24856,222.84912,191.12941,-256.09333,225.06255,191.40316,99.57602,167.3134,249.32893,-404.19411,166.38142,244.52,104.28799,95.87559,300.62405,-424.89704,104.90602,289.53886,-76.26842,74.37761,305.89765,-476.08968,88.84676,291.74121,-97.63684,69.79743,302.31126,-455.85407,83.95203,291.59033,-130.58387,77.59649,300.68389,-418.62007,90.17887,290.64028,-98.08474,373.09011,73.85911,-120.8345,369.54713,83.52602,120.68879,442.93823,179.44491,-42.67681,437.75077,182.66407,160.75639,517.44001,280.37301,28.94503,503.46341,268.37524,256.68558,533.50566,295.88836,27.21677,519.64525,284.89187,261.68833,468.84139,305.67497,-95.07368,459.93541,295.87638,172.18738
129,downdog,standard,1702.78113,1669.68805,221.84337,1763.03418,1691.50545,116.53984,1782.59332,1680.52313,114.7062,1799.16193,1668.51887,115.24496,1710.21955,1711.84759,44.8929,1695.18772,1716.98613,42.28112,1680.47428,1722.73084,41.76061,1810.27885,1597.48865,-116.84049,1660.88415,1679.27656,-465.00158,1706.90805,1593.04314,222.60106,1654.54725,1617.01993,104.66256,1920.54407,1258.95448,26.5644,1465.93589,1509.52486,-308.63178,2192.53346,1691.76819,554.81571,1681.31886,2026.78718,-843.41606,2573.55035,2043.53626,223.08212,2064.99005,2471.96869,-1047.03922,2713.69476,2072.69687,182.22481,2113.24736,2598.95247,-1299.42229,2672.88214,2115.01119,-3.63967,2200.86616,2548.85594,-1205.94678,2604.62839,2108.15205,153.28304,2192.22241,2483.40084,-1036.92134,1287.51943,288.98765,192.22478,1056.76614,415.50282,-194.75247,1110.54772,857.40224,1476.04374,772.85249,1009.85093,802.25475,973.74268,1166.59123,2697.85711,488.1561,1411.28389,1804.13982,895.05994,1173.78575,2789.92544,376.37586,1464.35203,1884.02804,1121.24257,1370.60155,2433.46922,742.46406,1634.55752,1474.89717
13,downdog,nonstandard,192.07983,456.99671,4.79959,180.86345,462.70646,-15.89976,178.73609,461.73871,-16.16231,176.51016,460.88852,-16.14994,182.59957,463.32531,14.80355,181.70947,462.82563,14.34607,180.54214,462.48779,14.18772,167.38285,450.64114,-71.14284,170.37417,452.04073,68.758,193.0975,445.00131,-8.066,195.30475,445.28089,30.5859,169.69992,401.0446,-115.83084,179.18271,410.91744,135.14146,128.42624,475.85152,-216.94162,143.10391,474.13364,127.33768,70.02681,536.75227,-207.80122,100.22716,523.13097,-5.68235,50.51787,539.64995,-238.01281,84.14297,524.01781,-19.02331,47.70276,538.00475,-220.73729,78.91171,525.49854,-41.68274,54.94478,537.46443,-201.10609,83.05436,525.7567,-21.31895,286.78563,290.21194,-88.47651,291.82273,302.21412,88.33575,379.74483,398.79262,-62.27376,381.68842,397.73062,54.50948,453.57463,503.33422,-53.60561,449.91815,499.93053,92.18059,473.78018,516.53996,-58.53075,468.12814,512.66942,92.71533,414.70486,540.06379,-121.90946,413.85919,535.65063,44.79146
132,downdog,standard,1157.53909,1344.70195,-177.92959,1131.60426,1354.74955,-234.09369,1124.94669,1352.25002,-234.83917,1118.62753,1349.75345,-234.74885,1140.83664,1356.43775,-136.52298,1140.48925,1355.1151,-137.61328,1140.10094,1353.93188,-137.91908,1091.30677,1322.157,-369.69345,1118.16969,1329.64466,78.44781,1155.96291,1314.06552,-205.42012,1165.26051,1315.69166,-81.13051,1083.32351,1211.46799,-486.73255,1119.64048,1214.23739,342.78304,948.96434,1376.65235,-888.2651,979.64451,1352.75602,394.00852,781.90599,1513.60157,-920.4314,830.71004,1475.10457,-76.4884,725.71287,1519.80143,-1031.89942,782.73796,1478.50274,-118.35159,716.65235,1514.37385,-965.25203,775.31556,1478.699,-206.42587,737.52956,1513.45897,-894.41547,791.97739,1481.05338,-131.90991,1458.47846,914.32662,-292.98849,1455.92841,924.27231,292.6247,1647.6294,1194.11489,-78.9883,1639.80588,1191.67434,383.6491,1833.46133,1470.62163,103.56268,1792.55069,1430.66316,684.47663,1882.52171,1511.31619,98.0794,1843.13736,1480.5439,701.54026,1694.96006,1531.35006,-187.67804,1676.48412,1500.96622,491.15454
133,downdog,standard,200.71354,338.85616,-4.7464,187.14191,342.38299,-28.10215,185.43665,340.6607,-28.39669,184.14742,339.05342,-28.36242,188.71276,343.49224,5.44876,187.91546,342.56467,4.98542,187.13173,341.53702,4.85124,178.86409,326.67599,-94.20424,180.74198,328.50891,58.26864,205.60859,328.28209,-21.28809,206.63715,329.87309,20.97092,188.29581,285.90933,-146.06421,188.35322,284.46091,132.59342,136.70154,349.27479,-258.48249,140.86405,341.53858,130.90176,69.63673,395.25152,-235.06454,83.78245,386.7308,-31.213,50.53241,398.60255,-265.80649,68.39572,387.46564,-45.21293,45.09464,396.53742,-245.2556,64.20953,387.18246,-72.86877,52.48451,395.81903,-226.39061,69.62682,387.0102,-49.72135,329.55015,177.46204,-94.12835,329.95227,184.01873,93.99129,414.77986,281.26011,-44.31699,414.28347,280.98377,110.20703,501.00577,377.18216,-5.88195,493.17147,373.37491,177.36806,522.63478,394.46327,-8.48574,513.13926,387.6554,179.56139,458.6231,411.56181,-84.1533,450.61151,402.09069,116.1184
134,downdog,standard,257.47147,205.7052,7.55671,264.01334,209.2023,11.13788,265.08342,208.60758,10.96667,266.14537,207.86654,10.96984,264.11173,209.0913,-4.2286,265.3107,208.36696,-4.41087,266.72104,207.38201,-4.4973,271.28251,201.68669,29.57564,272.53999,200.64353,-40.27903,256.35816,199.13893,19.55998,257.00266,198.91919,-2.26737,266.94574,176.40457,53.99678,267.56656,175.43702,-51.62809,291.62707,208.81553,72.40758,291.59978,214.09536,-120.40202,321.43764,233.42175,3.60274,324.00747,239.4296,-106.17062,330.85562,235.30213,2.86858,334.08926,242.75966,-123.28886,332.97632,235.09564,-13.49749,336.71325,240.8773,-109.43936,329.4952,234.86444,-3.81791,333.38556,239.94372,-101.93032,199.66577,113.70369,37.70761,197.57127,109.37206,-37.90148,159.64534,164.63894,47.79526,158.23347,162.50291,-29.55535,128.06391,220.71613,76.84565,123.84985,222.48855,-6.22033,116.17434,229.41193,76.5973,112.56537,230.55153,-6.13193,151.09275,235.53791,42.11335,149.14618,238.27191,-45.61544
135,downdog,standard,400.04709,242.85087,9.60948,410.74088,249.10988,14.61071,413.77603,248.59366,14.26585,416.64523,248.08512,14.27728,410.37463,249.58682,-10.39103,412.94163,249.65817,-10.76572,415.86909,249.56074,-10.95836,427.49508,238.34161,50.61773,428.65124,238.42475,-63.93436,400.93884,232.00297,33.60482,401.10835,233.21443,-2.5761,430.36339,194.2389,101.12479,436.13259,201.70995,-63.61908,482.74094,237.42501,182.68614,506.15913,257.14643,-189.83444,526.24007,265.83675,101.28595,573.73747,302.47647,-174.72051,544.40913,269.38596,110.25911,597.65822,305.7445,-204.67318,549.87019,271.29703,77.94671,601.02636,303.28519,-180.2408,544.78052,273.18918,89.42622,592.87602,302.2992,-167.1634,322.3977,67.93197,65.89435,317.78354,67.90386,-66.36365,248.1247,176.61519,107.80853,239.14211,179.32059,-64.21924,190.93584,265.11478,182.99164,160.19631,284.99618,-38.63664,170.47137,287.21679,185.76258,137.79274,299.59379,-38.82343,226.87742,293.29654,144.23163,210.30577,303.27288,-98.09082
137,downdog,standard,242.55232,258.23947,-86.90895,224.75821,263.69873,-122.50896,222.3603,262.00886,-122.83175,220.36411,260.35052,-122.88526,226.08282,264.31071,-72.2588,224.40093,262.99752,-72.73702,222.55629,261.57327,-72.89932,212.65135,245.19294,-219.80755,212.85604,245.7179,10.072,245.87368,243.67121,-112.16942,246.63295,244.97924,-48.05591,229.00728,185.11248,-299.27701,221.55308,187.68366,131.24711,152.80655,262.11938,-458.29805,161.63068,258.33753,154.96157,74.03801,320.8335,-456.34206,81.45292,312.34278,-19.69571,50.34219,322.85633,-506.89571,59.30065,314.68626,-40.80725,43.9531,320.40078,-487.01694,54.73034,312.87683,-76.82585,51.7498,318.85949,-448.92208,61.82237,310.65528,-43.9035,367.22737,43.3727,-150.82912,365.68302,56.72223,150.61838,473.59774,163.65678,-101.3948,471.58606,166.70037,169.56493,564.24739,289.12995,-43.6897,559.4842,287.55526,272.25852,592.82024,311.02674,-48.29532,586.44493,307.48443,277.34783,509.8395,326.15042,-175.65813,507.14859,322.42269,193.62173
139,downdog,standard,250.46956,218.03071,-47.69673,238.81963,220.6111,-74.47054,237.36509,219.45804,-74.65628,236.07098,218.2654,-74.69054,239.37967,221.10986,-38.82589,238.22873,220.34484,-39.17141,237.00908,219.57513,-39.26066,229.36674,207.07943,-145.12178,228.29441,208.83532,17.50863,253.66852,206.72245,-65.59648,254.87924,207.86355,-20.14568,242.29756,169.26398,-198.55458,242.96445,164.97338,105.6379,193.83216,226.92334,-322.41968,191.21156,220.48183,120.92935,133.99121,274.89907,-338.59588,140.27194,259.54505,-3.74567,118.55205,282.15669,-378.50015,125.02831,264.06055,-16.28075,114.14045,280.09558,-360.8287,122.54724,264.91354,-42.10617,120.18947,278.35203,-332.73743,128.00019,263.60636,-20.16963,349.78975,57.84573,-110.34202,349.12154,55.19664,110.21889,418.25297,156.50086,-60.7488,417.49501,153.4676,160.29018,480.66113,250.15977,-44.53097,466.47256,237.59863,238.82623,500.78688,267.62061,-50.93012,480.87927,250.14546,243.75759,434.92233,281.60074,-150.34046,427.64092,269.47967,186.59677
140,downdog,standard,440.10695,694.5936,2.0648,461.27576,714.06584,-49.406,470.77006,713.89483,-50.24226,480.49115,713.5494,-50.05179,434.86862,712.7547,-61.12856,425.30581,711.4379,-62.15176,415.15286,709.84588,-62.40683,503.93618,687.49348,-195.37079,401.88511,680.87292,-254.88894,454.05574,660.77017,-20.6884,422.88548,665.64211,-43.74602,556.71259,563.03157,-169.11956,314.84165,581.14885,-244.82742,594.42619,750.33884,-65.27767,276.90527,798.9418,-469.31042,638.63461,940.32198,-283.51617,271.44476,1017.46026,-618.27325,672.88156,980.02543,-351.55336,252.49601,1068.21679,-738.42777,639.62656,988.99289,-411.44826,291.88917,1068.29056,-710.82697,621.26611,974.0728,-313.3941,306.01297,1050.34921,-620.25482,418.48095,138.60596,23.96162,277.07551,174.45085,-24.84153,401.32525,269.20893,654.61887,235.86585,354.30351,505.52405,307.86905,417.89987,1218.77757,149.87922,513.71965,943.80148,268.07454,410.94302,1265.73403,166.01909,527.63432,977.30192,392.99885,580.93297,1095.52609,197.98777,618.53951,776.42965
141,downdog,standard,735.83351,514.50537,-12.93129,713.25676,530.54498,-65.76872,708.65837,529.43373,-66.17059,703.31512,528.09511,-66.1037,713.94318,532.20494,2.01798,710.07629,532.12327,1.08001,705.2655,532.14636,0.80759,667.55417,506.28322,-198.73325,671.38084,509.05353,107.80968,731.13449,487.66088,-46.08317,732.43294,489.81733,38.96245,652.28958,393.17365,-243.09441,659.10515,401.22148,187.75581,520.14534,518.81475,-340.63713,540.15785,513.40562,143.36454,367.50965,596.66443,-266.65857,382.3534,591.07274,-35.76335,340.28145,595.25737,-306.21494,339.52148,591.9637,-76.32131,336.99982,591.38228,-301.14838,351.3522,588.44121,-101.54817,347.54951,596.54985,-263.81433,357.96326,592.93355,-58.06962,839.48914,68.86965,-164.04314,837.65015,90.02942,163.52541,994.99229,317.97159,-67.38099,989.56116,318.94819,159.31529,1184.98154,541.76176,50.65192,1157.72079,528.98346,273.56152,1237.7388,571.92451,53.01262,1204.75266,555.95253,280.99773,1088.96667,626.63908,-92.8669,1074.28757,609.1649,166.57623
142,downdog,standard,1069.22523,918.19147,471.27544,1043.85086,927.12061,331.31855,1048.47641,928.71866,330.20042,1054.785,931.86047,330.70961,1031.00113,899.96401,391.74629,1027.61063,883.3786,389.73415,1024.6743,868.52509,389.56089,1074.8613,899.43586,-90.61098,1035.78468,818.80663,179.78571,1112.33261,895.08791,365.15877,1098.94699,867.32723,435.52666,1264.95827,875.68296,-316.04568,1165.1387,602.44698,369.3784,1079.75937,1148.79375,-296.2785,1012.85225,762.60807,945.24055,807.46704,1338.68408,-137.19271,809.45213,832.73369,1448.99338,740.62401,1387.2036,-234.48845,749.25659,816.81467,1484.09866,712.28767,1340.66689,-231.05824,745.12589,838.54162,1397.67563,734.76471,1315.32967,-134.60093,775.6369,854.9299,1417.25159,2020.13687,416.373,-246.18198,1925.8403,246.45687,244.03706,2239.85626,820.94261,764.1188,2159.07028,758.40563,1061.91086,2395.89157,1166.50795,1606.81168,2383.7912,1009.7628,1584.45236,2456.03302,1182.60796,1695.70831,2376.10916,1080.96748,1642.37167,2234.27078,1283.4898,1694.7583,2203.65814,1191.47987,1616.6275
143,downdog,standard,317.96861,326.58911,-41.4708,299.83797,331.59331,-77.75108,297.59793,330.23428,-78.06894,295.45956,328.68823,-78.06419,301.89612,332.17141,-26.29271,301.15099,331.3538,-26.81619,300.35529,330.42236,-26.95812,284.63814,313.07061,-173.24584,288.50729,315.73825,64.35702,322.66021,313.09415,-63.95102,324.31998,314.2274,2.24438,290.77184,266.65062,-240.29286,295.34371,264.10769,199.57384,225.85516,356.48041,-430.1044,238.08675,345.5736,262.33485,144.95788,458.32034,-451.71785,169.3272,410.16645,70.59955,115.35342,459.49184,-512.37254,143.34762,413.62113,58.32851,112.10515,453.09128,-480.28288,139.11564,415.45463,9.04727,122.98899,451.73658,-439.97893,149.88122,413.97673,43.01716,449.04976,87.07971,-159.26774,433.59232,95.60666,158.9556,515.37871,252.92988,-89.5106,495.56708,250.44759,233.61166,593.30416,428.97659,-51.36371,554.73394,389.27211,385.34091,621.6486,452.16848,-59.62116,577.27923,403.93538,395.9537,518.2065,464.11786,-218.44707,492.524,425.27134,303.51276
144,downdog,standard,906.77352,495.11487,-57.37144,933.26912,500.27193,-32.66304,936.51109,497.87521,-33.23276,939.88529,495.01451,-33.16914,933.28145,498.83941,-101.05745,936.87875,495.42917,-101.71975,941.50203,491.09859,-102.0921,956.29242,468.46105,81.22895,960.28794,463.05303,-231.00276,900.69843,471.04465,3.00487,902.40666,469.44608,-93.31445,931.10575,374.56325,225.88407,926.32495,375.54525,-309.34679,1030.21789,500.14619,298.61548,1032.54306,514.98816,-624.0035,1140.42911,606.77211,2.90639,1158.19414,636.15163,-626.46998,1176.0947,623.4236,-6.83304,1199.85225,653.4932,-719.19641,1181.5389,623.16282,-81.10682,1207.91541,648.31591,-655.20445,1168.17495,618.08846,-33.09673,1193.96703,641.31348,-608.16512,677.8943,150.63811,186.10145,669.5812,145.78014,-186.69915,573.2336,403.59603,257.47057,564.88436,401.86924,-146.93858,469.27451,603.21425,404.32322,464.39337,612.83037,-19.04366,442.81196,639.29491,405.66178,435.03561,644.8965,-16.19694,575.26219,646.93086,238.2724,567.68245,652.59478,-207.26844
145,downdog,standard,421.48511,313.57496,0.05235,435.455,314.69865,6.24673,436.94674,313.11869,5.88292,438.25613,311.52808,5.81092,435.69623,315.13556,-23.45502,437.41203,313.90591,-23.84893,439.19641,312.69931,-24.11711,444.96955,297.41523,45.59788,445.67139,298.49737,-90.11906,416.40565,302.47215,24.56429,417.78306,303.60406,-17.60252,429.30305,249.19867,92.01946,433.48017,256.09946,-96.9371,494.70715,299.79795,163.20212,508.49473,313.49209,-228.75876,556.32174,333.50869,84.32483,589.53182,358.75375,-216.79862,577.36678,334.83997,94.59664,615.53753,359.32695,-248.42648,580.93077,335.03031,61.59402,618.70811,356.84872,-224.05792,574.25692,336.40361,71.86371,611.01653,356.97933,-209.36225,306.90342,111.54122,79.06584,298.57409,102.87318,-79.45317,228.02532,227.26887,120.13436,220.50754,225.6614,-66.85021,153.60388,329.07251,156.7905,134.30009,341.04761,-62.75084,138.54848,341.82652,155.65719,110.47596,356.31299,-64.44179,173.58397,362.26295,111.36215,158.14867,368.97178,-124.07233
146,downdog,standard,281.66147,393.91855,-22.04623,265.37309,397.48955,-47.06234,263.71073,396.07353,-47.40127,262.51545,394.59205,-47.34842,266.58308,398.17425,-9.77185,265.57935,397.39658,-10.39072,264.64043,396.54265,-10.58298,259.02711,377.28697,-109.32382,258.99671,379.33435,59.61068,289.16702,380.19335,-35.211,290.81815,381.45633,11.14905,278.86916,323.73058,-147.28786,277.32047,320.62522,133.97716,208.74345,405.73751,-261.15817,202.98791,393.3721,143.59891,110.61576,474.17633,-251.98582,126.09484,448.45032,10.96789,84.23964,477.85906,-290.6126,102.77178,445.20909,-4.52374,77.19441,471.63541,-273.28131,101.34231,445.09645,-33.35725,88.56889,470.91583,-245.97984,108.57611,447.40972,-7.62853,422.52269,153.43647,-102.38546,415.66165,154.28469,102.13385,537.62947,285.19813,-38.19828,525.32783,278.1615,95.63782,628.64592,437.4052,-15.52879,608.52171,410.7111,148.6929,661.67522,465.20358,-20.31837,630.63081,431.20792,150.85461,567.86723,479.17638,-104.80534,552.10979,436.79558,87.73518
147,downdog,standard,305.35498,286.56831,-28.33958,293.94161,290.94476,-54.23305,292.60214,289.9904,-54.52545,291.24454,289.25695,-54.51795,293.91285,290.86338,-15.83495,292.70557,289.88593,-16.2235,291.40137,289.09935,-16.30548,281.80119,277.01147,-122.76738,283.39176,277.02083,52.79793,308.06293,275.48226,-45.50033,307.70519,276.01008,3.25648,282.51736,236.85185,-178.86843,282.96789,232.84945,137.33792,216.37409,283.1698,-301.15356,221.59664,275.30636,141.90112,143.81453,307.50017,-296.23646,155.53465,298.3783,0.03702,123.29056,311.96671,-330.67467,134.03272,301.44155,-15.69762,121.53881,308.55713,-315.79132,134.26935,299.29094,-42.84464,128.49973,307.12305,-290.17115,140.85005,298.91018,-18.51934,374.19994,89.51096,-111.64546,373.34091,89.25099,111.43146,457.01962,198.0555,-45.76046,455.86327,194.90265,118.74804,541.05946,286.79121,-4.36161,531.66027,279.22249,193.76453,558.75683,297.87003,-8.73452,550.53955,294.33989,196.1204,490.74165,314.94515,-113.75183,489.30981,307.30395,118.86269
148,downdog,standard,358.15682,403.93978,-214.03738,355.84063,395.57981,-231.87372,357.00229,394.73641,-232.09669,358.2017,393.94702,-232.07891,354.48164,395.4593,-207.37989,354.64095,394.59252,-207.64275,354.81641,393.78644,-207.69414,366.56809,386.87622,-269.8334,363.165,387.05145,-157.70939,367.69314,405.88994,-222.19185,365.01458,405.52539,-191.22607,401.66548,388.63399,-310.59747,382.86834,381.71149,-63.00159,370.85842,435.74938,-389.60073,348.80474,423.64489,-42.32184,319.48907,471.21446,-439.54534,306.61695,466.27837,-118.77985,303.22004,476.05488,-487.58549,289.19912,467.82525,-134.45312,299.01737,471.25395,-482.87944,287.81624,465.08421,-160.12,305.20483,469.7851,-440.8028,293.49393,464.45849,-133.84408,501.4964,311.2353,-86.62834,478.93381,311.30539,86.53752,557.94386,382.04901,-50.3038,540.54176,384.25986,121.33027,618.98265,436.43963,24.14425,593.22646,433.75682,209.22908,629.98922,441.89098,28.73837,606.64368,439.54852,216.22877,617.29924,466.48603,-43.24636,595.78813,460.86096,164.35179
149,downdog,standard,264.55212,292.29937,7.26357,253.247,292.85659,-12.21916,252.5098,291.45317,-12.49478,251.76473,290.01018,-12.45292,253.56539,293.75324,17.28898,253.21518,293.00846,16.81766,252.73323,292.2554,16.69744,247.25883,276.79287,-67.17793,248.08333,279.1379,67.1965,270.91134,282.76693,-6.25489,272.72943,284.08512,30.73044,261.41111,236.55695,-93.64889,266.37756,237.56947,112.68215,207.69759,301.5036,-156.01325,213.24837,292.65596,103.29258,145.76146,347.96545,-116.08922,156.00047,340.6277,-24.04025,125.9294,352.52376,-139.35806,140.28508,344.76784,-38.60544,122.18774,350.91869,-128.48768,137.99151,344.02288,-61.11444,129.52774,349.07419,-111.05307,142.37005,342.49911,-38.99325,381.40394,106.81926,-76.62831,381.25088,112.85824,76.44546,458.98552,216.99658,-40.41879,454.30545,214.11592,68.79007,535.76366,321.91948,-17.26881,521.3361,312.57497,120.52162,559.37688,340.73656,-20.90353,541.22815,328.29545,123.03612,484.48687,351.17838,-87.6063,473.10476,345.19038,77.23023
150,downdog,standard,269.05262,317.97358,6.37102,254.0377,319.4972,-18.46773,253.08705,318.06566,-18.80817,252.28513,316.54819,-18.75938,253.85365,319.23439,12.34739,252.60145,317.73812,11.79356,251.34575,316.17305,11.62379,247.80924,301.45432,-84.43952,247.37665,302.08437,55.94764,277.8674,307.2306,-7.91575,277.76518,307.36677,30.52705,266.80871,260.67156,-108.28125,269.24105,249.93498,116.36773,195.62407,329.16546,-191.08326,194.47472,311.01124,129.85517,99.29448,371.57906,-147.29416,120.72191,346.98024,-7.6095,75.57667,376.92227,-175.18054,102.42648,344.44357,-17.04321,71.75249,372.27756,-155.65599,100.07785,342.62026,-45.61978,80.61125,370.20083,-138.95226,105.31479,344.20544,-24.26171,429.70227,102.52176,-83.79215,422.05117,100.52882,83.58042,518.23432,212.6331,-1.35771,512.42811,217.00192,144.31275,588.10546,341.91113,99.26101,569.98561,326.26557,235.93831,608.3493,360.55114,103.41123,589.50884,342.50571,241.6386,523.79466,367.21352,36.75124,515.86556,358.06926,185.70991
151,downdog,standard,303.84656,284.65195,-11.71908,312.33944,285.58788,-3.46346,313.16868,284.75235,-3.69387,313.82144,283.9386,-3.68708,312.40131,285.11665,-27.25247,313.18915,284.01864,-27.52682,313.98571,282.83198,-27.65396,316.48704,274.57337,32.64546,316.97369,272.78185,-75.70734,300.16379,277.36635,8.24165,300.73699,276.71146,-25.29027,300.14277,244.37318,82.93805,300.66501,250.17562,-103.93937,328.24891,289.0883,122.08036,328.11602,299.42718,-216.60823,361.63854,322.10789,12.11572,368.45324,332.77998,-211.42048,375.37088,324.55146,15.08934,384.87152,336.39028,-243.57494,378.12606,324.2069,-15.3275,387.03098,333.08926,-219.62317,373.25451,324.56443,-1.13645,381.41379,332.1692,-203.89767,201.78647,174.10002,62.38842,199.5545,173.71893,-62.55662,143.52974,246.02003,80.74478,136.56997,247.41693,-56.1067,95.23712,306.70331,120.47127,81.70548,316.10398,-43.57817,81.14901,320.27879,120.15126,68.19168,327.69775,-46.42048,129.64026,331.36072,84.48117,111.42517,338.28397,-99.95111
152,downdog,standard,362.86534,372.43229,-29.89959,348.8685,372.68554,-63.79075,348.046,370.97541,-64.12098,347.34728,369.06151,-64.16797,348.35849,372.47364,-16.634,346.97106,370.66841,-17.2431,345.27303,368.68695,-17.41505,342.89486,351.18136,-152.58431,339.11902,351.34521,61.42406,370.44623,360.08152,-51.74471,371.87289,361.85018,7.53197,379.76928,300.68503,-228.58191,373.34818,288.81325,170.44488,303.57391,385.16749,-360.94211,287.31749,375.63228,168.64839,193.1703,449.03207,-354.57152,190.98544,426.42509,-0.43318,160.13407,457.52224,-406.56966,158.16928,431.81031,-21.53276,154.54981,453.42658,-386.90694,156.47399,433.39328,-54.80109,167.03413,450.56201,-348.30245,168.71598,431.8525,-22.83785,568.22008,101.37938,-147.22483,561.67566,106.08111,147.08791,684.13068,263.20086,-81.64608,681.07728,263.24216,127.11121,794.73885,419.02508,-24.71311,784.55778,412.94269,212.00344,832.05839,446.98873,-26.67009,817.28335,436.26222,216.90274,717.83942,462.5548,-128.17977,717.87264,457.36079,143.68578
154,downdog,standard,316.1473,480.25018,-58.19985,324.28023,487.60213,-49.72174,327.05859,487.33969,-49.94469,329.36217,486.86704,-49.9163,323.99668,487.60063,-79.58007,326.65397,487.40312,-79.85949,329.19338,486.96098,-80.00388,340.50702,479.73489,1.6588,341.85599,478.89275,-136.54652,318.84558,469.67464,-30.00484,319.16302,470.22389,-72.47366,346.97371,441.43913,77.50786,346.68646,442.95378,-161.10992,388.56817,486.39417,140.51192,384.87288,498.70786,-293.14435,438.14117,519.50721,24.91745,441.39931,542.01105,-285.39675,456.26087,522.4878,23.82471,459.49863,547.18945,-323.62642,458.06599,522.76587,-10.95262,463.93377,544.46101,-298.10357,452.19645,523.61613,9.26638,458.22226,542.6814,-277.58871,244.4546,349.59646,92.63852,233.49266,345.01499,-92.88497,180.56531,433.91663,139.46243,172.78706,434.05684,-83.80021,128.68506,502.96064,232.20501,106.60486,514.489,-34.10326,109.13647,520.13515,236.31975,92.70034,527.88575,-33.40807,160.39404,529.14305,175.0397,147.04462,538.74419,-115.59001
155,downdog,standard,356.61247,265.18687,-32.67495,367.22803,274.38301,-23.97697,369.55064,273.68231,-24.28528,371.73314,272.83096,-24.28989,366.72151,274.42216,-60.76412,368.77847,273.87802,-61.10186,371.00165,273.20684,-61.31001,381.31397,264.21886,29.68021,382.28282,263.9052,-138.4536,358.36205,253.3452,-2.02253,358.58635,253.87032,-53.5835,380.69559,215.33526,107.15225,387.64927,215.98705,-172.47841,419.67745,279.79542,153.40775,431.8581,290.51432,-295.99674,467.75336,324.62211,0.41047,496.00647,338.4057,-246.89778,490.15967,328.38924,-1.5499,518.16289,344.95896,-282.77076,494.44106,327.08554,-40.89346,521.10472,341.04832,-256.91013,488.50951,327.33378,-17.89444,514.52763,339.26718,-237.97219,269.40176,71.09308,104.40823,269.45516,68.73635,-104.79272,202.9555,192.94102,138.17279,203.13973,191.62713,-78.97141,137.18103,301.55816,207.75023,134.2218,307.29145,-37.70828,120.32659,323.73028,208.89309,117.30637,327.32408,-38.3188,188.11278,333.56112,135.19136,187.29576,339.27729,-130.02446
156,downdog,standard,384.1806,268.7496,-17.75036,373.72681,274.42612,-38.80406,371.93272,273.48084,-39.05627,370.34393,272.59767,-39.05883,375.33554,275.03622,-7.20151,374.60075,274.55988,-7.51704,373.78441,274.26177,-7.58778,364.60815,263.75861,-98.70278,366.65356,264.76235,45.45648,383.91972,258.74176,-33.31023,385.96348,259.73486,6.86792,368.14274,226.31748,-157.23648,368.33225,227.47527,122.76464,336.26022,284.41155,-249.14932,342.09511,284.34733,142.06983,288.33502,321.70846,-202.55945,300.52952,317.45388,21.18643,273.70117,323.98922,-227.04807,285.32003,318.86002,16.19521,270.91732,321.85929,-207.32,284.16889,318.04952,-9.1248,276.99594,320.32665,-193.0686,288.73596,316.92179,5.38624,449.65446,117.33691,-94.8444,449.54052,125.39985,94.68307,511.40091,201.93021,-30.26244,508.59291,204.38456,129.15041,566.15112,286.28371,8.7297,557.93713,282.75886,184.62658,583.33435,297.99548,6.30006,575.59155,295.1141,186.24022,526.62018,306.91095,-60.45374,523.08758,303.93351,137.22058
157,downdog,standard,446.66781,1075.95133,6.40593,465.00279,1086.50454,15.31906,467.81495,1084.63083,14.91805,470.20769,1082.51493,14.99147,464.42326,1087.9866,-30.87596,466.99878,1087.23446,-31.42788,469.3513,1086.39768,-31.64145,482.30389,1067.56517,77.24761,481.4486,1070.22092,-134.88971,446.89867,1055.31473,47.49119,447.50934,1057.48722,-18.62208,475.74582,983.84515,203.2553,475.86998,1009.16308,-156.07267,551.10805,1064.39963,346.28767,546.62025,1108.30381,-360.59036,623.17153,1085.74393,141.53742,661.93848,1173.94882,-335.98514,654.09133,1091.81764,148.50738,694.91973,1180.62711,-396.04072,654.69401,1096.25247,81.43492,703.71996,1176.53415,-349.12946,645.8375,1097.70223,113.91896,691.1017,1172.87999,-320.74534,298.05887,811.53522,136.22876,296.13601,826.03625,-136.74571,198.41014,971.07668,206.21779,191.04106,983.42384,-94.20197,103.04397,1087.36147,377.71042,91.01957,1106.38062,34.29313,75.09706,1101.26894,385.06582,59.94141,1122.07284,39.45686,157.46402,1129.86488,305.44568,147.06813,1148.13076,-60.2798
158,downdog,standard,88.49274,119.58499,-36.6674,93.37936,122.61085,-30.34316,94.505,122.45029,-30.46081,95.45705,122.39861,-30.42881,93.48761,122.37611,-47.23526,94.66692,122.1062,-47.38091,95.78551,121.94211,-47.46625,100.92443,118.594,1.00194,101.83604,118.2292,-76.48972,89.49894,114.91614,-20.83027,89.69359,114.86176,-44.45975,103.32793,100.81852,44.70438,102.70587,100.75327,-98.92349,126.2359,123.42519,71.39395,128.3935,124.66209,-178.1666,151.25836,138.50909,9.92089,154.68641,143.19293,-182.58478,158.62783,139.76496,8.71946,161.88328,144.93994,-204.68596,160.09289,139.7703,-8.71285,164.7262,143.81651,-190.95413,157.36438,140.12047,1.57826,161.5575,143.55451,-178.53456,59.30121,43.56471,51.81559,56.93526,43.1918,-51.97521,33.52394,88.29124,81.60189,31.51617,87.98435,-12.23825,6.75544,126.48729,138.64328,5.60268,127.49488,35.93888,2.56859,131.38385,141.82429,1.00359,132.34373,38.2055,24.90491,138.01358,110.27386,23.28696,139.12401,-2.79233
160,downdog,standard,901.369,701.24155,-155.27021,931.27632,709.86169,-131.83281,934.71785,707.47297,-132.5006,938.04646,705.14717,-132.51146,932.33805,708.16879,-211.70876,936.54213,704.69157,-212.46574,941.17947,700.90778,-212.92665,958.28323,676.74794,-10.81175,963.34038,669.01202,-375.59545,895.46776,676.65664,-89.26211,897.17865,675.32766,-201.18318,927.54097,590.01571,142.51916,937.38308,561.20921,-438.88769,1046.85478,702.65937,236.05471,1081.81152,701.09033,-793.19038,1206.78329,775.35764,-60.28782,1235.71815,784.96816,-810.91537,1240.82365,783.03965,-65.18435,1282.24459,798.05954,-911.42168,1249.06187,780.06116,-147.73014,1290.91721,791.51532,-848.87428,1238.11836,780.27445,-98.26458,1275.27161,788.54134,-793.89524,667.72399,331.69146,217.91372,656.30379,301.16374,-218.56792,486.54289,539.20029,239.54203,481.28343,534.74364,-188.84003,292.29119,737.16255,312.35704,284.73692,739.60991,-132.60374,252.33903,765.23895,305.54748,239.59627,770.9806,-138.07516,399.30823,799.37768,136.51794,391.19775,806.36542,-340.52472
161,downdog,standard,1330.52636,1195.46089,-72.94548,1390.82612,1210.7593,-14.77433,1397.32292,1204.79443,-15.89972,1404.43533,1196.48027,-15.94776,1389.14445,1210.44992,-184.38021,1394.27628,1205.09705,-185.89752,1400.5126,1197.19983,-186.79928,1436.40872,1139.53004,246.78728,1439.28595,1139.77994,-530.08355,1320.93268,1138.89835,63.04222,1321.69649,1139.9242,-173.90344,1398.9285,929.02497,588.89508,1393.27239,963.11415,-721.17524,1606.04005,1174.52389,863.18729,1606.20761,1244.72054,-1371.57021,1822.47302,1353.27382,273.36225,1874.83106,1486.55483,-1334.75863,1898.68377,1374.07351,276.69458,1955.30364,1514.3381,-1523.38406,1913.77316,1378.13123,102.33808,1981.7792,1503.09249,-1390.72325,1881.39295,1375.11732,192.77702,1952.85074,1489.33652,-1291.55179,878.60205,448.3195,464.30857,854.43881,467.37837,-465.62251,510.62655,887.11089,596.89989,494.78707,910.512,-372.43328,231.69581,1321.90501,931.93461,216.20496,1354.9135,-174.53766,150.73037,1391.7581,939.66853,127.98082,1425.86727,-174.7001,445.24833,1425.68216,620.76765,429.86452,1460.43761,-567.46677
165,downdog,standard,359.00503,678.80237,-37.70354,335.98926,686.9812,-90.57371,334.12179,685.16076,-91.09754,332.38571,682.90162,-91.05539,335.77645,687.43843,-21.50047,334.02112,685.89234,-22.37116,332.0767,684.06606,-22.65528,319.86596,659.32274,-234.17678,319.60595,660.11649,79.89537,369.75691,657.54557,-73.42254,370.74642,658.41639,13.70021,342.64185,582.60202,-339.05035,337.16733,570.78797,234.54458,255.82599,727.30166,-576.38589,254.62389,702.00866,241.15518,158.48373,859.49683,-584.18834,178.08888,802.15269,-53.73733,118.96075,869.21024,-660.0413,138.97307,807.14315,-87.04544,113.79021,859.89511,-619.82524,134.94502,812.52629,-142.13126,131.03325,857.98955,-568.85111,151.13917,813.4166,-89.79519,626.31297,355.7063,-193.76137,611.57611,358.74784,193.48832,764.48008,574.19348,-43.37188,764.08169,572.55065,278.44781,865.89056,783.85627,116.44676,850.09781,766.10857,483.3907,901.02339,821.37132,118.92301,878.93146,801.65136,496.77564,776.89505,835.33126,-43.52059,761.59868,813.58504,371.81479
166,downdog,standard,337.12299,458.73445,-124.9125,314.51602,449.24582,-168.37715,312.91334,445.56063,-168.81154,311.7167,441.93569,-168.8552,316.25473,450.88978,-104.58882,315.62224,448.41044,-105.26984,314.8617,445.7589,-105.44313,314.86486,418.37544,-282.4449,315.44095,421.59068,7.43964,351.49609,446.10767,-153.38031,355.75404,449.48594,-72.82009,357.81309,371.60766,-378.47144,363.0445,368.72661,164.93943,248.27291,468.37279,-548.43605,257.39127,458.40127,145.51067,135.97064,539.69789,-545.35452,154.98885,530.53925,-98.4449,102.32788,550.54699,-617.55137,125.92172,538.70307,-127.12449,98.4379,546.18565,-591.5443,122.13618,536.81484,-173.59805,108.93604,543.30267,-537.2728,129.17832,535.06538,-129.54129,554.42687,134.76929,-192.85183,547.13244,147.03752,192.62528,690.74784,325.95793,-135.41289,680.30364,332.5917,200.47627,807.81559,517.85895,-100.54362,788.24962,497.31592,321.29621,842.86616,547.64806,-109.85858,819.69783,524.74939,326.93719,711.23536,553.06373,-297.99165,703.74271,531.7306,200.11432
167,downdog,standard,421.82135,653.39535,-5.80709,440.03012,657.47421,6.37914,442.65588,655.50034,5.98222,444.69039,653.79872,6.04613,439.34087,657.48013,-32.76993,441.61366,655.44023,-33.2059,443.833,653.38504,-33.40739,453.62247,637.27123,62.86452,454.83871,635.18516,-115.26209,418.56027,640.08475,26.64672,419.20646,640.5515,-28.74585,442.43543,577.28529,131.65542,450.85565,578.30175,-143.72758,508.43979,637.04166,183.01604,525.74464,648.43139,-294.34919,589.88346,668.11409,-6.1372,608.50628,681.49779,-247.89579,612.02509,673.90416,-10.03376,634.1775,688.69049,-292.24307,617.79435,672.6132,-55.57972,641.01172,683.68272,-262.57339,609.00947,670.18301,-26.66954,631.62446,680.94578,-238.72194,297.95459,420.67627,100.77659,301.12723,417.76005,-101.16129,213.06049,547.66255,127.14823,211.56639,548.58275,-99.89781,122.71876,650.54478,225.95216,117.6923,659.25768,-42.79549,99.3339,664.03647,227.60572,91.46297,670.81982,-43.05428,177.70645,680.67858,151.97232,173.99005,688.33225,-133.70551
168,downdog,standard,369.9218,361.91044,-16.28629,355.74529,368.52703,-36.85962,354.18196,367.84361,-37.16964,352.72486,366.98704,-37.09856,356.97055,368.70036,-2.36833,356.21698,368.32574,-2.89542,355.21691,367.8471,-3.05261,347.32215,354.2346,-91.67574,348.57414,355.1697,66.19617,375.97795,349.80126,-28.21025,376.98357,351.21528,15.30413,360.80952,302.33419,-123.08331,362.01358,304.45669,140.71224,305.7265,374.25065,-242.42015,307.54583,371.4735,154.63805,239.94863,452.60372,-229.67694,254.67229,439.81004,-15.30128,210.75501,456.42489,-265.18569,232.45237,440.33493,-30.24134,208.56454,455.34194,-241.17815,231.03385,442.73065,-61.76701,220.85407,454.76921,-219.76089,240.90657,443.66591,-34.98032,508.99429,172.84634,-92.67076,510.37493,180.33974,92.48717,573.86122,313.81525,-41.98315,574.18699,305.7571,104.83748,653.45793,433.04662,12.38149,641.32128,409.10122,189.51169,670.91732,451.2336,10.45019,659.71446,430.10278,194.62514,606.05397,458.79968,-75.27622,599.04408,437.98953,130.08374
170,downdog,standard,879.05312,821.5819,-20.29141,916.88862,834.51192,-4.14786,923.3758,830.14838,-5.11549,929.24604,825.46412,-5.14367,913.5478,835.8939,-79.21072,917.44461,833.00585,-80.2048,921.76991,829.49186,-80.70678,956.82497,789.21184,93.54999,952.0155,791.93327,-249.4066,872.52178,789.8082,42.39111,872.37549,791.4255,-64.88287,929.38471,661.11587,184.65594,918.56689,660.22619,-260.00867,1072.58415,824.69745,296.83993,1099.01848,849.91456,-595.66936,1265.71321,933.49017,26.07524,1301.31979,960.23549,-511.94043,1311.90796,947.16327,24.59289,1363.03921,982.15675,-596.61384,1321.60206,944.82667,-52.92205,1373.98148,972.449,-536.66201,1308.61378,944.25251,-7.18204,1355.71985,966.61921,-495.05796,624.3875,254.10791,176.06853,597.74461,231.19453,-177.20273,470.17756,559.21496,293.01467,438.56592,559.38572,-7.73418,356.59895,874.96282,493.02111,330.84881,899.58905,109.75345,320.27678,925.03009,500.81673,292.06338,944.672,114.5987,505.89848,956.09079,369.36822,485.99844,972.66676,-43.49693
171,downdog,standard,488.18302,372.99281,-71.55975,505.16381,369.65081,-55.87474,507.1445,367.38227,-56.20587,508.55713,365.09779,-56.22758,504.74844,370.01127,-109.15563,506.56691,367.9007,-109.59998,508.05798,365.57707,-109.9256,512.46715,347.61148,25.32364,511.94253,348.43072,-219.12293,481.25916,360.43788,-30.04015,482.02944,360.76514,-104.28996,481.63233,296.90909,138.83882,476.48115,310.20147,-302.52175,535.87937,386.99045,191.53299,528.24311,406.46601,-534.1485,612.16984,458.68252,43.45119,621.63558,479.84396,-586.93933,640.37228,466.02029,42.49435,654.53191,487.14378,-663.08317,648.40908,466.68491,-12.98864,662.04863,483.3705,-626.72191,638.04684,464.59041,17.37861,651.31755,479.47971,-579.35686,345.41306,124.54215,165.6885,338.5457,123.19228,-165.9462,253.16427,286.53841,210.6101,245.82946,289.30113,-149.84287,169.84723,420.22617,280.24926,150.82636,435.06912,-104.66681,146.62073,441.59217,278.28882,123.81065,456.91924,-106.70155,228.73869,470.86395,145.46834,217.88282,482.8662,-264.95261
172,downdog,standard,901.99445,722.62751,-172.83833,935.45782,748.46468,-142.39912,943.18288,746.31001,-143.1242,949.51332,744.0897,-143.09607,933.78507,749.70312,-248.35705,940.9213,748.42926,-249.24562,947.67562,747.03519,-249.73166,977.63879,719.41122,30.33537,981.11396,719.0295,-457.74011,911.12589,689.21564,-80.17238,911.1602,691.9728,-229.18475,983.40176,577.83737,273.61557,996.06091,586.77326,-560.06189,1108.15065,734.69684,403.97011,1132.01857,769.5812,-957.5752,1247.65911,860.13468,-41.56652,1280.04245,904.91137,-889.68522,1299.71841,869.60406,-60.593,1327.36853,911.99406,-1010.50599,1306.53454,871.19393,-171.80364,1336.3566,908.93916,-932.38149,1287.53675,872.02276,-95.71635,1319.98967,905.51355,-864.88388,654.33592,250.06266,309.88043,640.41516,248.16252,-310.80195,480.20202,548.31233,455.03178,470.75787,551.24972,-161.16997,330.6885,796.95094,788.1148,311.5774,826.22738,71.95305,282.64256,852.68089,804.24621,264.08031,866.44494,79.06148,452.32965,874.59323,587.68412,442.4301,891.02451,-198.08508
173,downdog,standard,451.35201,312.31563,-51.93316,465.33724,319.6656,-36.08802,468.22609,318.27325,-36.41223,470.9127,316.72982,-36.43251,465.28255,319.69879,-83.43317,468.16886,318.31144,-83.83619,471.49012,316.64382,-84.07684,482.99152,303.333,40.36346,484.95687,302.37603,-176.46377,449.83574,297.54901,-12.29277,450.61633,297.51546,-78.43565,470.20317,245.43443,138.99574,472.3973,245.70102,-228.65088,527.93127,318.15787,193.0664,525.4539,329.79002,-416.59071,596.13193,369.93129,0.69932,602.31018,387.46695,-408.86124,619.08445,373.89834,-4.73184,625.74085,392.79604,-464.53475,622.70341,374.85082,-53.14579,631.51455,390.1226,-428.42139,613.95117,374.35411,-22.73803,623.39774,387.6094,-397.76978,319.69691,101.45824,133.46587,315.4529,91.78735,-133.78927,227.3457,223.02317,160.85982,222.75497,221.84421,-96.04517,153.8627,341.89454,263.7669,142.89642,352.42594,-35.87298,128.93359,362.73589,266.66595,116.47516,371.99572,-36.42382,205.49897,378.70043,168.37546,200.69967,385.89424,-160.25249
174,downdog,standard,459.99331,285.90032,-52.35822,478.54046,287.27996,-34.10663,479.69347,285.04531,-34.49681,480.95321,282.36988,-34.54497,478.14405,287.4283,-83.67744,479.23204,285.40431,-84.15644,480.42286,283.08701,-84.45884,485.66377,262.04258,46.89999,484.20585,262.53153,-179.82159,450.59777,269.57112,-11.31293,450.92307,269.5821,-80.60304,445.27837,205.5936,137.01954,448.51444,211.87492,-233.20445,509.12001,287.00138,175.61766,511.26805,300.76575,-434.66845,570.33917,348.15035,-24.92044,592.70485,360.38082,-441.40491,594.49562,356.74333,-28.63095,620.48305,370.78856,-502.74227,599.50367,354.36512,-80.228,628.89502,364.63362,-462.39906,592.08931,352.17318,-49.67003,619.60191,360.88393,-429.74319,268.00343,66.31395,133.67468,258.00879,57.62572,-133.97839,163.12421,206.99577,182.88415,159.47554,204.57033,-92.03994,79.46353,337.7529,250.20476,75.43939,343.07521,-12.58984,55.24263,359.09445,248.74274,49.1945,364.47642,-10.7007,141.83429,371.48865,140.44521,140.95162,376.58095,-129.31097
175,downdog,standard,427.21786,427.68962,-59.55616,411.25635,430.8129,-92.48387,409.69979,429.04758,-92.80686,408.24543,427.47641,-92.80721,412.18693,431.87217,-46.61038,411.1086,430.65504,-47.0781,409.69734,429.65032,-47.21069,402.2482,413.09683,-184.12963,402.70071,414.46582,26.39301,432.98736,414.20443,-82.64702,433.45145,415.28526,-23.93069,423.76573,363.63697,-254.37909,424.64997,362.81785,144.35976,367.70098,448.81774,-410.60401,371.54202,431.28354,179.53352,290.30539,509.75958,-411.84696,315.22903,482.83447,-1.16018,265.68125,517.72551,-462.358,294.1367,488.57916,-11.69073,262.45108,514.23365,-436.3079,291.33614,489.89048,-54.07494,271.02059,511.96316,-401.88806,296.3299,489.12631,-26.03896,581.21706,242.69323,-136.58661,574.5027,256.53643,136.37956,660.35015,357.15634,-116.1305,650.40159,362.93406,209.70854,757.69668,476.4487,-114.50967,738.5124,452.91385,307.93605,786.36661,501.70793,-124.35425,761.21721,465.24281,312.94645,700.87322,509.49292,-251.95603,696.25752,489.70398,237.22275
177,downdog,standard,425.42896,552.15074,48.11716,407.75708,558.11852,17.70451,405.26178,556.23798,17.2565,403.03741,554.76869,17.2944,409.15295,558.88902,63.71517,407.75549,557.73564,63.00598,405.82172,556.82726,62.79543,395.17822,539.48387,-62.52715,396.76834,540.92834,147.90608,432.53915,537.68358,30.21607,434.00793,538.94366,88.05379,404.08456,483.4368,-121.83551,411.22162,476.35739,251.76671,338.048,588.79523,-263.5824,351.1593,566.98792,272.04324,228.52692,667.45775,-222.55267,286.599,612.87108,45.04885,199.26028,674.18651,-264.66577,259.3848,615.97797,27.51312,193.61472,670.05858,-237.09653,258.02496,615.23488,-15.42826,203.879,666.94533,-210.03073,263.51239,616.09387,18.65418,586.82074,278.06216,-133.05133,586.64874,278.58968,132.69087,707.2345,449.03893,-72.79156,703.15594,442.85143,124.06787,830.96881,608.99208,-30.88157,809.58557,584.93115,211.88615,867.26855,642.41034,-36.54965,838.74182,616.14752,215.49098,753.30774,651.62311,-149.44669,743.78162,627.9608,129.32452
179,downdog,standard,757.04549,692.62293,-93.38365,785.54594,698.86556,-67.39453,788.92371,695.91611,-68.04299,792.03478,692.72275,-68.04152,786.7861,697.64214,-151.48452,790.78942,694.02889,-152.2426,795.5442,689.35832,-152.73035,811.31632,661.91581,61.54233,815.77053,658.16413,-322.45511,748.53791,667.58136,-26.29886,750.41052,666.86862,-143.60582,776.6008,567.45074,203.29663,777.23471,561.86545,-403.46341,921.30969,679.6285,280.56947,931.97991,703.27865,-734.18881,1049.70553,772.19363,1.26858,1104.82065,804.28571,-753.04667,1083.2435,773.37222,-2.47759,1160.30918,819.31447,-852.47962,1097.97732,771.4198,-89.09305,1172.41684,809.00134,-799.01758,1083.09876,772.63382,-39.01684,1151.94324,805.93581,-739.93115,526.39454,265.29022,234.58638,519.45544,258.1649,-235.19432,345.54252,518.35625,287.27712,342.12635,518.77391,-209.59342,163.60065,732.23287,343.86897,153.05917,742.58422,-145.3202,117.74011,771.50998,334.70532,100.663,782.13907,-148.30609,273.93219,818.29446,142.25195,255.64376,824.7927,-363.40983
18,downdog,nonstandard,241.63041,361.39966,15.57137,224.21346,366.52207,-16.34206,221.17364,365.06066,-16.73897,218.14377,363.41175,-16.66182,225.87523,367.27992,20.7369,224.16348,366.58756,20.01057,222.15588,365.86926,19.74594,207.14252,346.19973,-95.49863,211.13269,348.67551,72.17852,246.74337,347.08825,-0.98209,248.64521,347.37958,45.00137,227.32389,298.29885,-136.59205,236.36694,290.08042,157.97631,177.18537,402.03831,-245.88757,185.73973,375.57088,159.73362,106.55763,488.63268,-212.84029,129.82919,448.41135,-14.05549,73.81022,498.36116,-249.37584,102.44415,452.15957,-31.1908,67.6693,490.86599,-227.71459,97.10417,455.03297,-62.58084,77.4323,489.05833,-203.32325,104.15223,457.91173,-34.35193,459.12747,169.10643,-92.94265,456.2149,169.99794,92.60802,591.11738,310.38001,-51.61101,587.36792,310.66067,114.02535,718.86568,440.29355,0.2377,700.86927,427.44212,194.77851,747.35703,463.86967,-1.09132,728.48606,449.08376,198.83896,660.30369,483.11019,-85.66138,648.56472,468.09189,126.69878
180,downdog,standard,604.56161,449.79029,-15.88385,580.30572,467.6922,-67.12277,574.91888,466.16509,-67.60883,569.88087,464.69204,-67.55092,583.05334,469.4711,-3.63346,579.57079,468.85183,-4.59553,575.77093,468.33816,-4.94467,540.28319,445.08314,-210.54826,545.67833,446.68346,79.50105,598.54596,425.84837,-51.08229,601.83721,426.90196,29.27004,519.77863,345.59297,-246.7005,535.06329,346.54931,175.63798,398.03885,492.1938,-412.68479,408.95183,465.93833,174.89521,251.34981,597.69719,-355.32457,273.11697,564.7401,-72.20556,213.46725,616.12756,-404.48066,231.63478,572.91069,-99.26595,202.58532,611.43938,-372.55204,225.69451,574.04585,-144.44152,217.72674,604.68184,-342.40251,237.40464,573.21123,-101.83901,775.97423,71.94617,-163.42156,772.49293,94.60504,163.04562,920.03317,333.20659,-47.4539,909.47185,336.17459,186.49912,1031.76134,572.32526,29.4728,1010.97479,556.80304,326.64231,1074.85671,602.36088,25.6001,1050.26157,586.47273,337.29758,932.71093,634.72139,-102.63476,918.0994,607.21387,256.38111
181,downdog,standard,1322.85574,1020.23805,-0.00696,1381.96674,1024.81224,21.53938,1386.79364,1019.47337,20.24312,1390.94039,1013.11151,20.09136,1379.61758,1024.08262,-92.22955,1383.24802,1018.91257,-93.75416,1386.83473,1013.13469,-94.47878,1402.97786,955.20475,148.95096,1398.42138,958.07739,-371.52101,1291.59614,975.30037,86.85438,1288.00577,972.96798,-75.2043,1303.35156,779.64059,335.16002,1288.32144,797.12585,-399.79501,1533.41964,1029.64786,505.13363,1519.22694,1072.70675,-866.87025,1740.35045,1220.9327,28.0903,1791.24608,1272.09984,-783.71281,1823.52805,1223.02995,34.12828,1874.02634,1280.73949,-918.23434,1840.95183,1228.1528,-104.10302,1896.26286,1268.20573,-814.98701,1807.6212,1225.64805,-31.67897,1864.08658,1262.01815,-751.79177,751.80018,239.60411,286.34484,710.92212,220.70375,-287.49654,474.04972,700.37358,492.0535,453.82118,701.86434,-44.95087,220.3438,1116.12696,774.47886,192.29619,1158.73562,140.34717,166.40906,1187.13097,778.84369,129.10393,1230.31747,141.14288,395.6415,1249.21267,567.21721,385.40408,1272.47439,-124.97535
182,downdog,standard,628.4375,507.32693,-59.02655,647.54077,519.59157,-35.56311,651.44043,518.19855,-35.96801,654.72498,516.35866,-35.92052,647.07214,519.30666,-104.18731,650.8158,517.875,-104.73814,654.44885,516.21423,-105.06475,669.56293,499.98857,72.29273,670.66913,499.99956,-241.40439,627.25616,487.05643,-3.53768,628.21063,487.76276,-99.06444,657.22876,425.22061,230.98488,661.82922,432.8405,-340.42068,729.74426,515.73468,348.07883,719.04132,553.55443,-593.45819,816.48657,586.40057,105.76249,821.54242,632.47142,-571.31543,846.6463,592.63939,104.01495,853.66101,637.82387,-650.61755,851.43915,593.62555,34.32957,861.52234,631.47679,-599.65942,840.1394,594.22536,72.74255,851.46643,629.17255,-554.8866,457.81335,252.84819,198.74156,448.14816,249.46241,-199.19006,345.46521,421.43129,225.19824,341.44678,427.12862,-142.50304,225.78569,577.6339,339.74158,221.27307,584.25659,-37.94297,201.20808,606.50734,340.62799,195.20056,610.3054,-36.1037,313.80771,609.45941,206.332,304.56323,621.98589,-191.87253
183,downdog,standard,531.50977,507.16773,-90.93433,509.57709,521.52919,-139.63394,505.40594,519.90966,-140.1209,501.39087,518.3589,-140.07903,510.68317,522.61867,-65.8401,507.73877,521.89843,-66.51033,504.39255,520.968,-66.70552,479.92896,503.7513,-277.69278,482.12775,503.97041,62.36316,531.60498,486.64542,-126.36807,532.31055,487.61114,-31.44329,477.97369,427.3178,-372.84012,475.09119,422.0227,232.29234,382.91153,529.73571,-636.31659,392.83493,512.8186,300.79779,261.6189,602.48162,-658.36505,283.49738,577.31414,31.41993,225.12537,608.99908,-732.36456,251.89597,580.54326,9.66965,217.71573,605.74102,-693.17487,249.00165,579.43232,-48.91391,230.24228,602.51964,-642.67358,258.29449,577.25426,-4.54034,682.07623,228.26222,-215.45255,676.17847,232.40517,215.09285,799.05225,395.82844,-107.06091,790.68652,394.08955,277.97852,897.5188,570.35579,-13.60944,875.84698,553.36809,456.04782,929.88806,597.20174,-19.70431,907.63831,582.87712,465.88632,807.50952,611.47034,-198.93362,800.06494,595.80091,348.62808
184,downdog,standard,492.01346,378.42011,-23.80927,471.65527,385.88223,-58.59551,468.27909,383.58086,-59.04677,465.10499,381.25321,-58.9282,472.21768,386.93851,-7.499,469.59928,385.52657,-8.32326,466.874,384.22874,-8.58232,447.59923,359.73737,-145.86362,449.2893,361.3089,86.36352,492.53756,357.70205,-43.11458,493.21819,359.9169,20.87435,455.90463,270.93607,-170.73486,449.19961,282.38097,159.77665,363.10662,377.14416,-317.12171,362.79224,373.11369,177.45943,243.19961,438.77175,-299.43628,255.86141,421.2102,8.11255,200.36684,446.85271,-343.05996,211.28471,428.88781,-18.25998,194.64419,445.62677,-324.26362,207.73321,429.4903,-48.16403,208.97194,441.76403,-292.33561,222.12705,426.04053,-12.95244,635.81221,59.41133,-122.99997,632.57519,72.15308,122.60752,759.26377,244.03262,-7.11639,753.31832,242.14768,153.10068,871.4734,412.11671,98.9672,850.57544,388.18136,264.32087,909.03578,437.46442,100.54754,886.56459,417.11441,270.68864,794.77462,449.26032,-8.57666,788.23259,434.19862,180.38774
185,downdog,standard,417.04456,464.32956,-68.68044,433.82633,478.72136,-56.28,436.70551,478.12546,-56.72097,439.65575,477.62681,-56.74428,434.95263,479.08194,-112.70182,438.39099,478.86806,-113.15636,442.46874,478.55211,-113.49545,460.694,465.58246,22.46223,465.01262,465.71855,-233.81198,420.87081,445.18622,-25.75995,422.48997,446.08141,-103.77341,471.63855,386.4068,101.24443,470.48822,391.58896,-301.61975,580.73798,463.27245,112.04917,587.53282,474.12952,-497.8009,687.73777,525.80714,-25.50997,703.94994,537.92585,-489.95647,723.95404,529.15649,-31.45891,744.49135,540.63166,-542.55508,731.13616,529.77668,-74.81219,750.88273,537.81188,-520.93528,715.82197,528.66124,-46.81032,733.59234,536.71736,-485.89562,335.68305,167.72863,160.15676,340.52338,173.95103,-160.69827,207.63688,325.6576,157.83159,211.78028,334.27027,-139.29863,94.9756,485.14319,153.14934,92.80556,494.75124,-121.32823,59.66358,515.85766,146.13569,56.09335,523.32087,-121.59127,166.05515,534.33844,41.92813,167.0709,539.36195,-237.91182
186,downdog,standard,406.33487,262.81113,-29.77021,419.11837,262.72019,-11.95358,419.73759,261.19665,-12.24374,420.66486,259.493,-12.22363,419.60381,262.23718,-56.59521,420.67565,260.35437,-56.96481,422.11516,258.18368,-57.19645,425.66127,244.28317,59.39407,426.33729,243.06115,-143.95416,399.72903,252.45799,4.69077,400.33532,251.7519,-57.1585,400.63561,204.78862,137.81653,402.39163,203.04909,-214.25111,444.04171,266.82877,169.50845,446.68309,272.2965,-376.43874,503.27886,306.96671,10.60606,511.33181,309.96031,-362.82685,525.67101,311.12678,7.24595,537.22491,319.44309,-413.10578,532.79351,303.35604,-33.63751,543.35835,311.02662,-382.23748,524.56096,302.06259,-9.55465,534.10101,307.38445,-353.84275,272.89022,72.03869,122.86804,269.8957,66.89021,-123.10379,178.86751,175.39524,149.90548,179.06103,174.5269,-94.26089,100.23823,280.41364,213.67389,98.40931,284.39597,-37.226,83.62102,295.57702,213.48152,78.81994,300.30877,-36.74589,152.77476,308.53235,126.04014,151.13161,312.29367,-141.97104
188,downdog,standard,226.12961,213.23808,-2.61897,219.39558,219.50047,-17.26253,217.49736,218.93692,-17.45877,215.77798,218.31667,-17.39147,220.12951,219.97034,5.66059,218.94634,219.8736,5.26306,217.80258,219.79902,5.12312,204.05953,212.06515,-57.00632,207.21362,213.38844,47.92053,223.60619,204.06311,-11.11624,224.98256,204.76717,17.74374,191.99676,173.51329,-65.4314,202.58589,178.38092,87.28164,153.11357,236.94452,-135.78251,166.31824,237.7461,93.05747,99.70521,296.08581,-124.85995,117.06461,283.35513,-8.17608,81.89057,303.06613,-147.02014,105.06164,286.42924,-19.07403,79.27416,301.88471,-132.0021,102.10946,287.01539,-38.40764,86.36713,300.38434,-118.93088,106.31442,287.20408,-20.48096,295.16371,89.19655,-58.27177,301.11016,96.00743,58.08914,353.85619,190.3228,-27.73435,356.33136,187.12915,49.24618,413.04878,286.08202,-30.01991,402.60056,273.84948,87.51595,433.0684,300.72299,-34.4724,418.93124,287.40713,89.74328,371.56491,304.81191,-89.48836,366.35928,294.14347,48.14197
189,downdog,standard,542.10144,558.34162,25.1421,565.62626,563.69423,33.90741,569.63497,561.75432,33.30673,573.57073,559.25972,33.1879,564.69566,564.28485,-13.14121,567.98947,563.01203,-13.79265,571.43128,561.542,-14.15589,588.53185,537.25389,88.38288,587.44645,538.97709,-127.53282,540.02756,538.02572,62.11154,540.443,539.95579,-5.29771,564.88431,453.24155,152.15875,570.24956,457.17435,-125.69071,661.65322,561.53285,241.84464,694.59283,596.75426,-344.07958,778.35679,617.75538,50.33361,826.99841,661.48391,-297.1704,813.43508,619.82271,58.71418,863.80064,666.25122,-346.93861,819.15927,617.74308,2.65837,870.62758,657.88161,-305.83987,809.4334,622.13074,27.71936,857.51915,655.41011,-283.98141,360.8042,211.08949,116.22456,353.02776,199.74532,-116.90149,222.37699,416.63094,186.39198,207.69235,420.84789,-98.90442,104.15736,580.13445,255.78618,64.88165,617.92204,-108.51087,72.76043,611.33564,253.63067,23.46677,649.97187,-115.42962,180.34777,639.02326,171.41697,164.62722,656.13074,-225.88769
19,downdog,nonstandard,374.39305,245.95058,7.73743,385.56921,251.34597,12.60123,387.74087,249.8497,12.22508,389.59135,248.1359,12.1658,385.43043,251.74494,-15.19288,387.55723,250.64545,-15.60601,389.5888,249.44777,-15.80193,399.00583,235.52876,46.32246,400.24673,237.12978,-82.10984,373.66216,232.05972,31.39579,374.6811,233.55827,-8.87593,390.3666,180.16986,95.42104,397.04385,186.74167,-80.24816,442.44683,247.45297,162.14868,452.31692,276.23277,-225.02587,490.1501,301.51818,51.62437,512.94518,348.79661,-213.56041,512.44179,305.86081,57.80419,536.51263,357.56121,-248.06231,514.08031,307.91273,22.90753,539.01051,349.63872,-215.39013,506.95395,308.92758,37.83523,530.20015,348.16964,-202.94709,254.57681,59.84432,73.21545,248.45174,59.79532,-73.66197,187.75994,188.3044,155.97354,173.90296,195.09881,-49.14097,121.75162,281.88272,207.25022,92.26297,315.81583,-41.90446,111.40416,290.55786,206.66609,69.49322,336.20825,-45.45138,164.01034,319.38434,154.73688,150.15756,345.62583,-118.12999
191,downdog,standard,818.77354,525.27606,69.11396,843.88304,525.22689,82.60791,845.49415,522.81365,81.92217,846.73315,519.48003,81.97647,843.05397,525.11544,25.1946,844.29368,522.87266,24.36333,845.45678,519.93575,23.98958,851.22889,492.54216,159.43576,848.86032,494.2431,-103.30569,805.98056,507.34248,118.56438,806.22733,507.26939,36.11673,802.90425,411.0499,279.63421,805.0493,438.88106,-139.39713,896.62975,543.61732,419.26248,904.93566,589.66082,-389.52944,1005.12904,625.387,179.2863,1029.32194,680.85053,-329.94372,1048.75651,626.45159,189.29183,1085.53264,693.48097,-402.81183,1054.88867,625.26475,111.88742,1092.86812,680.84158,-350.03836,1038.98075,627.93466,147.62504,1070.9922,673.4274,-313.41364,539.455,140.11263,163.86696,530.00441,149.22303,-164.52593,370.48236,383.04567,268.09005,360.34481,395.06835,-131.16856,262.3039,603.45591,427.35457,229.71129,646.28029,-40.76587,228.67358,638.66951,429.24638,193.57561,677.74673,-40.52217,359.76007,682.10079,286.04179,335.634,709.00567,-205.95208
192,downdog,standard,355.77878,337.78458,-19.56799,373.41732,347.3536,-8.35309,375.8727,346.86652,-8.75906,378.2132,346.11587,-8.7347,374.07419,347.49584,-52.92634,376.9142,347.04794,-53.36186,380.12941,346.18765,-53.62295,394.76305,333.83573,55.37967,398.30661,332.54711,-147.38602,357.91873,321.87624,17.16308,359.55083,321.81916,-45.21957,404.16554,265.53542,135.91399,399.2296,269.59049,-185.6473,487.24884,342.50084,187.07541,485.95954,352.57434,-352.80667,561.58429,395.07324,21.46666,571.45903,409.80179,-323.60534,591.99674,398.8057,15.15013,603.24763,415.5286,-368.18598,598.44133,396.52169,-26.2754,608.79909,411.81108,-338.20834,587.02956,397.31205,1.42368,597.70632,409.97433,-314.36395,260.36078,86.49003,119.10576,252.81834,82.62374,-119.62766,163.63985,233.53111,150.85773,161.29988,235.08591,-79.00305,80.10371,363.07462,237.78073,76.31631,368.46098,-19.68195,60.0322,387.27271,239.47746,54.0829,392.31995,-18.40015,144.37627,398.92725,151.02137,138.93469,401.11553,-126.34177
193,downdog,standard,2785.42397,2639.73077,-333.97462,2870.08573,2689.51762,-247.36917,2886.32671,2679.93048,-249.22154,2901.41052,2670.20329,-249.28488,2872.35274,2693.07291,-518.76863,2889.37923,2685.8344,-520.97676,2907.98927,2675.9995,-522.36779,2973.56403,2589.0378,195.94408,2986.93845,2576.75468,-1046.02402,2779.14931,2546.93042,-106.00137,2782.83263,2546.02588,-485.19152,2907.34032,2241.93407,738.80746,2922.3679,2228.26875,-1354.4069,3212.08882,2703.87027,934.20699,3263.11505,2725.465,-2370.10188,3611.32645,3002.23788,-128.46309,3680.91302,3043.3699,-2301.65549,3743.30969,3028.86848,-171.79114,3809.93271,3080.52194,-2614.49755,3764.39561,3029.03709,-432.00395,3840.31368,3068.89383,-2433.65213,3719.62143,3018.44742,-256.72936,3801.7234,3055.80635,-2250.36058,2074.73903,1418.98692,793.03774,2046.43478,1389.16354,-794.98325,1547.16816,2175.71313,917.05805,1527.20087,2170.07027,-714.60079,1099.65051,2863.19724,1287.90424,1040.28324,2915.94527,-519.52644,991.65694,2972.59929,1279.26305,915.56533,3019.34601,-535.4804,1448.2029,3056.54744,655.89623,1387.33175,3073.56927,-1279.86037
196,downdog,standard,455.44421,764.68854,-74.07046,438.54352,770.41492,-106.6544,436.70844,769.59314,-107.08268,435.05762,768.77057,-107.04491,438.40359,770.46265,-55.44227,436.69089,769.79407,-56.0262,434.76471,769.11078,-56.16714,423.51849,753.89606,-190.62321,423.33478,754.98779,44.6227,459.60938,751.19958,-93.66731,460.22543,752.14087,-28.39698,424.51993,704.93799,-253.57355,426.24188,699.414,171.04251,358.6087,785.62238,-451.50302,359.84888,767.84985,200.55017,253.89166,835.97974,-484.22424,294.80933,810.64954,-13.90752,222.34137,838.77008,-542.16425,270.82733,811.99628,-33.86524,219.66125,833.71313,-516.02008,268.4726,810.9917,-76.33964,231.73236,834.297,-474.70343,274.9632,813.28149,-40.65566,586.53754,534.26685,-147.45813,578.36829,540.5752,147.16933,673.72339,674.9353,-75.3965,669.58429,677.80054,172.79932,774.73419,802.38831,4.72769,747.17212,780.36176,298.04938,799.82404,824.76862,1.55296,771.81854,803.35364,304.06189,716.6568,838.02612,-127.62522,703.11133,824.34393,213.6543
198,downdog,standard,793.16121,728.52749,-6.19332,760.18032,737.56421,-62.79636,757.33539,734.67827,-63.40376,754.72668,731.66454,-63.36781,762.21737,738.77162,13.62423,760.34224,736.66978,12.68535,758.08668,734.38072,12.41239,743.56654,703.0887,-217.48316,744.64604,705.65325,129.58445,804.27057,702.3437,-44.39208,806.2115,704.19389,51.92809,770.75377,615.66901,-335.9319,770.80885,606.95815,308.41624,676.52348,769.28055,-574.11651,682.89931,754.72361,313.21616,572.71184,918.87766,-538.51658,603.72868,870.81653,-54.05275,524.9484,924.23254,-613.63149,568.33854,872.61891,-87.17211,520.91633,916.48203,-566.44262,566.21428,876.07706,-154.28624,541.13379,915.42101,-518.69179,580.5468,876.87761,-96.89277,1086.21445,361.31814,-216.06005,1074.55489,362.82685,215.77692,1233.2949,605.12817,-44.65314,1234.22304,601.13567,315.33529,1350.32621,837.91602,142.34659,1335.54715,822.41553,523.0882,1397.2207,880.56189,145.68474,1372.36771,862.46324,534.96574,1259.30429,902.45241,-31.12583,1248.64134,881.88249,389.06854
199,downdog,standard,586.03582,550.49991,189.5169,559.6498,563.48296,132.47813,556.40397,562.83474,131.82217,553.12824,562.1341,131.96985,560.73017,562.51552,206.80704,558.72784,561.48667,205.97208,556.0689,560.47044,205.93431,539.25538,545.3439,-53.72106,542.56945,545.04864,288.58054,591.55192,534.82581,138.99436,594.1781,532.69712,233.72848,549.48964,466.85673,-214.42726,565.16762,425.73739,473.282,487.77285,620.00335,-475.13924,512.09888,523.29041,831.33421,355.38697,754.01131,-479.89902,429.82459,565.22622,911.84502,314.43682,773.72853,-555.6848,392.52496,571.12614,952.76556,303.161,762.02208,-500.42429,388.2555,579.26069,876.24235,318.30902,756.70169,-455.67336,400.18039,578.78074,879.0658,820.25776,212.66248,-226.15747,820.37239,174.0752,225.35784,972.05133,441.52031,-26.33558,968.54763,415.26969,414.78796,1116.07151,646.7568,195.31007,1093.4864,605.66743,592.01641,1147.40486,672.57745,209.164,1128.48606,637.43758,602.8151,1009.04722,696.71686,101.09966,1008.75835,666.56595,496.14263
2,downdog,nonstandard,688.71308,691.86135,8.99937,654.28524,700.36534,-39.95222,651.24338,697.75265,-40.59026,648.0163,694.73953,-40.54832,655.06228,701.36693,32.48855,652.40636,699.33702,31.42347,648.6946,696.9721,31.07036,636.40308,663.23403,-178.83222,635.88429,665.62896,151.64966,700.76555,662.66956,-24.4059,699.40242,665.6395,66.78223,678.61152,564.52097,-281.88019,670.55522,556.0946,306.6704,579.35032,731.11631,-521.85134,579.15325,709.74511,310.96414,430.11164,863.21559,-465.5033,452.41957,820.41445,-48.88762,380.43314,871.7075,-533.52205,410.99827,824.76508,-80.75918,370.80729,865.86657,-487.16749,404.32116,824.83165,-146.19857,388.72051,862.7955,-445.54713,419.36002,825.41353,-90.55429,999.81074,306.90333,-206.15412,986.27299,314.42594,205.88992,1181.04637,561.56684,-120.37985,1172.86522,559.11208,217.38281,1342.94017,803.44297,2.90152,1319.80765,783.09115,377.33341,1390.5458,841.88634,-0.49622,1356.11125,818.10684,384.93763,1235.27927,855.75405,-181.92769,1214.39112,838.99968,240.40841
20,downdog,nonstandard,617.27577,499.3305,16.82731,637.304,508.97371,19.52448,640.83992,508.03845,18.86905,644.39789,506.71319,18.90357,636.90666,508.60974,-24.45863,640.24384,507.54943,-25.16023,644.14421,506.17013,-25.41907,659.82559,488.44103,65.11813,660.07492,486.90904,-136.98443,617.89001,478.0808,55.91053,617.78851,477.75391,-8.12127,681.03432,373.64008,145.56303,649.04144,410.3118,-98.19102,759.15436,460.94899,303.11499,736.32889,532.72782,-303.67619,858.06686,513.18169,115.9036,862.89612,592.60284,-258.24991,894.20166,517.39434,124.94822,898.33344,609.07491,-311.51199,896.99982,523.6375,61.16266,906.06476,600.75032,-261.06113,885.57022,527.79071,92.28206,893.9093,594.01699,-241.35059,428.21907,163.96946,97.87105,402.50935,180.77338,-98.77746,329.98535,338.06451,282.21958,306.63568,361.06426,54.69756,236.33413,497.48321,487.76222,209.19413,538.54478,228.08895,219.82027,521.81565,499.18217,189.83116,562.6154,238.73081,310.14999,540.5143,430.73322,294.91077,563.38054,161.93617
201,downdog,standard,137.89788,145.14934,-33.6586,128.54309,147.62786,-52.78281,127.25405,146.62062,-52.97104,126.13009,145.57608,-52.97137,129.34369,148.09574,-25.18292,128.60948,147.46134,-25.44498,127.78548,146.77629,-25.51704,121.60805,137.60278,-107.44648,122.47231,138.34137,19.84944,139.10795,137.66076,-47.62205,140.19893,138.46931,-12.14088,127.2008,109.83244,-151.11669,128.46877,107.85355,92.485,88.74907,150.53285,-251.52724,93.28637,141.76433,122.40347,49.3748,184.71309,-258.47858,59.66359,170.59546,15.10213,36.47924,187.6271,-289.09021,48.51471,171.83387,7.45299,34.383,186.11153,-273.65217,47.00816,171.78081,-18.7264,39.19795,184.62187,-252.55858,50.78792,171.30282,-0.0996,213.38168,33.56634,-88.61519,211.40521,37.47656,88.5031,269.57714,100.96286,-61.1135,263.99989,101.03702,127.04176,316.71995,168.58949,-41.43559,302.98048,160.13384,192.98542,331.13644,179.76696,-46.05229,316.16303,171.25922,196.13363,283.13507,190.16903,-123.7376,273.02664,180.68036,148.00551
202,downdog,standard,1657.98766,1726.33377,440.50746,1715.94007,1721.65353,486.32657,1719.76937,1712.13617,484.90432,1723.58406,1702.76045,484.64391,1715.59471,1726.01699,284.37304,1719.86321,1720.62555,282.49017,1724.32496,1715.39321,281.32328,1737.17986,1645.49146,693.36341,1734.79647,1661.83681,-242.66472,1632.38234,1679.83513,564.79979,1632.87712,1684.71274,280.91448,1668.21178,1416.49552,1125.0532,1656.78151,1520.94864,-607.10317,1900.604,1675.42927,2154.19426,1896.97541,1879.91822,-1417.59687,2139.72466,1744.60076,2436.6745,2274.95414,2061.89961,-1432.05155,2215.51057,1754.55971,2635.92952,2386.45025,2098.03948,-1652.05221,2233.24753,1765.76767,2394.43611,2412.25691,2064.6128,-1490.99605,2208.02996,1771.01955,2359.86347,2363.35328,2037.12681,-1384.42329,1066.66698,815.00892,699.60913,1028.7745,841.23351,-700.84004,732.11294,1391.82038,1182.24216,672.59172,1427.92293,-742.51863,449.15872,1834.74258,1660.28102,281.20661,1970.83158,-505.92765,369.30215,1908.69641,1680.83898,176.44124,2041.81594,-498.00419,654.45203,1976.13125,1405.0335,559.67626,2069.18602,-908.54926
206,downdog,standard,257.92181,297.4382,-50.19116,251.4875,297.87566,-67.91453,250.94339,296.54894,-68.07131,250.47729,295.19654,-68.06765,251.5088,298.46633,-42.45291,251.08026,297.55473,-42.71151,250.51318,296.53916,-42.79734,247.93651,286.60032,-115.62145,247.53298,287.26885,0.18263,262.68317,290.68138,-62.73656,262.92532,291.33346,-30.41297,260.83874,259.50601,-166.48631,259.05201,258.91727,68.06677,236.76305,303.21283,-260.2219,234.08728,297.60376,68.06917,200.90378,337.22772,-271.47086,202.54932,333.71234,-31.53641,190.70014,344.01993,-302.76861,192.50035,339.05911,-43.34994,187.00814,342.16734,-290.46438,190.38588,339.45892,-62.31712,190.73892,341.10918,-267.61855,193.32454,339.23182,-44.4931,347.40924,199.56622,-76.05108,345.50764,205.40475,75.93644,389.39717,266.70796,-43.04839,385.9502,268.17095,84.18923,429.06818,335.1536,-15.25108,423.81649,331.67283,127.19323,441.66118,346.76873,-17.45957,434.81211,342.40684,128.82968,410.60087,357.41787,-89.18306,406.20467,354.03016,75.89917
207,downdog,standard,427.65112,521.06279,-95.4629,400.30117,519.13124,-149.10244,398.80983,515.23684,-149.70627,397.78647,511.07049,-149.7623,401.29423,520.63536,-64.99189,400.59028,517.57442,-65.78297,399.81519,514.08967,-65.99698,394.64307,482.80193,-306.55228,394.61946,485.1276,77.32281,445.37208,500.96393,-138.16646,447.57063,502.80773,-31.12887,436.6102,399.67484,-470.95617,440.78196,402.48569,284.25445,312.29517,521.1818,-751.9161,325.17847,514.82988,310.93272,178.89118,594.29016,-742.73965,199.46011,585.0367,-36.08994,141.99946,600.82808,-830.08196,163.92721,588.27184,-68.84089,132.19546,594.30629,-789.02378,160.111,583.24616,-136.92244,145.30348,589.80223,-726.64025,170.54844,579.31474,-80.44226,688.02102,173.37896,-261.86893,690.57112,185.94363,261.54791,866.49477,369.99494,-143.17978,863.68182,373.79339,318.85611,1006.01506,568.42552,-52.73807,989.95171,557.66344,495.10428,1051.27859,603.07744,-61.803,1031.78566,588.87236,502.45618,901.07009,620.4594,-282.13883,893.68236,609.87334,349.9074
208,downdog,standard,245.1791,357.04245,15.17897,230.75851,355.02686,-11.7004,230.03313,353.67496,-11.9631,229.60056,352.37955,-11.99495,230.74537,355.30643,20.19752,229.77652,354.06598,19.67892,228.794,352.7738,19.53239,226.84822,338.89544,-83.63315,224.4174,338.65614,60.07009,251.88602,347.37001,-2.81434,253.07034,348.25424,36.93665,254.08134,300.22385,-121.10529,248.90343,292.94249,117.66968,191.81774,367.36513,-171.50023,181.28902,362.22593,113.9427,107.78215,416.5444,-112.25169,99.11066,397.44982,6.58003,86.20661,420.81365,-135.63875,79.32007,401.10723,-3.88882,81.75327,419.04485,-122.0705,77.5993,403.14703,-24.30255,87.93146,417.59583,-106.27651,84.14474,402.29404,-6.90996,404.28379,139.07115,-87.84639,401.60023,142.83364,87.68624,497.61959,267.42396,-42.87763,495.9053,268.8297,95.92626,585.05421,390.54508,0.41082,577.25914,384.96142,142.93101,610.84045,416.0527,0.99513,597.09541,406.88272,146.37812,523.15399,430.38051,-47.60304,519.99218,424.07018,111.43737
209,downdog,standard,2785.42397,2639.73077,-333.97462,2870.08573,2689.51762,-247.36917,2886.32671,2679.93048,-249.22154,2901.41052,2670.20329,-249.28488,2872.35274,2693.07291,-518.76863,2889.37923,2685.8344,-520.97676,2907.98927,2675.9995,-522.36779,2973.56403,2589.0378,195.94408,2986.93845,2576.75468,-1046.02402,2779.14931,2546.93042,-106.00137,2782.83263,2546.02588,-485.19152,2907.34032,2241.93407,738.80746,2922.3679,2228.26875,-1354.4069,3212.08882,2703.87027,934.20699,3263.11505,2725.465,-2370.10188,3611.32645,3002.23788,-128.46309,3680.91302,3043.3699,-2301.65549,3743.30969,3028.86848,-171.79114,3809.93271,3080.52194,-2614.49755,3764.39561,3029.03709,-432.00395,3840.31368,3068.89383,-2433.65213,3719.62143,3018.44742,-256.72936,3801.7234,3055.80635,-2250.36058,2074.73903,1418.98692,793.03774,2046.43478,1389.16354,-794.98325,1547.16816,2175.71313,917.05805,1527.20087,2170.07027,-714.60079,1099.65051,2863.19724,1287.90424,1040.28324,2915.94527,-519.52644,991.65694,2972.59929,1279.26305,915.56533,3019.34601,-535.4804,1448.2029,3056.54744,655.89623,1387.33175,3073.56927,-1279.86037
210,downdog,standard,137.89788,145.14934,-33.6586,128.54309,147.62786,-52.78281,127.25405,146.62062,-52.97104,126.13009,145.57608,-52.97137,129.34369,148.09574,-25.18292,128.60948,147.46134,-25.44498,127.78548,146.77629,-25.51704,121.60805,137.60278,-107.44648,122.47231,138.34137,19.84944,139.10795,137.66076,-47.62205,140.19893,138.46931,-12.14088,127.2008,109.83244,-151.11669,128.46877,107.85355,92.485,88.74907,150.53285,-251.52724,93.28637,141.76433,122.40347,49.3748,184.71309,-258.47858,59.66359,170.59546,15.10213,36.47924,187.6271,-289.09021,48.51471,171.83387,7.45299,34.383,186.11153,-273.65217,47.00816,171.78081,-18.7264,39.19795,184.62187,-252.55858,50.78792,171.30282,-0.0996,213.38168,33.56634,-88.61519,211.40521,37.47656,88.5031,269.57714,100.96286,-61.1135,263.99989,101.03702,127.04176,316.71995,168.58949,-41.43559,302.98048,160.13384,192.98542,331.13644,179.76696,-46.05229,316.16303,171.25922,196.13363,283.13507,190.16903,-123.7376,273.02664,180.68036,148.00551
211,downdog,standard,562.57751,482.48129,8.39612,545.25148,485.40134,-23.34264,543.71216,483.75047,-23.78771,542.9037,481.83228,-23.75163,545.15343,485.13033,23.27905,543.47675,483.51929,22.56301,542.1602,481.70757,22.34318,540.03178,461.82459,-113.92148,539.27081,462.61205,97.77136,571.25019,467.22128,-13.36675,571.32832,466.45138,44.95554,571.75086,412.73214,-172.23786,558.82726,400.04388,186.80804,496.47728,519.34673,-313.22047,485.88431,501.84804,180.47814,399.40121,611.92427,-268.63376,407.48764,592.4156,-37.57599,368.91051,618.60915,-315.13713,380.65082,598.0479,-53.83851,363.35091,613.41365,-282.74823,378.00685,598.4486,-96.80809,374.50641,612.36823,-255.46554,387.32982,598.51039,-63.85526,774.6289,209.1813,-129.83518,760.42706,208.24778,129.63008,884.05651,389.79685,-53.21358,871.86643,388.90709,128.33614,955.51587,578.33482,48.22763,940.99992,564.25004,223.91618,983.36832,607.21672,49.46146,963.58297,591.70677,229.26026,876.08704,609.24983,-51.03254,863.29814,591.53656,146.15671
212,downdog,standard,787.84839,774.0332,-53.93801,767.28479,792.05489,-104.244,760.93766,790.41695,-104.88867,755.57271,789.12614,-104.6995,770.08397,794.49184,-29.14718,765.44649,794.73916,-30.1634,760.93484,795.18981,-30.47732,723.35793,772.86569,-235.52822,727.50033,777.00376,111.92479,778.58437,746.86253,-80.98463,782.31691,750.46518,15.06488,706.49739,689.05177,-292.20016,698.50306,673.05403,304.81838,582.53367,838.08055,-587.39741,613.5366,794.44654,417.20574,435.27079,977.38589,-629.38043,500.9622,872.94794,119.95205,386.24537,993.16848,-715.19984,464.62628,876.0736,104.48691,378.27531,982.53236,-660.48773,459.05287,877.29787,29.68664,394.56266,980.33952,-608.09442,468.38035,879.65136,78.877,1017.17261,446.34252,-218.86254,996.0457,452.52507,218.4043,1184.96606,674.53146,-104.17382,1159.6182,664.80175,321.38919,1321.87321,899.88814,-11.76088,1272.77396,851.52738,489.07824,1364.33298,943.59985,-17.98266,1308.44638,884.88523,496.71324,1215.86423,950.79595,-183.89933,1187.3777,921.88768,376.75495
213,downdog,standard,254.57209,324.60654,-36.71758,239.3539,320.39621,-72.43964,238.76726,318.48901,-72.76224,238.43462,316.63229,-72.85138,240.17123,320.43581,-18.04016,240.00249,318.51385,-18.50021,239.82164,316.66469,-18.59738,241.05328,299.16383,-178.78422,240.53754,299.57102,69.70939,267.72031,315.32828,-65.89662,269.30126,316.63289,3.58154,282.18946,266.47174,-288.83848,277.87147,252.83189,208.42121,206.21635,347.94274,-437.0983,212.1077,337.7567,231.55639,112.76003,407.11394,-405.05994,135.17159,398.0668,29.87645,84.56021,412.3373,-460.33027,106.44799,402.53696,15.73475,80.25612,407.75471,-432.19529,101.85472,400.9878,-27.96441,90.99171,405.33303,-393.63137,107.3363,400.13434,2.84811,434.4897,107.37221,-173.2014,427.88037,103.00605,173.0203,516.76088,243.44241,-105.87675,521.24933,235.86156,199.04892,606.92729,376.92442,-34.39283,600.63902,369.55314,313.7539,639.29069,403.46692,-38.43566,631.02002,397.09131,319.81558,538.90038,412.24201,-173.7639,537.63887,407.32933,226.73172
215,downdog,standard,1657.98766,1726.33377,440.50746,1715.94007,1721.65353,486.32657,1719.76937,1712.13617,484.90432,1723.58406,1702.76045,484.64391,1715.59471,1726.01699,284.37304,1719.86321,1720.62555,282.49017,1724.32496,1715.39321,281.32328,1737.17986,1645.49146,693.36341,1734.79647,1661.83681,-242.66472,1632.38234,1679.83513,564.79979,1632.87712,1684.71274,280.91448,1668.21178,1416.49552,1125.0532,1656.78151,1520.94864,-607.10317,1900.604,1675.42927,2154.19426,1896.97541,1879.91822,-1417.59687,2139.72466,1744.60076,2436.6745,2274.95414,2061.89961,-1432.05155,2215.51057,1754.55971,2635.92952,2386.45025,2098.03948,-1652.05221,2233.24753,1765.76767,2394.43611,2412.25691,2064.6128,-1490.99605,2208.02996,1771.01955,2359.86347,2363.35328,2037.12681,-1384.42329,1066.66698,815.00892,699.60913,1028.7745,841.23351,-700.84004,732.11294,1391.82038,1182.24216,672.59172,1427.92293,-742.51863,449.15872,1834.74258,1660.28102,281.20661,1970.83158,-505.92765,369.30215,1908.69641,1680.83898,176.44124,2041.81594,-498.00419,654.45203,1976.13125,1405.0335,559.67626,2069.18602,-908.54926
217,downdog,standard,427.65112,521.06279,-95.4629,400.30117,519.13124,-149.10244,398.80983,515.23684,-149.70627,397.78647,511.07049,-149.7623,401.29423,520.63536,-64.99189,400.59028,517.57442,-65.78297,399.81519,514.08967,-65.99698,394.64307,482.80193,-306.55228,394.61946,485.1276,77.32281,445.37208,500.96393,-138.16646,447.57063,502.80773,-31.12887,436.6102,399.67484,-470.95617,440.78196,402.48569,284.25445,312.29517,521.1818,-751.9161,325.17847,514.82988,310.93272,178.89118,594.29016,-742.73965,199.46011,585.0367,-36.08994,141.99946,600.82808,-830.08196,163.92721,588.27184,-68.84089,132.19546,594.30629,-789.02378,160.111,583.24616,-136.92244,145.30348,589.80223,-726.64025,170.54844,579.31474,-80.44226,688.02102,173.37896,-261.86893,690.57112,185.94363,261.54791,866.49477,369.99494,-143.17978,863.68182,373.79339,318.85611,1006.01506,568.42552,-52.73807,989.95171,557.66344,495.10428,1051.27859,603.07744,-61.803,1031.78566,588.87236,502.45618,901.07009,620.4594,-282.13883,893.68236,609.87334,349.9074
219,downdog,standard,254.21178,358.71128,-34.62254,260.34513,360.01741,-27.80823,261.1064,359.04433,-27.98541,261.85057,358.06144,-28.00697,260.68084,359.98415,-52.19882,261.82308,359.01727,-52.42994,263.0054,358.03073,-52.58522,267.84824,349.92785,9.88243,268.67637,349.70909,-101.83827,252.10976,352.63898,-14.16372,252.7526,352.87026,-48.3044,262.12204,323.83903,61.63988,260.84214,327.24342,-125.22968,299.89361,360.08058,83.27047,303.13326,364.48243,-227.62626,337.40803,385.98412,-18.29395,345.67929,394.5295,-225.48355,348.62065,387.79571,-20.27599,358.32687,397.93553,-254.63728,351.09692,388.92135,-46.55699,361.26494,397.01784,-234.36528,347.38284,389.10425,-30.81256,356.11984,395.61317,-219.26836,176.23641,251.77225,70.78473,175.64011,250.90233,-70.95608,127.86053,318.61103,84.6115,125.18182,318.52184,-71.45933,86.81733,378.19587,121.63551,72.79511,385.30812,-62.31279,75.9955,389.5204,121.42025,60.29634,395.69401,-64.49651,110.43904,396.56036,72.68576,104.20568,400.90627,-127.84458
22,downdog,nonstandard,292.66687,246.2662,-51.60432,281.73463,256.12451,-77.80927,280.25992,255.8675,-78.09791,279.13274,255.30742,-78.01482,280.41183,255.70785,-52.62426,277.77885,255.51162,-53.19419,275.21408,255.08554,-53.40369,272.57873,241.90128,-154.32501,267.49557,242.25028,-38.11363,292.17153,234.15388,-70.01782,291.3917,234.30918,-38.09519,286.32825,189.97969,-161.03953,246.26233,183.60842,-9.45098,271.94635,280.34957,-243.38533,213.91313,266.31037,-12.53357,214.02547,350.11328,-252.3557,159.34479,342.84275,-124.33743,191.34659,361.49463,-287.96833,141.21292,351.32004,-145.71173,184.78999,357.01865,-281.45252,142.96746,353.38616,-165.42468,191.21222,354.58884,-251.63545,152.47045,353.08822,-137.75753,435.05727,65.82824,-57.03999,403.8174,83.75328,56.80281,535.50145,171.29989,-46.30126,495.03949,182.50063,95.63565,646.99562,251.43203,-6.3753,593.74219,241.60343,170.09251,666.97972,262.80866,-6.7183,616.31025,250.6218,175.7821,617.75483,302.94182,-71.17407,575.70777,286.47928,134.4939
220,downdog,standard,257.50744,398.4534,-21.74602,248.88706,401.6278,-40.01383,247.74142,401.15763,-40.22594,246.72614,400.77899,-40.19432,249.34319,401.69294,-12.48507,248.53027,401.32174,-12.79559,247.58283,401.01791,-12.85311,241.87306,392.92803,-91.12867,242.40578,393.48287,35.29213,259.83938,390.71065,-34.21579,260.21353,391.55572,0.84198,243.35738,364.28699,-130.60509,244.64493,362.06856,105.02616,206.42981,410.33747,-236.04988,206.85599,398.02444,129.46483,157.79532,440.22122,-250.42479,169.3743,421.82713,23.00605,143.77343,445.42293,-281.23085,156.9083,421.68489,14.92943,140.17811,442.18788,-265.20416,154.80809,422.15046,-7.84864,145.36106,441.08383,-244.2559,158.81407,423.60194,9.13437,335.90468,278.081,-83.87402,331.81863,279.79015,83.73444,392.63764,349.39522,-61.31008,390.49242,349.36736,93.22928,447.25279,419.33103,-42.74236,435.51486,407.80547,156.48651,461.7411,431.15301,-46.88507,448.63064,419.39807,159.2885,417.93817,437.33154,-113.11012,408.24997,430.52211,114.69601
221,downdog,standard,437.13461,502.13405,-157.2979,410.95968,508.30649,-213.80043,408.50744,505.37045,-214.3284,405.17935,501.88593,-214.373,412.34821,510.20641,-132.96722,410.92098,508.67519,-133.72572,408.537,506.6681,-133.94171,390.94933,473.53902,-366.95792,393.11886,476.74675,2.16586,443.58033,477.62644,-196.59201,444.6909,481.29197,-93.63941,415.16323,388.71259,-495.50295,412.71462,390.58496,199.19686,308.35271,514.02321,-781.83495,310.31782,501.16861,218.04765,164.5203,603.59236,-796.05514,186.25942,585.88197,-106.88122,122.89828,614.65169,-884.75915,153.59339,590.10448,-140.46044,117.89203,611.51452,-845.18421,150.67813,591.62321,-202.70128,134.89652,609.35444,-782.07188,161.31415,592.07747,-148.03123,640.5232,148.20608,-239.42438,635.20434,155.02647,239.0674,780.74141,352.39776,-100.29785,776.77142,357.89709,312.85729,886.17049,557.27242,29.98679,871.96935,547.41401,485.61835,923.62086,591.85054,25.91975,908.00238,582.64234,494.33387,808.6747,610.71327,-187.29139,792.92641,599.56696,349.60254
222,downdog,standard,438.33292,479.9273,34.08115,416.4243,493.01276,-8.25816,413.14387,490.96567,-8.66615,409.85149,488.64681,-8.64906,416.05663,494.23074,44.75974,412.94742,492.97985,43.94207,409.33919,491.58074,43.69972,390.51747,465.54275,-119.63319,390.562,466.65171,120.8858,438.29867,455.98188,6.94023,438.92705,457.78121,73.39428,383.03602,374.01938,-166.77639,389.41717,374.3915,199.39958,268.54587,480.00776,-309.88082,300.53949,478.86429,193.73134,144.39192,556.36792,-292.14704,185.36517,548.87664,25.65371,108.31541,562.18089,-330.27467,153.88337,557.08222,3.93169,106.11424,561.22487,-314.24594,154.3656,557.1252,-26.81511,122.24907,559.10785,-285.88364,165.43454,554.46034,3.5997,588.39881,140.74113,-137.7344,583.20814,145.01559,137.38772,753.77214,313.75764,-43.25236,750.4738,307.12857,114.24866,882.195,516.61878,-4.98215,876.21516,507.89601,161.71032,918.05601,548.95397,-9.46599,908.38301,540.47936,162.19671,799.34812,573.04402,-92.50734,799.59357,566.55361,95.98479
223,downdog,standard,257.50744,398.4534,-21.74602,248.88706,401.6278,-40.01383,247.74142,401.15763,-40.22594,246.72614,400.77899,-40.19432,249.34319,401.69294,-12.48507,248.53027,401.32174,-12.79559,247.58283,401.01791,-12.85311,241.87306,392.92803,-91.12867,242.40578,393.48287,35.29213,259.83938,390.71065,-34.21579,260.21353,391.55572,0.84198,243.35738,364.28699,-130.60509,244.64493,362.06856,105.02616,206.42981,410.33747,-236.04988,206.85599,398.02444,129.46483,157.79532,440.22122,-250.42479,169.3743,421.82713,23.00605,143.77343,445.42293,-281.23085,156.9083,421.68489,14.92943,140.17811,442.18788,-265.20416,154.80809,422.15046,-7.84864,145.36106,441.08383,-244.2559,158.81407,423.60194,9.13437,335.90468,278.081,-83.87402,331.81863,279.79015,83.73444,392.63764,349.39522,-61.31008,390.49242,349.36736,93.22928,447.25279,419.33103,-42.74236,435.51486,407.80547,156.48651,461.7411,431.15301,-46.88507,448.63064,419.39807,159.2885,417.93817,437.33154,-113.11012,408.24997,430.52211,114.69601
225,downdog,standard,160.8412,182.02956,-50.90524,149.02965,187.90339,-72.72882,146.9179,187.0244,-72.93449,144.99895,186.1853,-72.9107,150.11328,188.05126,-39.8791,148.69011,187.20968,-40.23658,147.12504,186.34683,-40.35841,135.75042,175.72941,-129.10857,137.26766,176.22664,20.94164,161.70067,172.13886,-64.52921,162.83051,171.96668,-22.72658,139.17454,131.85367,-168.75578,143.61213,135.36002,96.09966,104.48334,195.17333,-282.96021,111.71906,193.36325,93.6463,62.49936,249.00968,-300.54112,76.46727,240.05485,-45.42376,44.39623,252.93908,-337.95429,61.47905,244.25114,-61.57068,42.732,251.21389,-321.499,59.72438,244.73363,-85.98587,49.30863,250.29942,-294.99187,65.32559,244.15711,-61.6544,251.31908,38.06278,-90.18903,252.28809,46.51502,90.0285,296.44882,141.66026,-50.10335,297.48687,142.69148,89.05903,341.52175,239.18213,-10.36086,333.96663,229.58872,144.31254,355.15262,250.76393,-13.22314,348.79534,245.62796,146.7248,300.06163,254.96935,-100.32036,298.19478,248.15215,81.83724
227,downdog,standard,636.80931,568.27469,75.4423,617.49931,579.81196,24.58635,613.28827,578.70048,24.17661,609.32617,577.54779,24.2235,618.5952,581.04578,86.31918,615.20317,580.68588,85.41974,611.90651,580.45048,85.2034,582.08252,561.68296,-104.30961,586.26549,562.89024,177.69749,633.60249,545.59799,43.93055,635.2179,546.62645,122.34791,554.87511,478.70868,-132.39149,553.54027,458.43246,246.40646,402.20581,577.03647,-226.11351,403.4597,527.81928,246.55645,213.55099,655.6663,-167.2402,266.83014,576.88274,78.2038,172.97852,657.71373,-204.25173,228.51395,577.60621,47.89037,165.43346,650.17234,-194.43745,222.98347,581.31657,23.52304,177.12719,651.50034,-162.48808,232.92152,585.47632,58.6319,758.87077,163.71634,-143.74575,744.19174,155.4954,143.02927,919.58649,385.01695,-50.65127,905.55946,361.07061,252.52016,1109.16725,586.17515,-2.59011,1060.64354,532.10656,365.22003,1154.49585,620.36781,-3.79035,1088.10951,553.43568,373.01659,1012.60895,637.89175,-110.98142,987.18102,608.40198,296.97723
228,downdog,standard,139.64973,325.32917,79.77633,127.09564,328.98994,93.12266,122.34126,326.40754,92.88816,117.21959,323.05522,92.87212,134.49475,331.54946,117.37471,136.28269,331.48357,116.9156,138.3785,331.43022,116.91097,109.13686,310.09475,145.66362,133.87628,322.45609,254.53999,137.00559,309.37362,97.85982,144.34216,314.41415,127.34018,108.46698,249.79283,74.52809,180.5902,269.40742,329.71632,58.74758,291.37581,-67.04745,187.89736,339.83025,435.9049,11.71611,340.31228,-132.27791,160.02892,392.59425,550.44114,-4.72776,346.58871,-153.98265,151.05845,399.62037,575.83576,-6.01639,347.6157,-143.66154,147.15894,397.42497,558.33859,3.15547,347.39202,-129.17383,150.04323,394.01198,543.89249,208.3624,92.26778,-104.12135,249.10105,95.51369,103.43883,301.93385,229.73294,-163.43021,328.2343,232.07813,-56.16123,395.77197,369.12688,-398.72647,390.31864,357.0226,-225.64444,428.93306,406.68441,-423.93467,424.67235,402.85757,-242.04256,374.61992,454.90744,-507.81252,384.24258,429.56713,-284.09598
23,downdog,nonstandard,241.63041,361.39966,15.57137,224.21346,366.52207,-16.34206,221.17364,365.06066,-16.73897,218.14377,363.41175,-16.66182,225.87523,367.27992,20.7369,224.16348,366.58756,20.01057,222.15588,365.86926,19.74594,207.14252,346.19973,-95.49863,211.13269,348.67551,72.17852,246.74337,347.08825,-0.98209,248.64521,347.37958,45.00137,227.32389,298.29885,-136.59205,236.36694,290.08042,157.97631,177.18537,402.03831,-245.88757,185.73973,375.57088,159.73362,106.55763,488.63268,-212.84029,129.82919,448.41135,-14.05549,73.81022,498.36116,-249.37584,102.44415,452.15957,-31.1908,67.6693,490.86599,-227.71459,97.10417,455.03297,-62.58084,77.4323,489.05833,-203.32325,104.15223,457.91173,-34.35193,459.12747,169.10643,-92.94265,456.2149,169.99794,92.60802,591.11738,310.38001,-51.61101,587.36792,310.66067,114.02535,718.86568,440.29355,0.2377,700.86927,427.44212,194.77851,747.35703,463.86967,-1.09132,728.48606,449.08376,198.83896,660.30369,483.11019,-85.66138,648.56472,468.09189,126.69878
234,downdog,standard,235.3725,399.75894,40.39531,217.54893,402.2401,8.99086,215.1243,399.733,8.59145,212.95873,396.84792,8.65004,218.48361,403.39671,49.12697,217.21395,401.9305,48.41517,215.57713,400.19223,48.22137,202.72632,377.03925,-75.53361,204.29572,378.87174,107.19846,240.99684,383.01817,20.91884,243.93197,384.62574,71.09451,218.00683,319.7456,-107.55001,221.8915,305.90515,172.53259,143.46802,425.0259,-203.9742,149.15553,393.19141,193.69051,31.70981,476.36331,-139.15138,77.23532,417.04195,48.37373,2.90527,478.58487,-169.57163,57.66525,412.10045,39.10109,-2.51523,469.73652,-147.21049,56.6946,409.19223,7.74926,7.38059,469.27054,-128.65586,60.13412,413.89911,29.86028,405.91951,113.87736,-100.76337,404.28449,114.36943,100.4517,532.48218,285.15042,-11.45798,529.16905,277.06507,143.95593,651.01567,417.12981,74.9067,637.06092,407.15833,242.32048,679.09288,441.69142,76.64994,663.01135,429.0152,248.26189,576.92779,455.51545,11.56091,566.13929,442.51863,192.93749
24,downdog,nonstandard,1056.2809,1959.98375,-630.09535,1012.36839,2022.01362,-811.57462,1002.59285,2022.67107,-812.80087,992.59596,2022.71591,-812.53349,1011.63215,2024.9011,-591.26552,1000.20161,2028.47934,-593.27021,988.63799,2031.97943,-593.8493,901.66091,2001.34655,-1290.34823,907.7031,2005.01656,-277.65226,1035.45792,1913.57854,-750.07135,1036.80076,1915.58099,-466.20988,831.77267,1758.52076,-1565.48864,778.86089,1757.38797,353.51361,668.73992,2166.61967,-2129.12419,592.1222,2070.89454,437.77488,451.20615,2506.24124,-2030.26718,437.07816,2370.01832,-391.34886,329.8574,2524.92059,-2248.87329,328.09999,2425.20754,-476.30013,302.16579,2503.80732,-2154.56316,317.16424,2417.08562,-631.45997,339.11947,2496.13801,-1990.90251,354.19744,2407.77854,-489.72859,1500.98385,1222.7355,-682.69918,1425.68091,1273.05312,681.38292,1937.65136,1696.00417,-657.49292,1804.48281,1736.11486,971.07902,2371.86013,2223.74055,-557.57259,2162.48808,2209.84735,1648.14858,2489.27125,2293.15288,-589.071,2266.71582,2291.64404,1695.28651,2309.77421,2515.73138,-1155.81298,1907.03962,2421.89131,1386.57809
25,downdog,nonstandard,358.82202,250.11942,-19.16837,347.14214,254.35072,-44.68528,344.82874,253.39757,-44.91825,342.78118,252.51335,-44.90554,348.55101,254.59343,-3.92535,347.20017,253.86663,-4.29657,345.81885,253.12393,-4.40211,333.06946,241.90907,-119.75632,335.83042,242.55345,67.9499,358.07738,240.65477,-39.06396,359.27424,241.26709,13.39918,327.2769,202.61391,-182.85749,337.80523,204.2776,163.8658,281.92575,269.4055,-330.46598,295.4516,256.16381,197.58083,224.76748,317.9648,-345.51927,243.33361,297.73303,34.15231,204.26367,321.56312,-388.90204,228.78666,298.34533,20.5775,201.29838,318.73494,-367.38723,227.50595,298.37333,-14.26083,208.72338,316.87633,-337.19496,231.56282,298.03843,12.90338,450.92253,102.57724,-122.70369,455.07169,105.18541,122.51372,517.35216,212.43425,-88.26431,521.38092,207.28886,127.50499,603.66222,296.38302,-72.47995,595.12267,289.7618,202.04428,627.10885,308.88247,-79.62057,616.81715,301.1959,205.1085,563.69897,323.3882,-182.94708,559.64122,315.54156,136.23809
27,downdog,nonstandard,107.59875,167.19636,-7.19571,102.97675,169.11085,-16.97796,102.63709,168.72957,-17.08154,102.49302,168.40292,-17.09255,102.81213,168.88529,-2.97252,102.34909,168.35792,-3.14861,101.95781,167.93511,-3.20072,100.68619,162.41992,-44.97535,100.06471,162.44169,18.77666,109.65883,162.03034,-14.69656,109.65815,162.18246,2.97515,110.96921,142.7789,-69.33015,110.29664,143.5368,48.57956,89.51608,171.28827,-108.51539,92.46376,171.49758,47.3173,62.70171,193.98342,-100.47866,67.03246,190.28928,-7.3716,53.7175,195.85479,-114.1317,58.80775,191.40347,-13.61826,53.73211,193.76683,-107.86851,58.52818,190.99304,-24.74508,56.70944,193.72983,-98.05903,60.97507,191.29551,-14.63921,160.74597,87.91907,-42.2056,161.20445,91.41607,42.17258,198.80914,137.91877,-26.56098,198.97399,138.24649,28.94578,234.35748,181.49172,-14.69083,231.21969,179.52359,53.95029,244.26293,188.5845,-16.35114,239.98439,186.45134,55.08838,212.20447,197.15188,-51.73112,211.80861,193.53034,28.71515
28,downdog,nonstandard,237.60689,311.87418,-21.41624,220.82657,314.76206,-60.69221,219.38417,313.17817,-61.03033,218.19929,311.3974,-61.03054,219.69226,314.99996,-5.69748,217.59149,313.62073,-6.18644,215.50383,312.0203,-6.2296,210.83534,295.52892,-172.69182,208.38056,295.73792,78.38256,244.16424,299.93842,-51.15991,244.36596,299.80248,19.17811,232.39614,253.06348,-264.49191,227.33735,233.0992,218.34938,165.61556,327.78879,-398.31417,150.97353,296.69738,275.27719,48.91014,364.10246,-364.98772,61.72749,322.09164,72.46974,30.8965,367.93472,-416.48503,42.7633,323.47082,55.22155,27.12665,359.92872,-394.8292,39.90297,324.76556,11.48012,32.86956,359.23458,-355.14281,45.97098,325.7102,45.96381,381.43954,79.42029,-173.96211,367.8605,59.84045,173.62412,490.31322,200.7753,10.95556,486.36588,191.59669,307.67449,589.91462,309.09121,124.98421,573.15772,287.41752,501.84951,610.13884,326.99731,125.49827,592.32872,299.65791,515.44616,536.26484,346.2689,-3.00275,528.37169,329.19777,430.37461
29,downdog,nonstandard,275.14438,233.24699,3.03646,284.20875,235.76591,6.41985,285.96923,235.24883,6.17322,287.43492,234.69602,6.17788,283.97426,235.86596,-13.21187,285.62529,235.49972,-13.51075,287.18552,235.23048,-13.64783,294.36963,227.99135,29.68789,293.49691,228.85266,-60.33028,274.67132,225.79919,19.91867,275.01949,226.14814,-8.29264,293.45416,194.04159,68.14369,289.64892,203.33831,-56.14176,329.41161,222.471,122.58027,334.66269,244.29671,-151.61393,373.22515,243.39695,37.01102,385.63015,272.51481,-135.92862,386.93145,244.25484,41.67202,401.24966,276.27485,-158.3901,388.87547,246.95008,16.03358,405.1723,274.03988,-135.96499,384.83149,248.95052,27.05413,399.11766,273.11056,-128.21132,206.27098,107.80045,46.34718,200.00424,109.84544,-46.65355,146.24438,174.22404,109.66092,137.17127,179.023,-16.44471,104.32185,220.08562,181.51288,79.23231,240.42888,31.76971,89.42848,226.46659,184.76539,67.55293,247.45345,33.75523,120.43558,246.20123,156.60353,106.37485,256.78903,-5.79861
30,downdog,nonstandard,374.39305,245.95058,7.73743,385.56921,251.34597,12.60123,387.74087,249.8497,12.22508,389.59135,248.1359,12.1658,385.43043,251.74494,-15.19288,387.55723,250.64545,-15.60601,389.5888,249.44777,-15.80193,399.00583,235.52876,46.32246,400.24673,237.12978,-82.10984,373.66216,232.05972,31.39579,374.6811,233.55827,-8.87593,390.3666,180.16986,95.42104,397.04385,186.74167,-80.24816,442.44683,247.45297,162.14868,452.31692,276.23277,-225.02587,490.1501,301.51818,51.62437,512.94518,348.79661,-213.56041,512.44179,305.86081,57.80419,536.51263,357.56121,-248.06231,514.08031,307.91273,22.90753,539.01051,349.63872,-215.39013,506.95395,308.92758,37.83523,530.20015,348.16964,-202.94709,254.57681,59.84432,73.21545,248.45174,59.79532,-73.66197,187.75994,188.3044,155.97354,173.90296,195.09881,-49.14097,121.75162,281.88272,207.25022,92.26297,315.81583,-41.90446,111.40416,290.55786,206.66609,69.49322,336.20825,-45.45138,164.01034,319.38434,154.73688,150.15756,345.62583,-118.12999
31,downdog,nonstandard,375.48619,261.93479,24.80268,385.7784,263.57723,30.8835,386.82536,262.20352,30.59441,387.68356,260.58616,30.65033,386.1154,263.7381,7.28594,387.40523,262.57962,6.91516,388.64666,261.25177,6.78713,391.3941,249.49125,60.95339,391.60267,250.0183,-46.54402,372.36007,251.90359,44.79679,373.60042,252.31018,10.87484,380.79664,213.38993,105.3441,379.66586,224.61907,-67.00695,419.31538,265.29339,146.85651,415.44092,279.89536,-177.13642,465.5422,297.87625,28.30625,472.00196,315.94283,-151.16851,487.44198,298.32525,32.83201,491.1702,318.83682,-179.06072,489.53098,297.99283,2.3952,495.98916,312.32852,-152.8886,483.75556,301.01541,15.70041,490.5058,312.65438,-142.06754,251.08494,132.20192,60.208,248.02493,135.18588,-60.50651,170.59761,211.37179,87.93727,166.06142,214.84947,-30.16574,96.52387,275.80901,147.91687,79.06408,285.36176,-13.67602,77.50376,289.50814,149.02291,57.83621,298.6935,-15.79277,124.05843,310.85138,110.78227,109.48754,317.02661,-70.47735
33,downdog,nonstandard,413.24429,347.91804,-75.73348,422.60765,337.12772,-65.09521,422.27116,335.6226,-65.3649,421.99333,334.42354,-65.28304,421.93913,335.80173,-88.93978,421.00021,332.91327,-89.34757,420.08064,329.96206,-89.50833,414.06269,320.14277,-6.73513,410.89668,314.32074,-115.55085,398.20927,345.20808,-46.82302,398.42197,342.62072,-80.88449,366.7754,300.0513,51.95879,363.60405,318.75134,-116.08206,449.67472,327.23785,86.78151,448.59787,351.40486,-212.45642,533.88039,325.95357,-11.94392,545.52296,351.02446,-198.29823,556.74793,323.61039,-14.26717,568.67676,356.14477,-234.37782,560.5117,325.15148,-40.86758,570.5648,352.91914,-218.80508,552.1801,326.63229,-23.46205,563.3976,349.08875,-195.86218,227.09953,201.05916,76.66277,203.69328,200.72393,-76.99025,225.36301,318.88996,164.88581,180.93561,338.67946,-62.35313,114.61524,307.8905,251.10981,63.33235,332.78812,21.11615,100.77559,298.20963,257.43982,49.90263,318.01921,32.37278,75.05653,325.88991,285.85423,32.77353,343.29145,64.79594
34,downdog,nonstandard,472.01376,405.69449,-2.74498,498.42134,405.42474,3.12843,500.79962,402.54452,2.63971,502.94559,399.72045,2.43886,497.54933,404.52324,-50.02601,499.13343,401.08549,-50.48158,501.01443,398.0242,-50.76816,502.46036,373.96165,59.25831,502.63592,372.39234,-190.06439,453.05354,381.39074,30.25844,455.43001,381.05936,-45.41403,466.14591,285.83396,152.59776,477.90004,293.68066,-308.16503,490.03103,375.47469,320.32666,473.79358,397.51493,-647.19617,544.34696,430.11611,504.37888,552.61278,480.9795,-824.024,566.81914,448.41481,556.45992,585.86895,500.89371,-905.16544,575.18518,451.00275,515.56335,593.67351,490.23307,-872.18663,562.92701,441.43758,493.58866,579.52631,480.26976,-821.72937,241.11585,122.27499,182.26085,218.43535,123.99577,-182.47831,244.52746,275.08749,512.90837,187.13648,299.56017,-569.19499,161.86031,398.15238,550.66893,131.00027,437.36021,-951.15281,126.62269,423.09016,547.62019,108.65924,458.10516,-989.89112,220.58744,420.87177,522.38007,196.25142,502.13981,-1123.63252
35,downdog,nonstandard,247.77563,306.05072,-26.87989,235.49262,307.99326,-47.54328,234.30952,307.04408,-47.76994,233.38234,306.15262,-47.76122,235.92162,308.16379,-20.17958,234.99484,307.46084,-20.55258,234.06986,306.77564,-20.68039,230.79537,296.42599,-103.2208,230.56123,297.66732,20.62361,253.14799,298.49553,-40.64867,253.68321,298.8554,-6.30494,250.06465,265.28163,-140.87787,248.37241,263.51971,77.822,203.82122,314.87203,-211.0842,201.13545,310.18457,65.91921,147.32253,351.16704,-182.00647,151.32165,347.38169,-52.11783,133.58446,354.98599,-206.289,138.73879,351.45897,-65.10043,129.33149,351.08322,-194.4358,135.26563,349.89527,-84.35279,135.2641,349.75587,-177.19858,140.25856,348.55236,-65.81295,365.46936,189.4881,-73.20026,360.66806,196.02119,73.0691,415.79179,273.81824,-47.60377,412.7957,278.30335,71.78135,466.54727,362.67132,-13.88529,460.25401,357.65884,112.2018,482.2797,377.59752,-15.23883,474.94746,373.58215,113.82338,429.07316,385.72572,-75.13034,424.24074,377.04931,68.20168
37,downdog,nonstandard,395.10872,270.64522,41.51988,406.76865,280.39229,45.45472,409.54773,279.34143,45.07386,412.31724,278.05361,44.98399,406.68297,280.4425,15.22403,409.296,279.54759,14.81145,412.42363,278.35236,14.56872,428.16116,265.41116,77.43257,429.26605,264.67068,-60.10979,395.66254,255.11175,64.46098,396.13258,256.01812,21.6104,425.08041,212.60943,115.18226,433.16872,214.01258,-81.30123,485.87357,295.2037,149.13236,492.80972,298.16706,-227.27776,548.08216,354.63171,56.07355,558.40874,367.65335,-218.49195,569.86885,361.30684,58.2156,580.56438,374.85821,-249.26451,574.21883,362.79274,33.92248,587.21428,372.99284,-223.80201,567.58068,361.82852,45.51242,578.922,370.02312,-211.02329,277.55646,94.32099,75.58426,276.99585,89.88326,-76.18709,163.7289,213.31886,90.23465,159.64961,218.99379,-71.839,54.26741,323.38898,69.35412,47.66876,329.24845,-66.37589,32.43128,338.44991,63.60566,22.00747,344.01876,-65.94095,97.67288,371.01621,21.94329,93.28701,377.54247,-111.28448
38,downdog,nonstandard,883.53203,421.17355,42.40161,903.01598,436.9143,52.39462,907.65663,436.47476,51.69359,912.17941,435.25755,51.70119,904.45427,436.83666,-0.6486,910.43045,436.69749,-1.46564,916.94771,435.94488,-1.79949,932.60437,419.10713,122.56757,939.39613,417.78585,-118.01719,886.21368,397.23833,91.48525,889.72382,398.60686,15.27087,928.72353,323.81069,225.4616,943.86688,326.73803,-148.74743,1016.94351,446.99807,315.76977,1047.0005,471.49707,-409.88907,1127.31339,532.27391,97.62865,1179.59213,597.37138,-383.77617,1164.65309,536.23701,100.47796,1223.83278,615.05306,-445.80338,1169.44626,536.6638,42.69676,1235.11398,604.54781,-389.98409,1157.35245,540.37135,72.66333,1218.75046,599.93214,-366.5094,620.64129,108.42931,133.45535,617.95307,111.45459,-134.33003,436.74133,301.64221,152.4691,429.38065,311.26862,-66.7784,253.50571,505.46589,264.31839,239.43615,521.52421,1.08777,209.04793,532.99596,266.40965,190.22156,549.96228,2.29142,341.93314,575.23225,190.46331,332.75925,591.1632,-102.85238
39,downdog,nonstandard,1052.99229,798.98694,19.45837,1079.80419,807.09188,36.94695,1082.91687,804.78334,36.18758,1086.1171,801.82617,36.12942,1079.76265,806.86246,-34.3456,1082.94537,804.76029,-35.21668,1086.73725,802.18833,-35.66643,1100.373,774.4594,135.00788,1103.46062,773.00843,-190.15526,1047.9681,772.70279,80.24932,1049.35249,773.42776,-21.09608,1084.86637,668.36791,268.928,1091.98185,678.44106,-242.2631,1176.84711,847.24842,361.1822,1194.40567,871.19389,-596.82163,1292.04483,974.31985,46.26765,1327.46269,1025.52382,-580.30151,1334.79057,980.04712,47.85415,1376.18202,1038.7788,-670.83469,1344.63078,983.99544,-33.99,1388.79902,1033.95681,-595.45172,1329.85004,985.51651,9.32032,1373.60756,1029.4686,-557.26673,762.70746,428.67784,177.74823,754.24839,421.33002,-178.51919,564.53064,696.51758,250.54619,548.89475,705.60705,-212.25313,365.3328,915.45588,350.69255,339.69981,949.19815,-208.0269,317.4224,967.10396,346.5154,281.58566,997.26477,-217.96954,478.26859,1002.19085,212.42625,467.51927,1023.80461,-396.04846
40,downdog,nonstandard,94.22348,153.46599,-24.58332,86.18884,153.91234,-40.47753,85.53755,153.0081,-40.63476,85.10754,152.16331,-40.63228,86.25307,154.32692,-17.07029,85.73619,153.70831,-17.30869,85.25818,153.17466,-17.38778,82.42717,144.49466,-84.2637,82.51664,145.47341,22.59935,97.72425,148.36037,-35.56912,98.01416,148.52821,-5.84373,98.46442,129.19397,-129.97093,96.45237,122.25942,89.0666,85.373,172.88786,-224.24535,83.93116,161.51109,110.2992,65.22491,222.46821,-246.81578,71.25467,203.96615,16.68928,50.69143,228.59225,-277.52829,61.58199,205.30334,9.93676,48.74256,225.93513,-262.54824,60.70411,206.62265,-13.70433,53.83849,224.21803,-241.47971,63.44524,207.63146,3.05148,176.51816,72.77367,-71.67871,174.22902,69.82301,71.56905,218.52652,137.87726,-51.25632,219.75646,135.03476,87.40965,254.65822,202.4609,-26.13781,250.02083,199.4801,132.72827,268.55512,215.96807,-28.93228,262.30627,211.28359,134.86078,224.56713,220.27127,-97.82105,223.86734,214.96831,85.55762
41,downdog,nonstandard,687.58011,492.66343,-53.01892,698.05519,497.75864,-42.58866,699.34601,496.76412,-42.92309,700.57259,495.63403,-42.87174,698.83629,497.75748,-79.9196,700.83221,496.78451,-80.35029,702.96265,495.63622,-80.58367,708.0645,483.54997,15.02944,711.06392,483.26557,-159.2161,685.60371,481.30563,-20.89351,687.89383,481.73482,-74.40457,695.65414,442.61247,128.2641,703.27011,444.05622,-205.93018,732.04048,490.79953,312.17199,752.20146,521.17694,-405.93128,779.41345,524.40495,281.02747,817.24831,587.11143,-458.75801,795.85464,528.50929,307.32433,838.58673,598.03545,-521.3084,798.3947,530.63549,254.51439,843.69263,592.7336,-479.5789,793.00262,530.12501,262.38491,836.49025,587.92365,-447.04601,563.52661,353.75726,119.04181,548.80817,341.85086,-119.32193,518.06477,454.84995,312.31136,481.55403,443.67518,-47.59053,435.56252,500.12212,474.5578,410.3054,523.35726,47.68543,412.69005,500.37008,483.75191,390.12863,526.01458,51.91411,455.80975,537.34234,422.83333,429.60529,564.87494,-39.11137
43,downdog,nonstandard,173.57765,125.21074,-30.25327,174.80779,132.42267,-17.70466,174.20901,132.86783,-17.86055,173.53753,133.19033,-17.82011,179.23155,131.36308,-36.02401,181.73953,131.04459,-36.20155,184.34687,130.80223,-36.29426,179.54632,130.62109,46.46994,192.40265,129.06224,-37.62078,172.65682,119.9697,-2.01297,177.28508,119.08094,-27.81474,175.27685,102.43909,111.41041,198.87282,100.84996,-64.75303,177.52867,135.37824,187.39638,209.76319,140.02435,-118.13982,208.32088,150.9445,189.99149,235.49849,169.95497,-91.71706,213.82994,147.8265,199.42548,248.41422,175.16064,-108.38606,214.78465,147.72327,182.09925,251.00856,173.38217,-98.25256,213.96132,150.26676,183.37283,245.87209,171.69785,-88.43589,115.25574,39.1671,65.98987,124.51481,39.15283,-66.20676,81.04771,101.328,75.0619,82.87123,102.64009,-56.28836,50.71984,151.78329,99.2538,48.78995,155.69814,-25.39814,40.74045,159.64731,99.88266,38.19349,163.00653,-22.49527,71.44054,168.33177,65.60511,70.34607,171.07456,-62.28079
44,downdog,nonstandard,429.38355,415.06077,17.3697,440.20586,423.30357,30.2972,441.78008,422.71297,30.04249,443.29448,422.19566,29.98482,441.35372,423.31258,-11.15998,443.78629,422.91853,-11.50805,446.38919,422.63838,-11.72899,458.509,411.82431,93.58608,460.40101,412.7015,-96.43591,429.93978,400.46531,49.83431,431.5346,400.91995,-7.86776,460.50499,353.47906,174.70724,472.14058,356.74019,-151.06045,506.94317,417.21886,238.63326,518.03344,432.1688,-296.64322,554.20043,467.54774,128.31716,573.42638,494.19482,-281.34611,577.31421,472.21152,131.11063,587.84868,491.96829,-320.60189,578.9201,475.30546,95.03099,592.06378,488.54416,-295.28177,568.81177,473.93449,111.09535,585.70034,490.81421,-273.17153,327.68247,231.90948,121.39176,329.66774,229.44185,-121.7204,251.22797,359.47345,138.85812,247.9984,365.69409,-125.70329,160.47239,453.42327,183.89429,147.16071,482.32062,-104.91631,140.27057,465.40283,182.95541,123.8472,497.50394,-106.44625,196.90212,498.99241,109.61183,188.993,525.9663,-199.96274
45,downdog,nonstandard,297.56824,487.26038,-8.20895,286.49487,492.4909,-29.66118,284.80075,491.94153,-29.93623,283.3515,491.3421,-29.88728,286.8312,492.77499,3.25258,285.13752,492.57083,2.87639,283.4411,492.4399,2.78857,276.07413,483.1562,-96.10017,276.3347,483.74789,56.07929,298.35789,477.56266,-25.39941,299.09329,478.06612,16.93465,274.4006,450.30497,-143.91173,267.06381,438.86166,141.0136,237.92189,510.51711,-257.37328,230.26332,496.59834,176.71185,178.58688,563.24477,-239.38712,177.52849,536.30259,16.4982,158.09795,567.51804,-274.95645,157.00048,538.62967,5.33287,154.08879,563.86782,-251.58221,154.97695,540.01227,-29.39659,160.33869,563.35971,-229.45499,162.73942,540.39327,-3.63018,384.49563,340.55746,-104.86275,375.21053,332.44313,104.65584,443.497,451.26703,-31.30119,432.8509,443.7213,143.24735,509.96244,548.37019,27.55946,486.73507,531.24891,242.08054,523.79675,561.36855,25.55387,502.76309,547.29629,246.98664,460.74353,565.37427,-59.25369,446.78211,553.85305,182.39221
47,downdog,nonstandard,602.26294,652.9424,40.10907,623.05695,659.64988,50.69641,625.33655,657.19534,50.08731,627.66766,654.3541,49.97373,623.12604,659.91903,-1.79363,625.48901,657.87269,-2.40421,628.27942,655.36706,-2.7578,642.66357,632.64221,109.25432,643.53992,632.05287,-129.50752,597.72479,630.60734,78.64174,599.07117,630.9168,4.51525,631.08728,559.20225,175.38637,632.8963,563.14836,-156.65211,712.93951,680.07215,253.28026,726.98383,705.11267,-390.40366,807.25964,763.03754,90.42216,850.56775,799.03063,-360.2731,841.46472,767.382,98.39591,888.47925,809.48136,-412.96924,851.20905,770.05472,47.45131,899.44141,803.70266,-367.41928,842.09082,770.23849,69.02811,884.89514,798.25821,-346.66144,438.19586,310.72518,130.43687,433.0416,304.34941,-131.12527,274.42593,498.84605,164.08519,263.52722,504.11987,-121.04784,148.21619,706.96611,178.5692,132.75766,726.49721,-112.89471,111.9888,732.67132,171.97549,89.74072,762.30268,-115.9557,213.83888,790.45697,78.80584,202.7739,804.70393,-224.13893
49,downdog,nonstandard,250.7373,300.60005,0.90638,239.23634,305.55177,-18.26628,237.58628,304.69406,-18.50263,236.04809,303.87224,-18.46888,239.98942,306.24503,7.7184,238.72375,305.98954,7.27724,237.2278,305.71267,7.15099,228.82646,295.06789,-65.41068,229.57608,296.07483,53.11972,252.01088,290.75804,-8.56558,253.35411,291.91771,24.04964,235.02004,255.28413,-80.84138,233.93683,248.4697,111.102,180.88337,309.76,-155.60092,188.57515,294.97324,137.33583,104.55306,344.1645,-132.13154,138.05817,312.92387,25.31928,83.58117,347.8753,-154.58068,125.26402,311.67799,17.91881,80.31698,343.2351,-140.11597,124.58158,311.99425,-4.02367,86.9489,342.43389,-125.68198,127.78657,313.45609,12.35142,353.69961,150.72089,-68.40993,350.22326,151.30911,68.19072,419.75069,241.83249,-32.89047,417.29883,237.4813,96.59745,502.43475,312.12225,15.85132,484.09789,295.63086,173.42516,521.94396,322.66033,15.95416,505.57873,304.8631,178.70636,459.72258,340.56183,-38.12648,450.86113,326.24685,139.33866
5,downdog,nonstandard,347.95016,533.87358,-100.09798,329.79825,531.07232,-137.90785,328.24293,527.77522,-138.33497,327.16197,525.07197,-138.28065,330.13099,532.99317,-87.51977,328.8756,530.91394,-88.24592,327.71933,529.1631,-88.53161,322.77128,502.76935,-234.78772,323.43936,507.35315,-7.70631,358.05324,516.8416,-123.42021,358.04594,518.68168,-60.41058,365.49574,453.67385,-301.59983,362.65749,450.09521,101.53156,305.06086,574.98955,-427.8062,300.05926,551.0497,84.49531,210.6342,648.74249,-391.31188,228.55794,631.97687,-125.19623,186.41013,657.37177,-443.62363,206.46667,638.73762,-152.64957,175.38789,647.82299,-425.11806,197.37348,633.05187,-186.33641,184.73619,645.43984,-384.81227,205.03569,632.45924,-149.56126,583.28617,302.70615,-125.07482,570.09155,314.54644,124.73519,699.30387,452.26661,-70.13801,693.45188,458.23233,164.52613,815.18561,593.73109,29.06126,797.84483,580.9561,261.27559,848.17654,618.11061,32.21253,829.33521,603.39052,266.95541,758.06063,644.52931,-75.51978,750.53376,635.04725,175.65255
50,downdog,nonstandard,2537.16256,1366.62134,234.40866,2593.5693,1348.86326,263.97395,2594.95922,1340.10116,262.45987,2595.13835,1331.62557,262.81414,2591.70057,1349.58253,130.47713,2592.69214,1341.93236,128.45456,2593.69798,1334.40606,127.5911,2577.51196,1271.69391,441.92501,2579.86467,1277.78622,-167.66609,2497.67013,1330.49039,349.74,2498.35562,1332.83465,158.021,2414.41586,1135.41432,805.53062,2446.59451,1210.9991,-323.42932,2605.97725,1411.6925,1319.15632,2684.3829,1531.14407,-893.40142,2822.20938,1557.10731,966.52141,2984.89162,1753.16078,-777.75543,2906.5251,1552.01135,1048.40648,3090.20336,1775.55187,-972.21366,2912.60962,1554.88513,840.00022,3111.05469,1758.51943,-800.14014,2888.12391,1573.23903,890.89192,3067.77141,1749.41687,-721.01185,1694.11977,652.22212,404.25762,1722.92153,705.843,-405.53104,1414.27194,1174.63509,703.92591,1406.34465,1244.14333,-285.51109,1080.17669,1530.33082,1159.22415,989.7837,1698.57283,-74.30607,960.15196,1555.81132,1179.48571,866.95883,1748.3736,-65.97649,1176.88301,1747.3198,984.57831,1157.96352,1864.99831,-314.82087
51,downdog,nonstandard,271.96432,410.4524,-85.45778,290.6184,410.10075,-96.07074,292.92417,408.08855,-96.50428,295.48035,405.70503,-96.46696,288.87332,411.28671,-121.91431,289.56057,410.21944,-122.37808,290.55408,408.97551,-122.54651,303.3057,389.99791,-108.86787,293.51953,391.04215,-228.36301,266.03311,397.12504,-73.60189,263.26908,398.67961,-112.15758,297.99356,328.81,-91.33978,237.1513,344.0801,-212.58398,386.57513,409.13844,-68.03876,290.98231,427.67494,-470.32442,503.52513,478.33471,-213.02442,415.68289,504.17683,-616.31241,531.32164,487.79404,-240.93801,442.99872,514.85481,-700.9989,529.67273,494.43047,-282.15766,454.47232,513.4203,-669.50212,518.00233,493.94048,-231.23281,447.99821,509.38543,-616.31727,174.05437,149.16754,67.07615,117.65327,138.70038,-67.46814,129.00115,308.57027,167.14836,74.97666,303.82369,51.01968,67.76142,427.75337,329.88764,18.42921,430.43396,177.45806,43.27595,447.00279,340.93598,0.04303,450.13998,185.34697,112.4331,466.61628,273.04287,78.46162,473.00717,94.77739
52,downdog,nonstandard,410.99762,274.74271,14.81303,423.14384,275.98248,21.81927,424.08102,274.27518,21.44299,424.91642,272.29218,21.36315,423.97783,275.77149,-8.79176,425.33755,273.97396,-9.14425,426.90376,271.72825,-9.36684,433.93131,255.31595,60.75664,435.67554,254.85357,-76.88212,404.28659,263.13245,37.99278,404.90804,262.51931,-4.76749,416.29225,202.35984,92.18283,412.38475,198.48871,-92.9362,465.45586,254.19134,121.17537,466.54584,274.78991,-203.49427,517.12718,303.92837,49.67164,529.86175,323.02987,-182.02964,527.95061,311.18899,50.16825,544.52388,329.55529,-209.40721,535.8921,309.64005,24.57861,551.91127,325.76037,-191.2804,528.86729,307.61262,38.13586,546.58135,323.04431,-177.70382,298.79888,57.22499,69.25817,296.11811,48.90574,-69.576,198.12923,169.51716,77.05523,193.82503,171.56228,-39.99731,118.78175,286.92993,98.31143,112.17263,294.35028,-17.30823,96.51422,301.16078,95.84782,90.31105,306.45691,-16.55206,140.75493,324.14733,39.76793,135.82669,329.34383,-78.30246
53,downdog,nonstandard,312.66684,245.2371,-72.83153,302.48895,250.80843,-113.7244,302.61987,250.94365,-114.09599,302.99686,250.78577,-114.03214,299.85299,248.45463,-82.89568,298.09268,247.06494,-83.31922,296.48747,245.53379,-83.41388,303.85266,241.03035,-234.2191,296.72355,235.50929,-91.67258,321.19904,235.53475,-103.80402,318.41638,232.89907,-64.75265,342.32191,210.06996,-305.85175,305.59329,178.91667,8.60603,288.72094,285.01008,-485.12234,245.87484,228.07391,82.77109,209.38082,340.27644,-603.18641,193.34287,270.23933,-27.33645,189.14511,354.61733,-676.67369,173.29585,274.91301,-49.87009,180.53474,344.9993,-655.88688,171.04637,280.00416,-87.22093,187.53001,337.60621,-599.50572,180.43038,280.52632,-48.70697,493.2954,89.7875,-117.46235,462.87833,79.41219,117.07077,544.15775,185.9904,161.88055,520.73082,174.76616,384.33665,584.09664,268.86152,387.05109,563.99598,247.86991,628.26295,602.35426,286.0344,402.04876,577.2972,259.56967,648.31364,547.6288,299.20695,300.71523,524.66162,280.52054,575.7252
54,downdog,nonstandard,369.97904,276.89604,-55.11731,386.33018,278.25888,-58.08606,390.01091,275.81067,-58.52513,393.38562,272.8444,-58.50878,382.01836,281.01807,-96.76003,382.52977,281.10409,-97.2631,382.83972,281.03169,-97.49564,397.58603,258.90344,-51.64187,383.30425,270.10297,-235.32712,367.97062,262.56153,-37.88852,364.17874,266.48226,-94.47832,390.33026,193.03191,40.51588,343.01806,226.18638,-283.3151,452.63298,256.5104,223.65664,410.75716,317.51547,-629.80182,519.65788,303.13704,122.7373,504.03239,388.79776,-810.8747,542.64202,309.06918,137.34468,526.84606,403.20261,-907.27076,543.93372,316.16917,70.86862,534.45726,393.2675,-852.35746,535.37523,317.77091,97.92244,525.74748,384.63042,-798.38801,199.6772,68.40324,126.29179,163.07304,77.9655,-126.73281,138.78749,188.2793,394.12155,106.49454,196.0129,71.91863,85.94546,271.68969,677.42187,56.62513,303.13096,316.7203,69.08942,299.95862,696.87301,41.82285,322.86698,332.27509,131.82736,308.71805,603.96679,109.84855,331.57129,211.65424
55,downdog,nonstandard,303.23721,254.65909,-46.92194,297.14273,255.38015,-70.1699,296.76843,254.08213,-70.3662,296.83054,253.09744,-70.3074,295.91077,255.88814,-46.31173,294.61777,254.88109,-46.66882,293.68581,254.19025,-46.75619,295.98502,241.90542,-134.76187,291.27409,243.01855,-25.5479,306.85396,245.31725,-62.95329,306.28473,245.86061,-32.82035,319.24429,208.16948,-165.35594,288.29803,206.66317,24.08139,323.65173,271.13671,-250.09954,261.96813,257.48537,37.38192,311.94479,339.71165,-273.75785,232.91256,315.10736,-49.41987,296.97651,347.0426,-311.53629,216.30183,321.31948,-67.84784,288.92694,342.19315,-303.24048,219.49768,324.03327,-86.80037,292.20422,340.10952,-271.96388,227.04054,323.53752,-61.65707,428.90413,114.96045,-65.0581,402.39109,123.04354,64.9085,448.77613,225.96803,-43.93842,409.80573,221.14719,109.99408,538.3073,270.53997,30.32435,486.66989,254.06114,185.06223,561.77905,274.98493,33.3469,501.2122,253.13992,190.37193,510.56401,312.6382,-23.61295,481.11206,293.47641,151.0508
56,downdog,nonstandard,447.00036,496.3989,-40.47313,422.0828,502.94129,-80.58908,419.91781,501.0474,-81.19293,417.8566,499.01207,-81.04706,423.29667,503.88948,-26.39239,422.11575,502.91211,-27.40142,420.58837,501.87357,-27.7693,408.33884,475.06369,-184.57624,410.16765,478.22024,62.47941,458.79487,473.05938,-62.11161,459.26736,477.05343,5.40916,428.01267,391.28394,-218.7327,423.00435,388.33906,174.61495,338.14992,530.44964,-383.78819,332.2705,516.29999,209.06317,184.34103,638.38151,-316.14161,204.29124,610.86336,-49.19874,133.31622,650.10887,-370.34865,161.84033,618.9065,-72.95435,123.64249,642.68312,-336.05085,154.43612,618.9594,-124.85017,142.44597,640.37926,-302.03417,168.72748,617.4905,-80.55992,680.86586,134.47994,-139.41968,674.84082,143.37262,139.08418,842.32243,350.35195,-16.8076,836.14548,351.19308,145.1246,988.44261,568.86363,42.70911,958.06216,540.71969,237.08124,1028.33143,597.93976,36.89255,999.14427,574.82109,240.43961,873.29906,624.15486,-84.38605,865.14007,600.78109,140.59412
57,downdog,nonstandard,79.24181,92.21298,-24.09091,74.05046,94.46195,-33.1592,73.26874,94.0127,-33.25636,72.61541,93.64385,-33.24696,74.4396,94.69076,-20.90929,73.93098,94.38631,-21.06921,73.40477,94.1019,-21.11965,69.99503,89.87775,-56.60073,70.49325,90.20131,-0.57051,80.2252,88.33451,-29.48045,80.86444,88.81745,-13.94778,73.58891,74.5594,-69.44251,75.7701,74.77569,29.52957,49.82247,95.83894,-113.94443,54.62332,93.01109,36.00225,23.60966,110.06472,-120.2438,32.55862,106.62707,-15.7085,16.07154,111.98151,-134.61144,26.61032,107.08801,-20.82665,14.68404,111.2894,-128.25046,25.049,107.32288,-31.2889,18.07455,110.66465,-118.09978,26.31841,107.70822,-22.25371,122.60987,34.51707,-34.69127,123.21323,38.80388,34.61826,155.43205,66.733,-21.22753,152.62838,69.48422,47.34763,187.11137,98.62571,-10.98549,175.14957,95.86009,76.53725,195.48959,102.14402,-12.45634,185.08143,99.64251,78.21445,174.56828,111.46497,-44.62385,166.95063,107.65123,56.96448
58,downdog,nonstandard,393.82917,343.8639,-15.27514,378.01773,349.32744,-40.19682,375.17387,347.78531,-40.4662,372.77635,346.66744,-40.42534,379.73156,350.24173,-5.66642,378.18325,349.32578,-6.16056,376.55779,348.64458,-6.29745,365.71335,333.20816,-105.88211,367.67548,334.63349,51.05334,396.12534,331.3244,-30.72331,397.97836,332.50936,12.51978,382.09768,285.68122,-166.31449,392.40519,294.38168,143.01049,333.11742,374.51474,-282.13124,345.15308,371.73845,133.69859,257.5075,445.03734,-268.59479,286.06531,425.78599,-50.59237,235.66007,450.27628,-307.20792,270.35324,425.8173,-71.36931,232.10307,446.21948,-288.77791,264.67829,428.26293,-96.83233,240.82773,444.78903,-261.01827,268.67042,430.41482,-69.08328,533.15438,171.25684,-105.24345,538.14044,178.31611,104.98321,542.25541,320.16551,-91.62369,550.16384,316.78486,94.67706,680.75834,395.16202,-37.56659,669.61709,379.57666,185.91288,708.4687,402.07524,-36.53334,698.40459,387.66758,193.04261,668.04525,442.26315,-92.74757,656.23239,421.61721,160.72232
6,downdog,nonstandard,769.12885,880.76651,-180.56776,721.39984,897.6711,-262.94512,716.40163,893.4392,-263.89188,710.70347,888.2509,-263.75483,722.15675,900.08796,-147.75638,717.34848,897.57763,-149.25951,711.15983,894.53585,-149.70377,680.43322,846.93549,-483.23211,683.01997,851.23139,43.88646,781.02556,839.09527,-232.62091,784.41228,842.87273,-86.55285,718.07095,697.5982,-616.88146,732.97209,698.40254,316.52961,495.74557,899.79688,-1042.2993,529.9618,873.45722,377.5786,240.21141,1028.31262,-1088.14932,319.76191,979.81071,-121.72547,174.85956,1048.85502,-1220.78048,266.35699,981.48826,-171.55504,159.5063,1041.28966,-1156.24584,254.03074,987.04978,-269.60932,190.66416,1035.77828,-1065.15322,269.5603,992.09556,-183.67291,1181.15658,326.27273,-327.99656,1188.01754,355.1354,327.44681,1482.44437,643.27484,-174.25116,1474.21736,649.27013,439.51339,1757.25053,943.66864,17.16465,1692.48454,912.57598,703.57799,1829.77473,970.27419,14.00696,1770.21306,947.51439,716.50944,1648.83491,1066.27845,-266.73408,1596.96651,1024.44638,503.45128
60,downdog,nonstandard,816.75918,514.16548,65.55309,841.44688,513.63897,70.67245,843.77053,510.00776,70.05598,845.86222,506.51648,70.19814,841.37971,514.83122,24.3688,843.69371,512.3796,23.59557,846.17901,510.11246,23.37951,852.23787,482.1004,120.53646,853.39665,484.79322,-92.9793,809.519,494.71519,103.96277,811.32939,496.55421,36.02457,815.89601,405.36323,211.86703,830.14719,436.92156,-99.71685,865.23314,512.01412,371.86832,893.69817,593.45888,-339.55393,927.26026,565.35005,248.53272,1008.16312,698.55558,-320.44594,956.74303,574.9232,283.84849,1047.1035,715.51945,-395.16889,959.49798,579.46216,207.78245,1055.72348,706.65452,-318.06718,951.01919,578.3283,223.50206,1042.30735,700.00325,-295.68769,553.26519,263.29904,114.49479,539.68316,266.82837,-115.0632,401.32982,440.79804,182.33845,382.19436,451.34673,-99.0774,236.55435,563.16832,313.33419,176.20164,604.41048,-86.85774,190.78435,577.40079,319.34284,127.52159,616.15176,-88.00141,282.05727,634.19902,273.45688,247.19135,667.1886,-151.66322
62,downdog,nonstandard,320.23934,313.2594,-179.87368,311.3893,310.51605,-218.22369,313.15822,308.18521,-218.66609,315.41638,305.71051,-218.59308,306.98833,310.8812,-180.16688,305.88553,309.09058,-180.68615,305.12129,307.61316,-180.80847,322.45096,286.69647,-316.0915,308.86947,290.8476,-140.93613,335.03516,300.4328,-201.55737,330.59002,302.67267,-153.22278,382.98148,266.77612,-374.59661,327.72317,242.71451,-2.99721,326.02031,378.46152,-529.56382,269.96909,325.9516,65.38516,229.95454,451.8576,-603.73954,205.20895,378.21375,-102.98795,207.9176,471.94153,-684.20964,180.74918,387.74133,-129.54557,194.94297,457.29724,-662.91176,177.94745,393.21405,-177.07559,202.46235,447.92169,-599.58755,189.00615,394.27972,-129.75532,546.87649,134.32114,-133.93208,507.96416,138.61378,133.61931,619.83221,247.51337,142.18107,584.09633,245.65022,414.45368,689.9764,330.20563,360.84442,648.69759,314.01874,685.65539,710.68522,345.76804,374.21511,667.6316,325.22214,708.77531,638.49306,374.96057,270.29798,614.67115,358.5481,644.40538
63,downdog,nonstandard,410.84354,522.86236,-70.33746,379.93133,523.51398,-133.58653,376.25713,519.77051,-134.21793,373.28289,516.69313,-134.15613,380.05883,524.59145,-44.70152,376.68443,521.51287,-45.70912,373.19738,519.03522,-46.07384,361.34884,485.65487,-294.68501,362.09757,488.19191,110.99089,421.032,497.92751,-106.57142,421.14505,498.97385,6.45595,418.24175,438.34894,-429.28766,431.71613,394.10849,364.92155,377.55253,625.60862,-694.36591,395.69346,576.17403,411.77384,290.72834,791.47144,-676.13919,316.08152,700.03933,-37.54722,241.92177,811.80307,-781.31425,281.19296,712.3296,-79.38659,234.1841,800.25524,-732.94308,273.23742,719.87789,-162.87954,252.6961,792.26715,-656.37517,284.52224,721.46919,-87.87277,774.78168,217.44769,-265.18253,753.22115,184.96609,264.52115,905.86882,483.3601,-38.446,888.13963,452.11847,495.8077,987.38301,779.44313,164.54557,946.97156,664.8959,783.16813,1020.52767,820.46345,163.54074,976.14634,702.72085,802.2377,847.58263,829.35574,-126.00556,833.35483,733.74172,587.57147
64,downdog,nonstandard,155.64399,170.3383,20.26113,150.09422,177.14855,6.5352,148.59688,176.91098,6.35535,147.12672,176.59113,6.41823,150.10091,177.87134,23.7333,148.42834,178.19565,23.41063,146.61434,178.4815,23.30591,136.79903,173.08924,-32.13323,137.00044,173.73556,46.683,152.68142,163.33961,12.06685,152.9304,163.50674,33.62193,123.08428,142.51048,-39.27121,122.00806,138.56168,75.36101,101.94069,195.97198,-96.10592,101.32532,176.21074,85.64767,67.18204,238.07458,-75.43054,69.70394,210.20468,3.72301,52.48011,240.70326,-91.04409,56.96732,212.61163,-1.67836,50.36597,237.03366,-77.19666,56.02677,213.98608,-19.51657,54.94275,236.35208,-69.31942,60.19062,214.23098,-6.31455,222.72909,59.23641,-44.86333,220.97216,56.22966,44.73644,271.30561,144.42386,3.37579,279.41635,139.35554,62.24086,326.92893,216.60541,55.26487,324.94042,210.58016,110.37436,343.30938,225.61974,56.50117,339.58607,218.95729,113.28926,292.86692,242.47677,18.04977,293.0825,232.59187,76.39822
66,downdog,nonstandard,384.66849,349.48432,70.24265,368.10496,351.61664,43.87859,366.44426,350.905,43.47605,364.74359,350.06062,43.51647,368.58328,351.11328,81.98791,367.43245,350.16897,81.46408,365.98989,349.24614,81.35566,357.47314,336.47043,-35.6233,360.33163,337.03134,140.05547,391.19752,338.37821,51.14044,392.52586,338.13347,99.40798,362.98605,288.69532,-99.20761,379.06498,275.73725,231.67842,308.85002,367.69151,-223.38486,325.72412,332.81248,298.03113,240.89757,439.5425,-179.55121,271.2266,374.4386,141.17007,210.73637,446.02663,-213.97779,248.04925,379.28988,138.25756,207.66191,439.73517,-181.79136,247.74428,383.11826,96.94956,218.64955,437.56206,-163.77472,254.32028,384.4297,118.62156,525.575,134.0198,-113.69052,533.47386,122.70133,113.35899,642.34582,263.93424,-31.58641,641.63753,252.43589,176.8471,741.56904,399.41361,44.86014,721.40889,369.84076,281.4228,763.0431,416.10219,44.66294,745.43908,390.60291,287.2865,684.04254,433.09715,-33.26224,673.07705,415.05226,227.34016
67,downdog,nonstandard,186.97638,161.52145,-18.15343,194.65057,162.82147,-18.22069,195.75016,161.55368,-18.37508,196.78867,160.28499,-18.35856,194.46781,162.74995,-34.1602,195.33091,161.67047,-34.3252,196.20422,160.72798,-34.38285,201.41354,150.27699,-0.69156,199.92886,152.47313,-73.79947,186.02787,152.65912,-5.48522,186.41239,153.00024,-28.12237,195.09653,119.16035,32.85847,192.84882,125.2806,-82.14478,199.42013,159.98659,55.02316,192.42355,169.1612,-137.3333,210.66048,185.77344,25.63902,213.51055,202.98327,-137.79535,218.70159,193.67097,25.99912,222.2744,211.46141,-159.68306,219.84423,190.07853,11.53201,225.19054,206.42947,-146.58229,216.646,188.42547,19.23471,221.81404,202.47062,-134.92376,114.28057,75.23968,41.87236,99.17395,74.06814,-42.00337,103.81786,127.23833,117.15555,77.83192,144.2877,-11.6879,60.62124,159.30543,177.96034,40.80316,166.85736,49.25778,48.03071,162.78168,182.33229,29.28813,166.97479,55.01272,77.28412,169.00772,173.29702,44.88428,194.69457,40.86453
68,downdog,nonstandard,527.35448,565.73635,-11.01938,505.49005,571.282,-49.10142,502.76049,569.28908,-49.64054,500.11527,567.08088,-49.60672,507.06592,572.7891,8.29076,505.66978,571.85618,7.57447,503.91286,570.80314,7.39552,491.86777,546.64332,-164.61444,493.8148,549.38348,97.20427,534.69279,546.68713,-42.13837,538.95019,549.4897,30.27215,514.55231,464.46485,-277.69568,522.69025,467.71559,218.14476,437.16244,577.54415,-469.81342,441.8009,569.2192,220.3213,331.88157,654.88389,-417.06205,354.37383,643.36952,-23.39525,299.04243,663.04204,-468.67864,326.12514,651.8248,-44.30871,293.97759,657.76506,-435.24407,322.71393,647.94734,-93.94282,305.72298,653.1456,-402.51145,330.82459,644.14774,-55.82029,726.43843,249.85726,-167.84012,724.09959,259.33137,167.55345,858.87787,422.8273,-73.32104,853.99687,425.72496,201.78759,983.80001,603.68137,17.26115,965.66084,595.40155,309.68151,1018.31702,627.64588,14.40959,1001.56214,623.24871,312.20459,912.05639,662.29571,-114.86615,899.55975,651.23009,207.74195
69,downdog,nonstandard,2571.75469,1929.21567,-444.30152,2661.2525,1954.43201,-363.34899,2673.31123,1943.48395,-365.33162,2684.22365,1933.55548,-365.28781,2660.78615,1957.79961,-638.762,2674.73817,1949.66877,-641.26348,2690.7413,1940.27048,-642.501,2738.69276,1841.59505,86.41654,2747.20812,1847.5728,-1188.72845,2556.88381,1841.53765,-201.7871,2561.98859,1844.7361,-591.06654,2705.20353,1516.53063,740.84258,2683.16126,1530.92122,-1353.02007,3024.34015,1901.33446,1400.30873,3059.51953,2063.52907,-2512.25305,3356.39477,2124.56542,438.64346,3627.92182,2372.33341,-2510.39314,3480.88408,2130.39547,475.16888,3778.05471,2400.22266,-2853.58143,3500.63848,2124.27789,121.17732,3829.85592,2381.06257,-2631.60563,3465.51538,2136.01631,286.52722,3784.14392,2372.1503,-2444.46635,1896.47126,621.62183,802.87504,1808.75325,563.19822,-804.65466,1341.66908,1301.98637,1422.75321,1227.04756,1312.34372,-490.59039,971.18974,1808.81399,2323.00568,730.93855,1978.68508,-53.4903,841.59875,1905.81286,2361.8021,598.45293,2097.94986,-60.67928,1145.59591,2077.30937,1804.61633,1018.23938,2159.43575,-842.69208
7,downdog,nonstandard,332.66048,300.20323,-46.86261,315.17231,306.71825,-78.75957,312.77143,305.71833,-79.10524,310.56698,304.74253,-79.10106,316.61639,306.81405,-31.93256,314.90497,305.79214,-32.42076,313.00255,304.6514,-32.54859,303.97842,290.92901,-167.15329,304.09885,290.94672,47.38009,337.87243,287.10756,-69.01147,339.72861,287.8608,-9.38323,320.0426,238.95192,-237.46177,315.23727,232.38392,162.86744,258.65276,310.95595,-410.89196,254.98514,299.14322,192.4476,173.11655,366.38904,-425.31948,178.62976,351.34649,-1.64362,150.52453,370.16544,-475.60413,158.36207,355.91717,-17.91003,145.47106,366.74042,-449.73205,156.49537,355.76026,-57.26874,154.87704,365.38134,-415.21841,163.66427,354.27058,-26.20026,463.65384,96.04365,-141.88069,460.54571,97.21097,141.70747,545.99376,222.03956,-80.65962,548.48414,220.8838,147.90295,646.93616,342.59727,-53.40644,630.01893,334.48937,240.60892,675.53102,360.93583,-62.07656,659.07825,352.9284,244.17836,591.95338,377.03218,-193.44883,587.72315,367.88683,156.79234
72,downdog,nonstandard,620.73746,450.40669,-94.52778,632.706,456.82197,-86.43591,635.22525,456.42099,-86.73662,637.19457,455.66876,-86.69074,631.32643,455.88169,-122.91681,633.21262,454.93941,-123.2665,635.07293,453.69616,-123.41785,644.21968,445.04507,-25.29618,643.01889,442.19713,-194.10459,621.6066,438.39898,-59.5383,621.03141,437.99175,-111.77509,648.51466,401.14968,69.12388,632.9015,404.27474,-213.34704,694.28129,474.1843,111.52927,660.29272,492.82308,-390.67167,736.1891,556.69624,-67.97877,717.76402,574.10145,-414.54175,757.75079,560.33843,-79.3468,737.15961,578.16789,-473.49533,758.69834,562.48505,-124.97992,743.66863,574.55378,-441.10126,749.90621,562.53523,-90.04778,736.56758,573.29772,-406.77912,491.57816,284.47114,109.90223,471.23989,285.81408,-110.15428,487.69308,429.66342,239.00154,475.0498,441.26515,-116.33659,405.20824,487.08193,386.92031,351.80865,514.63237,-3.20698,386.22772,497.1199,395.28197,329.35873,522.01277,3.66972,438.60112,525.88892,342.67272,394.33162,552.52118,-71.81021
79,downdog,nonstandard,578.19617,533.635,27.51863,600.3806,546.22221,35.8477,605.039,543.65597,35.18656,609.21937,540.89088,35.10143,599.0538,546.34776,-17.30186,602.98193,544.3408,-17.94129,606.94146,542.17925,-18.33404,630.44375,519.87677,91.56076,630.93966,520.25218,-150.77749,576.06167,506.8028,65.41434,575.37383,508.02283,-9.85948,621.7016,433.47406,142.37477,635.02437,429.47984,-171.92659,694.80085,575.69342,215.21726,730.533,589.93664,-389.768,799.06464,676.03278,57.31991,852.5579,712.21066,-333.65497,835.29425,682.15761,59.92839,898.76699,721.6958,-386.46883,840.52336,677.32987,8.38823,905.13349,714.95085,-353.28057,826.49469,680.3772,35.11586,887.80963,712.23893,-324.66072,464.01417,138.64728,127.32372,466.27113,131.23626,-128.04383,312.50656,366.75754,176.38914,311.12376,368.94989,-74.86131,180.61125,585.5247,222.77178,170.1436,608.34713,-59.10268,139.81131,608.85887,220.33626,126.72284,620.44892,-60.226,221.81511,671.49034,128.5174,192.66811,693.09707,-172.47473
8,downdog,nonstandard,146.66368,305.73697,4.4358,137.30977,307.45695,-13.28054,136.73417,306.30171,-13.46198,136.18712,305.27007,-13.46558,137.13597,307.83445,8.24581,136.50174,306.91352,7.90313,135.65683,306.05731,7.81802,132.55715,295.75373,-57.98556,131.7554,296.05456,39.44708,151.06025,297.37059,-6.01337,151.215,297.81954,20.8928,141.95422,271.17041,-86.10646,141.73376,263.35119,84.35482,114.80673,333.6656,-117.79123,114.56955,315.08937,81.57248,64.49737,338.54844,-64.58963,67.47694,328.73971,3.2767,45.97937,339.65499,-78.31889,53.08892,330.05285,-4.12801,45.13304,335.91203,-72.68868,53.0025,328.68194,-19.06835,52.10833,335.40014,-61.40534,57.70228,328.94596,-6.59726,239.1652,163.81802,-61.57784,233.58221,165.75287,61.47258,300.13376,239.38395,-32.50586,297.29483,241.35909,54.84236,362.0395,312.016,-13.09673,353.36675,305.41935,87.74866,377.59188,324.23049,-14.73678,367.82252,315.86979,89.20221,330.38671,332.1933,-52.68154,324.14767,327.18837,60.55052
81,downdog,nonstandard,918.70612,728.6818,17.89302,952.95194,721.21482,29.37547,955.17406,715.7322,28.56877,957.3411,710.17372,28.60113,952.63767,720.95179,-32.0714,954.74839,715.21738,-33.00264,957.33592,709.08947,-33.49434,960.28438,672.85209,98.93773,960.25899,671.90375,-180.9098,901.11718,704.08086,67.10377,901.41705,702.90789,-21.17275,908.96496,580.41174,213.73104,889.74586,604.68226,-217.93862,1047.9463,725.33618,339.9836,1002.91577,761.27831,-527.22117,1155.31066,864.02312,82.56006,1159.46585,907.97042,-483.83819,1212.98146,869.38886,90.22942,1224.5087,920.18882,-573.95974,1216.50267,877.3935,-0.90228,1234.09098,914.76231,-507.86483,1194.96399,878.11747,44.94532,1210.58071,912.12433,-465.41762,634.15325,241.95571,177.30059,604.75543,236.12151,-178.05561,471.87455,541.05378,260.37057,449.5317,542.42951,-70.78606,309.37643,809.72234,448.30839,282.30601,835.51141,47.94651,260.10845,836.01935,453.07593,230.55169,861.94846,50.35026,380.7309,897.29104,312.9057,357.33741,923.9692,-114.89511
82,downdog,nonstandard,266.05848,303.49983,-18.19335,277.38834,312.07473,-13.36964,279.56812,311.47555,-13.6715,281.48214,310.89376,-13.71985,277.21941,312.51868,-39.1422,279.46113,312.19587,-39.43276,281.85009,311.91241,-39.62797,293.35682,302.57805,24.28422,294.27875,303.10189,-92.82939,267.60357,291.91727,4.47367,267.98111,292.35244,-31.87646,296.90701,250.08506,55.40431,297.20246,249.32308,-100.77103,353.33189,295.23732,58.21518,360.5143,307.31007,-206.15612,416.03843,328.1035,-20.97564,422.9139,336.60347,-177.00007,430.74132,328.39066,-23.47236,442.33414,340.69049,-197.05116,437.57544,330.57219,-41.69619,450.47713,337.12451,-186.15804,427.83503,331.54699,-29.7279,439.45724,339.53522,-174.44678,205.1956,121.67657,67.54824,196.04763,114.1827,-67.91892,118.28459,219.42293,105.59887,108.25291,215.87742,-31.75772,56.61574,299.32136,148.83822,31.09412,310.59292,-21.37516,40.10512,315.35308,148.91421,10.57619,329.16994,-22.30873,86.00697,342.93819,102.38706,69.15601,351.87646,-84.49834
83,downdog,nonstandard,3738.34491,2043.58787,138.51058,3864.19251,2018.23553,217.20139,3867.12656,2000.54926,214.36196,3866.48167,1983.24985,214.89076,3863.26105,2020.89929,-40.76945,3867.18027,2006.22399,-44.4346,3870.65082,1991.61262,-45.9725,3856.58599,1856.17833,619.71686,3860.67077,1865.93795,-570.03184,3654.7847,1955.97561,377.26104,3668.98855,1958.693,3.14547,3570.16695,1550.77348,1256.08962,3641.92811,1601.7181,-831.07967,3907.49857,2202.64442,1835.43253,4009.61252,2422.42836,-2173.35453,4361.53505,2527.90518,623.99067,4710.4575,3003.26134,-2108.57981,4528.96007,2514.69159,693.67346,4913.15423,3058.63463,-2559.90579,4550.29934,2517.46971,264.63291,4976.78911,3020.38749,-2195.6052,4508.90297,2539.88327,450.69891,4899.64739,2990.73551,-2000.51215,2260.72417,530.93456,811.03016,2236.37359,499.14101,-813.28962,1839.76298,1705.31037,1157.72008,1817.30993,1735.72781,-786.04347,1066.67175,2451.21908,1921.92537,986.92278,2537.51699,-530.51329,863.22215,2568.33549,1938.30843,776.09613,2660.74264,-550.10927,1397.43613,2826.96267,1380.04404,1354.49802,2906.03453,-1254.19802
84,downdog,nonstandard,269.90029,218.49125,13.3081,278.94775,217.62367,16.11663,279.76964,216.6008,15.86705,280.56451,215.29144,15.89094,278.96983,217.21039,-3.05984,279.87789,216.01803,-3.3455,280.87189,214.6566,-3.47838,283.99768,205.66566,34.62278,284.06163,204.84264,-52.86298,266.41532,211.59191,27.55146,266.8276,211.16196,-0.08171,270.94291,172.62009,71.08042,265.25218,178.57403,-66.65375,311.75519,215.32709,114.67921,301.50129,227.59655,-163.63129,347.35277,256.38962,41.97135,349.63877,272.72579,-153.24922,363.25977,255.66174,44.41251,370.08452,274.28509,-182.42393,364.30374,256.92104,18.05578,373.11217,272.43292,-163.19492,359.0883,258.92786,31.18533,366.75115,272.16808,-148.08885,189.10078,71.33857,54.49122,182.26094,69.39324,-54.74366,139.35076,162.1048,78.09345,134.09873,162.78896,-26.31041,90.5866,243.20892,137.78344,85.45083,249.45486,15.77725,77.09583,252.84571,139.44963,71.55589,259.60684,17.51517,117.96205,270.66051,98.11217,110.77905,277.3402,-29.4609
85,downdog,nonstandard,322.43399,394.01651,-33.28534,310.95905,395.51419,-53.21914,309.89179,394.8887,-53.43305,308.93033,394.15155,-53.42085,311.35499,395.38184,-23.93382,310.50689,394.80963,-24.26607,309.60175,394.22296,-24.35267,306.9768,383.78497,-105.9561,307.62106,385.04993,27.95386,327.34662,387.0972,-45.48176,327.53684,387.32458,-8.37968,323.29395,358.15323,-153.21539,321.40936,353.34341,109.5229,289.50872,413.65662,-271.26819,288.08487,403.83716,126.26698,236.69268,463.32025,-286.31827,245.32141,440.1636,-13.06461,223.33115,467.92255,-323.77819,233.13066,440.63412,-25.40216,218.00066,462.02844,-303.88149,230.98872,441.44769,-53.64532,223.99649,461.59943,-279.01669,235.22154,442.03098,-30.25071,432.44138,268.75555,-91.44495,428.59969,265.21759,91.36216,490.62067,356.12506,-51.91215,491.64391,352.67282,113.01993,549.42334,433.6528,1.37702,540.91003,423.26245,185.87671,568.03862,448.45441,-0.48636,555.76003,436.41101,189.16339,513.28899,458.35052,-88.66608,507.44073,447.83911,120.12617
86,downdog,nonstandard,236.81089,240.75362,10.26982,243.30809,242.64121,17.15306,243.91056,242.09797,17.0062,244.48305,241.46488,17.00696,243.80751,242.56482,0.35697,244.76709,242.02518,0.17182,245.76571,241.43786,0.06352,247.34453,236.21655,47.87705,248.67894,235.81419,-28.93756,235.87797,234.75004,25.95124,236.62788,234.76843,2.2791,239.19053,214.21578,85.87454,243.1741,214.39137,-51.45445,260.52704,242.46882,133.19654,274.92159,247.14683,-123.12338,287.27626,259.38159,85.86775,304.77299,270.03789,-114.76381,295.93783,259.46051,90.8237,314.07944,272.7781,-133.03717,298.12265,259.24994,71.53588,317.32349,271.61237,-117.92838,295.52645,260.50644,77.85507,313.68399,271.02999,-109.70178,181.86134,159.03475,51.0157,186.03012,158.81949,-51.18017,149.07329,212.76726,52.4375,148.21577,213.3263,-59.19882,111.5555,248.16731,80.81641,103.24897,255.02276,-62.23779,101.82019,250.04698,81.02179,92.30185,257.73231,-64.53392,119.76515,266.22757,50.93868,111.07256,272.00245,-107.59216
87,downdog,nonstandard,444.9076,482.5457,60.01787,422.0835,504.8971,9.23335,416.34169,504.52767,8.76758,410.40798,503.65104,8.76862,425.97994,505.02134,87.01596,423.03886,505.19374,86.15667,419.71735,505.21804,85.879,380.19479,486.72245,-132.28201,389.81885,489.55405,224.41045,435.43357,459.52446,24.88239,440.74135,461.96722,124.19146,363.82901,401.01608,-263.14929,387.98933,412.13614,413.13018,297.06625,580.12396,-510.1698,316.67472,568.0275,446.93596,168.28346,729.37782,-486.94988,218.04489,687.47845,104.74333,122.71801,745.57819,-566.35161,180.16626,698.47349,74.00008,116.14164,736.21668,-519.18434,174.70953,694.06806,7.69416,135.72725,729.55536,-467.82742,189.02937,691.76196,62.61822,639.04831,176.68653,-235.63765,640.74763,194.59733,235.15532,768.29659,455.89714,-152.27035,774.45213,452.95667,213.72173,907.68129,693.48117,-111.15988,892.93053,681.2951,347.19097,956.09314,738.46368,-121.48417,939.47821,726.26577,353.54028,792.80397,752.42207,-293.5321,792.68224,737.12498,226.87854
88,downdog,nonstandard,415.88707,313.56949,49.03899,425.53226,312.09105,51.15753,426.08864,310.68563,50.83112,426.5411,309.31778,50.91054,425.62782,312.76571,26.15931,426.33003,311.93029,25.80541,427.09023,311.23655,25.65748,428.93036,299.22071,77.35057,429.85161,301.91262,-37.73227,410.47588,304.76217,68.45225,411.13289,306.04517,32.19339,405.67966,263.04737,137.73432,408.90919,285.30782,-53.04243,422.17579,316.43895,256.72693,432.58263,360.25709,-132.89011,471.10424,326.88506,233.57216,497.17255,375.64917,-75.48283,487.53433,328.86271,254.71025,519.30714,382.46899,-105.5833,489.80331,332.02457,220.80587,521.47835,376.71086,-78.82661,485.63293,333.52269,223.29729,511.81915,372.96633,-66.18445,269.83448,185.02341,72.88949,268.02975,200.59792,-73.16988,241.99383,292.67318,147.07703,238.91241,315.28982,-65.26263,142.79058,314.00648,217.67879,126.74017,349.70647,-39.43301,120.56485,323.38572,220.60371,106.1832,355.00689,-37.08004,158.34744,345.22877,207.54711,152.96007,378.98569,-49.26023
9,downdog,nonstandard,203.63546,221.17431,-74.80229,191.83493,221.06604,-94.43492,191.33072,219.76081,-94.68356,191.05923,218.52549,-94.62379,191.46385,222.36126,-68.7589,190.80858,222.23202,-69.253,190.28538,222.25243,-69.41298,190.4121,206.21904,-139.74927,189.63118,211.52218,-24.25634,211.33671,213.21824,-83.93745,210.89413,214.54754,-52.2029,229.82819,175.2736,-158.70768,207.99633,174.21439,27.40209,197.18367,251.54683,-219.00818,168.4453,237.66011,19.71438,137.59581,309.89033,-216.43133,124.10767,296.36674,-76.74069,114.73042,312.71761,-248.83804,101.49317,301.11255,-95.04175,110.6291,308.46401,-243.27711,100.29028,301.42081,-113.91996,118.48536,307.10551,-215.77297,108.04993,300.89448,-89.84818,369.01657,86.95114,-59.10272,347.97302,100.35454,58.96014,432.82402,197.34136,-52.60371,413.86177,205.50236,52.81847,518.93578,282.08685,-23.98142,487.54486,273.54635,95.97334,543.55232,295.21086,-24.09976,514.57325,284.32265,99.27549,483.7743,321.08954,-78.96337,466.45172,314.00705,59.83556
90,downdog,nonstandard,446.2038,382.29234,-69.21874,463.94153,387.20228,-49.23154,466.50662,385.40153,-49.56163,468.82529,383.15195,-49.53904,463.38892,386.08772,-111.01707,465.54308,383.54141,-111.40808,467.5199,380.43533,-111.68902,481.43454,364.21931,39.59938,480.08738,362.91731,-243.14528,440.98549,366.05906,-25.786,440.92016,364.36732,-111.08308,459.20954,302.61954,140.22962,462.54292,300.14748,-335.09943,514.82449,402.87241,163.38691,518.46991,409.16527,-542.04731,597.15118,483.55573,-26.96295,610.60686,488.88874,-529.55265,628.66707,490.51809,-35.5601,643.87593,497.75691,-595.13927,635.40344,482.9159,-85.05762,650.29173,489.4,-562.41736,623.73657,478.65039,-52.55947,637.70399,484.16252,-520.98827,322.84873,125.65714,166.97419,326.92807,122.02495,-167.34834,308.42271,295.00378,177.9646,312.38439,296.06944,-216.63523,178.62654,423.85954,193.93839,173.81179,425.75811,-157.89768,145.59749,429.54983,188.06102,142.12615,429.16489,-157.09614,195.10813,496.16511,65.51129,188.18574,501.40384,-296.03057
91,downdog,nonstandard,1117.72217,1660.30389,-90.81767,1067.82313,1667.06026,-184.52412,1063.32286,1662.73986,-185.67097,1059.50401,1657.68102,-185.53371,1068.00134,1667.16795,-60.66705,1063.22056,1663.17574,-62.47277,1058.25816,1658.79506,-63.01779,1045.44994,1607.71126,-443.31786,1042.97729,1611.82403,122.76001,1138.5303,1616.06843,-150.94644,1141.03415,1617.9763,5.43485,1094.92374,1463.32246,-580.13625,1082.75791,1438.50187,411.64865,876.9533,1727.43378,-999.32666,849.90074,1659.96462,504.45367,620.1903,1945.65694,-952.90429,614.32714,1833.3544,-98.75999,533.86656,1955.26429,-1094.48782,538.36743,1834.86529,-151.93226,516.64686,1943.47484,-1006.49163,528.24445,1848.51263,-276.27927,545.32153,1943.29155,-917.72085,558.2674,1852.6867,-172.37145,1663.71094,1012.88986,-345.76362,1647.76324,1032.55712,345.01795,1933.67743,1422.6097,-187.06423,1922.70273,1443.42019,461.55531,2234.58033,1834.89916,109.18956,2177.46532,1776.85767,853.03534,2305.48266,1890.11608,112.43928,2254.06539,1845.13328,878.20632,2042.10953,1931.08529,-214.68398,2015.95992,1879.12947,618.688
94,downdog,nonstandard,1881.92384,1832.92221,-253.08108,1784.86422,1877.75715,-436.84562,1770.32934,1870.79804,-438.84724,1758.67914,1864.49492,-438.79366,1799.47688,1882.99136,-161.22422,1792.47078,1878.53656,-163.89132,1784.31149,1873.66913,-164.49484,1723.36493,1793.34668,-963.91046,1727.9153,1795.32055,302.12696,1902.28909,1753.23039,-387.78881,1913.31137,1762.7603,-35.46513,1799.08403,1491.65198,-1410.60382,1773.81579,1459.38944,987.5424,1446.81152,1891.80198,-2516.2749,1439.88707,1831.6318,1228.79179,969.04858,2215.4033,-2651.82903,1020.38577,2121.41069,146.8538,838.36835,2249.35446,-2962.81735,902.06154,2139.81832,70.12973,814.58902,2231.65625,-2787.5096,895.01874,2141.33281,-170.82171,864.45566,2223.96798,-2584.24481,933.07412,2137.37398,0.99968,2613.64959,701.84955,-846.30259,2600.3377,710.18098,845.34658,3109.74437,1414.09177,-488.31786,3121.86916,1405.21678,1002.63705,3645.28309,2091.56197,-252.51067,3555.33901,2048.94304,1602.22287,3798.86746,2196.79755,-295.62535,3702.61559,2144.10112,1625.22344,3327.40539,2282.89436,-1052.98328,3289.25739,2227.31561,1106.91953
95,downdog,nonstandard,689.662,527.30667,-29.47825,713.79921,529.81742,-12.09287,715.93674,527.38679,-12.60088,717.16358,524.67564,-12.55199,713.16282,529.5814,-63.65483,715.01288,527.16422,-64.2958,716.4098,524.43318,-64.56931,718.60257,502.9289,74.16029,718.46,501.41278,-161.64669,681.84165,510.53595,18.41489,682.88074,509.75336,-54.73026,686.75194,445.73489,192.61454,685.16564,446.26482,-210.84344,767.97001,547.13882,275.17853,776.46496,563.75569,-456.31102,838.61349,631.23303,23.0668,863.72517,665.36493,-457.74718,867.09039,631.87162,21.37011,895.3862,673.88431,-529.55981,870.96128,634.27473,-45.18007,901.13488,670.08156,-478.82106,860.35313,637.0265,-6.94608,889.40644,667.15279,-442.34602,457.87104,281.17127,139.88157,448.67171,274.65395,-140.30784,316.52305,449.74127,241.8243,303.17249,447.69191,-129.9912,215.39499,581.87883,387.1366,175.72648,610.15144,-86.5323,189.39922,602.58348,390.85395,144.92606,627.2942,-91.80956,271.92447,639.96461,287.70926,243.46997,657.01472,-241.32726
96,downdog,nonstandard,66.01571,89.45678,0.79737,62.80337,90.05491,-5.08046,62.49211,89.66314,-5.14583,62.20658,89.26561,-5.12861,62.62664,90.08687,1.80472,62.21589,89.74319,1.67178,61.79605,89.36563,1.62329,60.53794,85.65149,-20.77432,60.26969,85.726,10.75579,66.95004,86.49582,-2.73363,67.14014,86.41402,5.96105,65.0222,75.4714,-30.14959,63.72207,72.74999,28.52743,55.96744,98.72597,-52.57712,54.31745,93.44229,34.06581,41.10565,120.8279,-48.94934,43.80243,111.07015,2.45549,34.41386,123.55945,-57.72948,37.8576,111.16575,-0.01657,33.92008,121.70317,-52.78018,37.39642,112.08172,-7.2469,36.74268,120.6873,-47.06742,39.40038,113.04182,-1.64533,110.53599,51.39988,-19.02467,107.27972,51.7102,18.95471,123.2648,87.6499,-15.34714,118.34593,85.11212,29.31968,146.60758,113.65158,-3.06292,139.26111,107.97583,48.14011,150.45068,116.94632,-2.87901,144.38337,111.77263,49.45983,137.66675,125.35644,-18.92041,130.84265,117.59301,37.73191
97,downdog,nonstandard,123.80803,165.46946,-43.81669,114.84192,160.49696,-62.24379,114.55159,159.06927,-62.44215,114.61806,157.67347,-62.44747,114.60933,160.86617,-32.81349,114.17422,159.79027,-33.13474,113.85771,158.62956,-33.2373,116.87071,147.61754,-112.84808,115.55635,148.88086,20.53025,132.12484,161.38187,-56.97763,131.54268,161.52321,-19.97418,154.29118,138.35466,-180.53488,154.91424,130.27753,107.29635,145.39562,210.58357,-262.14481,142.30827,202.47627,113.47497,119.27675,272.52356,-261.87699,122.74448,261.18557,1.30069,101.39185,280.71741,-301.99935,106.6884,267.07056,-12.19908,98.2814,278.30664,-288.19059,104.84267,268.20429,-41.7468,104.54769,276.08765,-257.51647,109.69367,267.97314,-16.61287,267.61899,58.95154,-90.06096,263.32893,55.20946,89.93282,312.09133,160.87509,-65.95811,311.08362,157.68034,79.41345,362.19301,253.19763,-12.04484,357.18913,247.52392,145.73382,377.32061,269.85876,-12.97621,370.59851,263.84216,149.07983,318.37647,275.1083,-110.0351,318.37596,269.96235,69.55083
98,downdog,nonstandard,291.44585,364.06893,-72.91498,282.68418,365.71378,-92.30784,281.53792,364.62498,-92.48646,281.25006,362.4638,-92.47916,283.622,365.26537,-66.59981,282.72244,364.44277,-66.85917,281.82721,363.57391,-66.89989,279.03825,349.9203,-140.95071,278.57852,351.70281,-23.27631,294.35867,351.92117,-84.49215,294.89717,353.22183,-51.65396,287.71299,315.61467,-180.89144,288.28287,317.59441,53.23431,262.17926,353.66449,-283.95551,251.42044,353.88714,102.11144,215.37222,389.7053,-314.87453,214.76126,379.2879,51.82983,199.97294,393.81009,-349.84493,201.53715,381.04251,47.50366,197.69615,392.28374,-336.80889,200.41621,382.33301,26.87256,202.95885,391.18016,-311.17275,204.48118,382.82341,40.02086,361.99585,224.67001,-82.12111,358.08215,231.25182,81.94435,408.64864,289.67792,-8.65919,395.15266,292.81589,166.94123,456.25186,360.56268,51.84043,433.59029,350.12227,254.15885,470.13074,365.08256,53.24377,455.51556,345.90492,260.62286,447.49081,397.25599,-10.77056,427.8152,379.42201,223.79045
99,downdog,nonstandard,379.59753,379.15565,-55.79947,363.56181,387.44252,-94.95993,360.73856,385.62,-95.37683,357.98102,383.71279,-95.38163,364.38456,388.82926,-37.33832,362.31836,387.94724,-37.89755,359.92327,386.89221,-38.034,340.96254,367.89659,-200.27936,344.00552,369.84812,64.49094,380.20876,361.20913,-82.09245,381.91305,361.95701,-8.38578,337.39816,290.83081,-277.36333,354.06553,298.00396,200.86069,264.51262,371.46062,-474.25296,262.93756,364.85558,268.97399,146.30788,425.09135,-482.58556,165.46636,397.93231,86.83042,118.89286,425.04531,-535.83012,145.83962,397.06043,72.93633,113.46538,422.69286,-510.06923,143.30486,396.25188,30.68749,122.18865,422.04592,-471.93316,148.41061,396.45067,60.63501,488.64005,109.35137,-171.53993,493.90054,117.14559,171.26446,595.82596,256.57711,-85.40641,595.25154,255.31809,238.54142,711.80608,389.21204,-16.10646,696.15538,377.21037,391.12429,744.37393,404.60896,-21.27039,727.34643,394.37495,399.6641,651.63484,431.76272,-163.98319,640.99151,419.15308,307.49432
236,goddess,nonstandard,112.90685,76.59883,-128.38871,115.51476,72.00548,-119.44955,117.20965,71.99789,-119.53256,119.09645,71.97427,-119.51534,110.01057,71.46394,-120.28268,108.10729,71.28063,-120.3793,106.65471,71.28528,-120.42508,120.37727,72.94501,-67.68028,103.27709,72.4634,-70.9815,115.72997,80.65889,-108.13764,109.0921,80.83764,-109.84046,132.42035,97.66846,-38.42649,89.02615,94.4986,-39.44944,155.20888,107.30067,-81.19118,64.23471,103.32864,-86.96549,162.95392,86.30201,-167.48767,61.06774,76.39401,-162.28346,164.72932,78.64609,-184.72595,62.45411,68.24934,-180.21392,160.82155,75.70758,-186.40824,64.89976,65.78838,-178.54663,159.23659,78.93563,-170.07391,64.76996,69.21112,-164.46618,122.77204,149.8896,0.43519,96.97806,150.10347,-0.49841,157.1955,179.2413,-62.00187,59.91734,177.47897,-49.494,151.12522,209.13809,36.65364,68.30221,202.56957,56.02684,146.3119,212.62611,44.77972,73.05382,206.20985,65.5022,161.34696,224.33956,7.07494,52.29289,216.15784,31.71198
237,goddess,nonstandard,218.7574,240.53684,-114.94242,224.71076,230.95177,-95.91266,229.09302,231.60299,-96.07971,232.19031,231.81555,-96.02229,214.44126,229.61267,-96.14268,210.6687,229.19531,-96.42974,207.61972,228.99063,-96.53602,235.85902,233.73446,2.14141,202.77548,231.90113,2.26919,224.83929,250.22791,-75.92385,211.14566,248.11941,-78.09295,265.89327,280.53112,39.12275,171.09202,281.31287,50.29082,334.38246,245.3862,-16.82409,95.60472,254.02636,-17.99467,338.6368,169.08285,-98.97662,80.6553,178.71975,-103.47238,343.8561,149.29538,-118.4014,74.31874,158.21518,-123.65281,336.03605,147.53426,-114.63319,84.98532,153.27291,-121.49867,330.70321,155.45227,-99.94117,88.81311,161.58072,-107.67824,245.39532,431.80183,1.52847,181.41064,430.19318,-1.77022,355.81487,459.9427,-164.2178,70.8089,457.047,-156.25678,316.62433,557.42531,18.31312,86.91456,556.46942,6.76958,303.61541,573.43849,33.3501,97.77487,574.59068,21.73823,359.43535,584.59908,-39.20392,37.30016,579.32556,-49.29728
239,goddess,nonstandard,399.00055,162.02684,-65.22667,402.67873,157.27886,-47.4645,405.33299,157.45393,-47.56983,407.83873,157.79283,-47.51776,396.16034,157.45178,-47.79745,393.92087,157.7296,-47.93611,391.92686,157.9948,-47.97276,409.7518,161.0387,30.92771,390.41836,161.27562,29.80334,403.0921,167.83617,-36.57443,396.12801,167.85834,-37.99423,428.31554,198.6818,58.66472,374.65842,198.02518,57.13003,447.07718,233.15502,-10.86103,353.81882,233.02636,-33.05411,407.57508,228.12542,-147.57174,392.08291,227.43066,-170.2594,402.82798,217.3579,-176.39586,396.4833,217.63493,-201.314,402.06289,214.73913,-173.10722,397.0293,215.08426,-194.17454,402.54455,218.57562,-148.4064,396.05448,218.73329,-170.92077,418.86082,277.63463,1.75358,383.74975,277.90201,-1.92044,476.01252,304.14656,-118.24204,329.36664,307.61677,-127.69691,485.28099,367.63905,2.17887,317.08579,368.33276,-16.07929,479.62785,380.41028,10.70678,320.61281,379.53258,-7.47346,515.12141,379.87318,-53.03278,287.39583,380.64233,-71.2762
240,goddess,nonstandard,690.47855,163.72127,-194.11006,699.78013,145.33073,-153.97429,707.20996,145.08015,-154.33627,713.30113,145.06689,-154.19386,677.87002,146.76102,-154.27825,671.30502,147.72066,-154.74924,665.36246,148.24428,-154.94461,721.72852,152.4345,46.19019,654.93137,157.55652,45.11991,704.34367,182.19378,-118.61649,681.34148,184.25107,-122.18688,785.81257,267.27405,106.72606,608.27753,274.43374,111.24517,794.71076,411.27973,-130.98273,605.92842,416.78901,-157.00839,712.467,314.33668,-483.31079,681.29173,315.35214,-493.2106,703.31163,276.44994,-548.69231,691.20305,276.80394,-565.37905,709.17004,267.7437,-536.67504,686.13693,267.31232,-541.76983,709.42606,280.48951,-483.81961,684.87112,278.72861,-493.34559,750.62275,538.94372,1.75596,641.39727,536.61043,-2.06655,937.71589,599.52845,-264.71396,450.8381,593.87665,-344.52799,967.89833,809.79422,-0.03908,419.70169,795.23811,-65.90822,952.9009,844.18908,16.70955,444.86242,829.43412,-43.1236,1060.5996,848.17361,-142.94524,328.73022,852.74772,-187.61144
242,goddess,nonstandard,349.69381,94.95744,-46.55412,355.33998,83.74638,-24.75736,359.62914,83.69796,-24.91566,362.22312,83.90029,-24.80753,344.7403,85.60134,-23.74292,341.45486,86.05635,-23.99172,338.35572,86.29105,-24.05791,368.91508,89.33348,71.16757,334.63297,91.51235,75.7351,358.70732,105.70993,-9.60441,344.69538,104.72506,-10.29953,400.83252,143.74538,129.71845,307.5546,143.54036,145.65108,471.22997,152.49098,176.73135,236.56892,157.69218,230.08442,469.58558,89.97069,211.09238,235.42702,94.38162,298.61609,471.12746,72.94472,216.75173,234.33054,76.63697,305.78713,462.02702,72.11012,214.89224,240.80888,74.61672,310.79798,457.65369,80.19657,212.7326,243.40828,82.0282,300.98548,383.87849,275.42732,1.2185,321.44049,276.16854,-1.28006,477.64461,329.54889,-116.88334,229.1959,325.67995,-159.87907,473.11313,412.91395,69.09693,244.26599,416.23366,29.10493,460.94282,426.81833,85.17635,255.90259,430.20939,46.28457,513.09652,444.90556,12.44915,202.61327,443.10679,-25.66396
243,goddess,nonstandard,272.78933,120.26332,171.60959,266.32738,111.47625,143.66058,262.80291,111.51392,143.46635,259.15082,111.49352,143.50387,277.07007,111.78867,141.37938,280.6161,111.85352,141.10012,284.22731,111.75168,141.08934,251.31297,117.18,49.21713,287.39551,117.30424,38.17279,266.64202,128.83455,147.79649,278.12309,129.59819,142.53372,211.69102,177.22416,19.85179,319.19439,175.43652,7.57579,127.91823,172.62518,92.86377,393.35991,158.88241,54.3494,119.90832,96.21699,192.7885,400.18548,84.86886,156.34538,109.65815,77.61963,197.09688,414.11233,68.26496,153.9025,123.68116,74.58065,187.65443,399.3929,62.37982,151.97803,129.84025,81.60741,192.23597,391.90287,69.16438,156.55878,234.22246,330.16495,1.95751,301.08827,330.1495,-2.37305,123.74498,336.65892,104.51664,397.96844,335.54866,127.90993,95.49614,451.74631,146.89996,430.5521,450.10202,162.82509,100.99788,473.17446,153.06585,427.33624,472.29962,170.15537,54.94993,464.75924,167.18161,463.84503,457.3475,189.3232
244,goddess,nonstandard,318.82842,122.66364,-371.01383,324.05736,113.9197,-345.69412,328.37145,114.74622,-345.92504,331.30998,115.52621,-345.80621,314.36435,114.01793,-346.71438,310.66216,114.77869,-347.00656,307.61408,115.71792,-347.14893,335.60296,120.93413,-200.88653,302.71542,121.5081,-205.77701,325.77392,135.23172,-314.69762,313.52885,133.92244,-318.165,362.47649,184.14089,-87.81002,271.15732,180.06488,-108.14188,436.73985,191.47829,-115.51444,198.0707,183.77739,-162.62008,458.40062,126.24418,-283.67877,180.8502,116.5024,-332.95676,461.90973,104.9549,-318.58203,181.83632,96.43611,-380.07147,457.93523,99.68893,-335.87344,184.47591,90.87282,-384.56502,454.22179,108.29877,-294.08115,185.85668,100.28953,-342.18685,340.79804,320.38436,14.28169,281.68543,320.07603,-14.46028,404.12719,411.55827,-27.01069,224.59163,413.09367,-75.95479,428.2332,493.77507,223.89446,205.25524,495.64655,173.62479,422.58535,504.31768,241.61703,210.79938,508.73943,193.15123,443.44328,521.52043,95.10308,193.05333,523.40796,46.84614
248,goddess,nonstandard,170.60447,96.64751,-151.38134,176.0495,88.43535,-131.4832,179.24281,89.10199,-131.64497,182.49518,89.82273,-131.57876,166.26216,87.98606,-129.12995,163.33104,88.02757,-129.38205,160.69554,88.17141,-129.48006,186.45593,94.13691,-31.24609,156.35386,92.78412,-20.38736,176.45775,105.72546,-112.66448,166.01422,105.21007,-111.2924,215.07265,146.88654,22.7342,131.10163,146.11642,45.16377,280.43819,132.85469,-16.09724,65.39146,138.62013,7.73783,285.23574,68.40052,-115.68886,58.49122,75.5401,-83.4168,290.77991,50.10864,-137.78495,54.79438,58.51021,-105.82872,284.18322,46.19256,-141.05692,62.30811,54.44213,-105.89727,278.09815,54.54911,-119.30156,66.39191,61.8615,-88.05019,200.10366,272.08635,-4.12348,149.44213,272.71936,3.96465,277.63466,335.68705,-117.53725,72.23592,333.43387,-142.08953,267.96048,414.50195,67.57615,87.08319,412.19816,38.00079,259.04992,428.02097,81.28002,95.02493,425.77282,52.95709,305.68144,439.33369,-11.41101,48.03124,435.23434,-34.48431
249,goddess,nonstandard,554.84516,178.97625,-221.72541,561.87569,167.53178,-185.30964,565.00561,168.43218,-185.52343,568.84224,169.08581,-185.41275,545.61928,166.6329,-188.90312,540.20226,167.02974,-189.24364,535.11742,167.51584,-189.34973,571.56364,174.35534,-17.9912,524.44061,175.36476,-33.45463,564.04701,192.84746,-158.3964,545.12745,192.19246,-165.57404,613.89748,238.84393,66.8381,488.00751,239.73011,45.93277,705.42152,231.04594,4.99167,395.38666,240.98736,-33.71459,707.9287,148.07648,-152.22631,374.6286,154.38766,-172.66727,711.47919,122.32633,-182.7022,367.54272,129.59054,-209.48832,702.63268,119.92779,-188.42737,381.70029,126.5378,-205.61357,697.46918,130.0843,-158.01066,387.86999,135.59998,-177.79568,597.67017,429.20421,10.39975,518.0901,432.03268,-10.63329,714.05975,482.83831,-230.47647,391.5527,491.99674,-279.02533,722.58942,604.03931,32.42943,373.52383,613.85847,-14.78248,710.97198,622.18941,51.50719,388.0761,630.67158,6.45246,774.43771,630.46928,-93.23054,325.5909,646.97074,-133.71867
252,goddess,nonstandard,463.06085,184.96182,-617.35214,477.10404,169.87433,-583.97736,483.91892,171.49633,-584.3685,490.54885,173.25341,-584.27857,454.84671,168.13076,-584.11927,449.28488,167.95599,-584.68897,443.56373,168.34401,-584.9348,499.73667,183.8119,-375.76732,436.10093,177.80113,-375.09302,474.60789,206.70388,-535.34109,451.14833,202.38522,-538.39087,555.79135,294.32991,-223.34556,379.47853,283.5712,-220.22766,702.79917,305.88046,-255.57972,232.867,289.51241,-284.38631,805.56459,216.08516,-475.85531,143.96545,191.9158,-511.22865,833.37794,188.27777,-520.93955,120.31956,166.83852,-568.00827,832.4483,176.51349,-569.17008,128.16101,150.82344,-604.51464,820.65373,184.39012,-502.69848,135.57007,161.76007,-537.82013,512.48248,542.29872,-3.897,397.89452,535.31587,3.50036,687.45011,657.43954,-204.94066,203.178,626.503,-250.50526,706.06906,844.81377,77.92757,194.02765,807.89799,60.53556,687.49738,875.2388,94.95492,205.29609,836.60061,84.61755,777.9202,877.08892,-79.86155,105.27377,827.43895,-73.71016
253,goddess,nonstandard,308.5925,50.52006,-60.77829,314.4477,43.93384,-46.70497,317.99001,44.68737,-46.83438,320.07298,45.06586,-46.79838,304.64332,43.73547,-44.77838,301.65006,44.08008,-44.94781,298.85975,44.5272,-45.01762,324.19304,49.45146,24.9966,297.21579,48.4148,34.23375,314.84338,59.2842,-33.59955,302.93484,58.69016,-32.21066,351.12457,98.44002,46.20102,273.64346,97.96737,62.07479,361.48934,155.55365,-49.21078,262.85666,155.98799,-46.26276,318.06067,116.60528,-181.7776,304.6823,115.71394,-175.97967,312.15373,101.66998,-207.3603,308.70852,100.51047,-203.45042,314.43296,98.16842,-197.47803,307.43906,97.56736,-191.13435,315.46112,103.27573,-179.38911,307.10739,102.74419,-174.75974,334.32699,209.51827,-1.37087,283.77085,210.90855,1.21614,423.77809,232.6102,-126.42135,198.37636,233.16008,-131.10619,415.08645,322.72079,-12.84795,201.84541,321.83402,-19.73008,406.89,336.19819,-5.03292,209.28369,336.70546,-10.59567,453.62204,336.09318,-69.05273,163.85655,338.3175,-72.20963
256,goddess,nonstandard,296.04054,83.77432,-117.91257,299.36409,76.95157,-104.82019,302.67199,77.02656,-104.95235,305.28993,77.16709,-104.91382,292.24889,77.10887,-105.7881,289.49375,77.27666,-105.97612,286.46885,77.37058,-106.03929,307.95242,79.45521,-33.07757,282.14924,79.88425,-36.59974,299.96673,91.92364,-89.42192,291.48955,90.91364,-91.84223,330.92105,117.17211,5.04103,263.24519,117.70801,6.80887,381.51775,104.44,-28.59382,212.22261,113.97275,-41.94139,389.51962,59.04522,-119.91603,197.78553,65.74372,-125.98567,394.52996,43.71629,-137.98816,191.45468,52.59112,-146.02075,389.91767,40.46158,-142.69136,198.46545,47.20577,-147.39193,384.88207,47.07974,-123.9956,203.96357,53.35117,-130.67885,324.86389,218.03245,1.91862,282.41344,220.74029,-2.03696,385.79498,258.97558,-105.73307,217.90821,262.18265,-124.32964,388.72678,325.44712,10.38506,216.4937,333.27685,-19.48228,381.12261,338.37505,18.29488,224.81143,344.46895,-11.89929,423.7778,340.83371,-44.58009,187.00989,351.82227,-75.58298
257,goddess,nonstandard,339.9959,142.25789,-163.90453,346.39778,129.41564,-133.265,350.54054,129.8176,-133.49361,355.83035,130.5222,-133.41698,330.11141,129.09591,-135.136,324.42046,129.5093,-135.48279,319.66073,130.00228,-135.60809,361.50689,137.84829,10.77773,310.3581,139.257,4.09786,351.33629,158.48711,-109.23229,330.74673,157.59479,-113.88708,405.71523,226.31134,79.81075,265.03962,223.14886,77.00429,505.87981,212.40779,3.45774,159.19098,207.21006,-9.63623,497.98473,115.14877,-154.05711,163.72702,103.24713,-136.48204,506.50172,84.59875,-186.61184,158.68071,75.01861,-169.4057,495.82982,80.77025,-184.53067,173.84976,71.71031,-162.08442,488.72585,93.68725,-156.80262,179.14534,83.57411,-140.04881,370.9332,418.94066,4.34848,284.60156,417.37708,-4.63456,524.27208,479.3415,-207.57968,133.12722,493.82409,-222.76678,540.8795,618.68843,18.01396,134.67156,631.43693,-12.02271,526.98475,640.88612,34.19563,150.14869,652.5378,4.81983,602.54219,656.56055,-77.19616,68.72293,667.50163,-109.23403
259,goddess,nonstandard,671.57947,158.51982,-202.57919,671.13525,141.94617,-154.01075,675.35196,142.45948,-154.26306,679.81423,142.97186,-154.07557,655.36568,140.29632,-178.56129,648.88722,139.67254,-178.99015,640.28089,139.39983,-179.11893,664.80812,151.30023,63.7443,615.29718,150.28811,-48.55276,674.08855,175.06031,-120.64374,656.29652,175.81899,-156.09066,697.89675,272.23373,197.90726,562.33776,255.43579,-40.46425,757.37783,401.5156,11.79772,570.59754,387.25675,-162.58442,702.13702,337.34486,-394.38662,675.19009,340.91749,-266.74454,696.21492,310.6784,-454.39537,689.82527,316.72311,-316.51631,688.63841,299.03988,-452.74798,679.07206,303.0788,-302.52818,685.84961,308.57696,-401.3554,674.09607,310.64726,-262.8901,654.85303,500.94241,94.04788,571.63128,492.65848,-94.29375,829.55654,597.04417,-254.04935,505.34906,613.38843,-640.11976,802.97774,786.77096,-73.87136,446.98023,789.89816,-445.64995,778.94134,822.5112,-66.96955,446.46471,814.8816,-431.61196,891.08564,818.67053,-265.16972,423.97551,838.79545,-638.46434
260,goddess,nonstandard,267.50851,147.73201,-98.01723,266.75426,143.38023,-89.21056,266.50432,143.23129,-89.30508,266.39277,143.15702,-89.26347,265.42823,142.989,-98.47592,264.5432,142.59778,-98.58629,263.44345,142.16912,-98.6152,261.35485,143.17344,-41.35183,256.72294,141.92785,-83.23862,265.01038,151.43429,-78.31633,263.79035,150.66607,-91.28863,272.07862,164.49704,-0.26872,234.84039,162.57637,-60.79478,290.54561,185.73212,29.32068,211.38163,183.73024,-70.60034,282.41984,205.46738,-18.02313,224.47532,206.54361,-106.64308,280.17569,211.40886,-26.99246,228.00764,211.19937,-123.01819,278.00151,210.16065,-39.32639,230.13064,209.74808,-126.58633,277.71984,208.3437,-23.20747,229.7628,208.27628,-108.5884,265.28601,216.90578,16.84824,238.0169,216.86711,-16.92567,303.54203,236.87545,-73.80275,201.12745,235.96753,-150.48095,309.62477,281.03263,-6.15818,196.24572,281.31272,-59.86225,306.44551,287.48481,-2.66297,200.92595,287.46174,-52.80898,325.7648,289.6189,-54.06077,180.30577,291.10931,-102.65215
261,goddess,nonstandard,652.94891,177.43371,-235.69674,660.54939,166.20561,-207.22704,664.68018,166.24914,-207.47244,669.68208,167.11274,-207.37972,648.00323,166.38324,-204.68506,643.05023,166.99515,-205.03147,638.76953,167.76695,-205.15627,674.87526,174.61161,-69.43643,635.53181,175.08408,-56.89537,661.71394,190.54891,-183.10158,646.47186,190.17819,-181.88103,715.62973,247.30486,7.60291,605.20245,243.96644,30.66832,800.89119,246.54709,-15.34635,527.67693,257.99471,19.96291,846.60553,182.57327,-157.94919,486.18385,198.01191,-98.69681,867.69806,173.35121,-184.94568,466.76502,187.81053,-127.7178,865.25711,170.20716,-210.86927,473.48694,184.02939,-148.63375,854.0152,173.75782,-172.44223,483.11409,188.22932,-113.97831,694.29703,418.60751,-1.40208,622.2567,417.85765,1.22822,792.38403,494.1865,-216.16352,519.15051,494.97425,-218.40139,799.50188,614.36281,10.20666,517.05681,613.56905,4.61244,789.12964,636.39885,25.16402,528.93726,632.33983,20.71973,844.85886,646.82582,-110.91175,470.71327,642.27117,-111.39934
263,goddess,nonstandard,218.7574,240.53684,-114.94242,224.71076,230.95177,-95.91266,229.09302,231.60299,-96.07971,232.19031,231.81555,-96.02229,214.44126,229.61267,-96.14268,210.6687,229.19531,-96.42974,207.61972,228.99063,-96.53602,235.85902,233.73446,2.14141,202.77548,231.90113,2.26919,224.83929,250.22791,-75.92385,211.14566,248.11941,-78.09295,265.89327,280.53112,39.12275,171.09202,281.31287,50.29082,334.38246,245.3862,-16.82409,95.60472,254.02636,-17.99467,338.6368,169.08285,-98.97662,80.6553,178.71975,-103.47238,343.8561,149.29538,-118.4014,74.31874,158.21518,-123.65281,336.03605,147.53426,-114.63319,84.98532,153.27291,-121.49867,330.70321,155.45227,-99.94117,88.81311,161.58072,-107.67824,245.39532,431.80183,1.52847,181.41064,430.19318,-1.77022,355.81487,459.9427,-164.2178,70.8089,457.047,-156.25678,316.62433,557.42531,18.31312,86.91456,556.46942,6.76958,303.61541,573.43849,33.3501,97.77487,574.59068,21.73823,359.43535,584.59908,-39.20392,37.30016,579.32556,-49.29728
264,goddess,nonstandard,378.26257,125.72248,-370.76322,384.65161,117.43602,-352.41009,387.77173,117.71077,-352.59115,390.69353,118.19103,-352.5487,374.49848,117.29617,-353.21127,371.15101,117.39535,-353.45707,368.29851,117.57959,-353.56681,395.00883,122.16837,-240.10839,363.85528,121.12186,-242.48388,385.23431,134.03572,-326.37995,372.68362,134.37775,-328.69314,426.53698,168.25236,-149.28264,334.57227,169.17298,-150.09214,493.18027,170.03468,-178.21979,265.83749,176.8538,-183.33431,512.96663,111.83508,-281.49184,249.85994,118.65747,-278.1942,521.81844,97.54878,-304.38282,243.10268,103.41431,-303.87953,517.20567,92.98421,-316.24728,247.76149,100.60093,-312.06255,511.84492,97.58854,-288.74915,251.01445,106.43267,-285.81098,407.34929,281.03044,0.58047,349.7192,283.72092,-0.72473,501.32965,297.75532,-199.1661,263.3464,298.77513,-217.94973,500.65149,395.63034,-69.86614,244.32094,396.06103,-81.50899,491.60044,412.49167,-63.78661,250.90059,414.45408,-72.8398,541.3624,415.81808,-183.12069,207.27916,416.67445,-187.40717
266,goddess,nonstandard,468.86456,149.25392,-325.31613,480.51401,136.65291,-314.04234,488.85439,137.64414,-314.40853,496.19973,138.57449,-314.45955,463.10203,136.08308,-286.35849,457.68718,136.44489,-286.85042,452.43769,136.71327,-287.22039,510.19593,146.51268,-214.70175,449.9688,144.27129,-91.3255,482.44765,168.50038,-284.82512,459.87261,165.53567,-251.84292,514.82841,248.39071,-254.97666,426.31617,247.90072,88.46519,442.05765,327.83335,-219.58518,331.46903,333.96645,-167.0331,383.12147,271.3919,-65.97828,373.8044,276.84744,-610.02864,372.02391,254.77696,-78.09887,383.44059,252.40511,-678.65617,387.10259,250.56985,-83.41277,398.35792,247.12133,-664.23657,391.39374,261.53706,-60.90981,398.14039,257.70998,-618.46034,487.66133,511.22098,-134.83988,429.8333,505.16905,134.62828,427.70295,633.49321,-467.39234,319.98661,563.23119,23.8936,483.57676,815.48977,-356.67871,375.38319,716.44576,296.49422,504.86379,835.26386,-351.47856,391.53384,743.08541,320.64871,438.21627,875.44599,-496.86243,286.59251,759.86851,253.21511
267,goddess,nonstandard,555.34712,147.57829,-573.61518,565.23467,133.59692,-539.32221,571.84954,134.30495,-539.62469,577.54186,134.70163,-539.54633,543.92016,133.11713,-538.4889,537.06905,134.07614,-538.91999,532.86738,134.93543,-539.11461,586.60015,141.04068,-337.73425,525.49678,143.44964,-333.11198,568.60639,164.65158,-494.95153,544.65626,166.39469,-496.43397,637.38742,238.33444,-202.34939,478.07765,237.77881,-204.58978,754.00143,239.79807,-326.7433,360.53431,251.7261,-362.12232,774.48814,133.51898,-575.30665,361.10086,130.20999,-625.65143,776.36533,103.85714,-631.22299,359.51053,97.76816,-691.62362,762.87725,96.50383,-634.9632,376.66762,94.33556,-683.06129,755.79836,109.94332,-582.51103,382.07488,107.40569,-632.26562,603.86052,449.31793,4.42559,507.05234,450.67644,-4.701,736.06038,548.16546,-235.1726,379.50325,562.24599,-244.87969,698.28901,654.10199,232.26925,416.13046,659.02081,240.22107,681.41391,668.37959,272.33056,431.86111,671.94929,285.57748,752.53093,699.90859,124.53656,366.12496,704.82903,145.38766
268,goddess,nonstandard,1840.22324,589.23899,-1023.70965,1859.38064,551.33272,-910.91768,1879.53358,556.94721,-911.83425,1892.28146,562.79839,-911.56429,1806.62802,551.09547,-924.02169,1791.86414,554.87995,-925.17642,1772.3084,560.58088,-925.6091,1904.21307,587.03466,-372.65996,1748.73727,590.61066,-430.69309,1870.24083,646.76449,-819.21668,1798.16481,640.00087,-845.14642,2040.13002,825.04936,-77.62571,1605.56055,827.70085,-148.10547,2342.26954,844.51175,-206.57359,1299.72043,813.56828,-396.05516,2428.54435,527.67639,-657.06989,1219.67537,495.8916,-872.67535,2459.49364,449.22777,-745.15162,1178.38622,411.68727,-999.83397,2425.03553,432.97609,-779.28174,1228.81959,400.23262,-1003.88791,2398.21495,465.55344,-680.80597,1254.9371,431.27261,-899.95961,1976.85926,1450.52511,50.63525,1689.78998,1473.0238,-51.33654,2412.08582,1741.02071,-565.64014,1285.31584,1783.68091,-755.95081,2406.6732,2096.60004,507.43865,1294.89063,2187.45578,146.71317,2361.18382,2152.03976,595.66654,1337.49667,2235.01559,221.71124,2556.77395,2273.83033,179.27994,1172.47683,2345.00408,-245.69234
270,goddess,nonstandard,318.41755,201.56052,51.02579,310.99144,189.44123,8.05208,305.0325,189.33454,7.65564,299.02112,189.49716,7.82817,327.6206,189.925,-4.32908,333.25564,190.29659,-4.93288,338.72119,190.80043,-5.13232,285.17151,201.35188,-105.88481,344.06691,207.01747,-162.21619,310.24547,218.08383,30.60481,326.8379,219.205,10.42875,227.39353,288.05912,-116.23845,399.97176,275.65668,-144.42505,99.54661,265.57615,-68.04526,503.60148,218.13257,-94.03549,85.48198,129.34074,-54.95995,512.58699,103.45201,2.01909,66.51048,100.27552,-86.45318,529.52821,72.16941,-15.12499,93.18445,93.41311,-104.16671,506.75,69.08202,-23.93834,102.35449,105.58748,-64.31576,496.90118,83.26173,-0.92559,272.19073,540.68837,-63.36699,377.35255,521.34995,63.0664,123.94338,620.8147,98.59286,444.91653,562.24103,216.39302,152.30754,769.15169,217.98445,471.16134,714.87226,366.64728,177.28547,791.10737,229.81982,469.05384,746.64154,386.04666,102.10161,780.01637,224.53526,486.41496,692.34419,411.28932
272,goddess,nonstandard,214.92666,131.17038,-157.40172,220.2952,122.27492,-138.44325,222.79495,122.47942,-138.6222,225.7996,122.57913,-138.57557,209.43738,122.09335,-140.31349,204.776,122.1805,-140.57482,202.12443,122.20577,-140.69595,229.90073,124.9503,-41.43976,195.90836,124.3876,-49.59997,221.63296,139.75934,-119.44937,208.7362,139.92075,-123.60736,255.8077,168.74913,9.5976,171.70022,167.6813,-0.97421,314.8925,169.25089,-23.52122,109.68603,169.65602,-64.89848,337.33884,116.50013,-118.49932,96.94756,111.00798,-164.22033,347.7767,98.6584,-133.43831,88.39001,93.43741,-187.50446,340.06467,94.35884,-141.55396,97.25279,89.71842,-187.1196,332.00606,101.57549,-123.74124,102.03497,97.15695,-169.13004,240.83549,296.87285,6.9094,186.69327,299.50005,-7.00965,304.50252,356.36119,-126.97825,121.08556,362.10175,-171.23406,293.23759,422.03935,45.97502,135.73552,434.2841,1.01741,283.62021,433.00503,59.6098,145.48921,445.26247,15.45467,328.2591,441.20795,-8.90848,106.34201,458.52208,-56.46801
274,goddess,nonstandard,600.40594,337.22084,471.4997,589.94273,321.3448,413.92262,583.88563,321.7402,413.56109,577.93896,321.86236,413.58645,608.48142,320.73015,416.35843,615.72199,320.66381,415.87002,623.18751,320.41476,415.80867,567.56944,335.2326,189.67425,630.37889,331.97758,200.88389,591.58883,356.72196,409.36055,609.83016,356.23376,408.77327,498.34675,446.31507,98.28237,709.89608,456.53186,102.4635,328.24372,460.95207,227.42834,864.77065,476.7275,245.68642,321.23913,311.94541,474.82137,875.26377,335.7237,474.32253,312.27111,278.93627,490.76751,881.19698,298.76819,476.94555,339.58073,276.79372,477.1008,858.35143,294.77615,474.89527,347.27454,291.16999,476.83648,846.58155,308.91405,476.03708,542.61421,753.46756,8.37819,668.0444,747.59331,-9.01558,352.40703,844.34903,240.79457,842.50486,833.78112,288.97696,307.57591,1043.12232,366.82062,901.3911,1041.03098,452.85483,316.07107,1077.0328,382.7037,894.23519,1079.03981,476.23143,223.09484,1066.41977,422.77277,961.5479,1041.28275,528.06025
275,goddess,nonstandard,694.07956,166.1863,-234.99977,700.02018,145.77725,-195.38461,706.03271,145.73095,-195.72472,709.7181,145.6715,-195.59522,681.41059,145.37394,-205.41095,673.73978,145.47299,-205.79288,666.38101,145.77409,-205.92285,706.59549,151.06527,5.85763,650.8002,153.17019,-40.09639,701.88209,184.03058,-157.95621,682.11052,183.83416,-174.35562,758.26752,263.86969,83.01543,602.36449,257.22987,14.00119,778.07055,382.22306,-155.83398,630.67479,383.68446,-252.0808,718.18841,286.90239,-520.13185,701.88395,282.77166,-539.41572,714.49395,251.32549,-582.69098,711.53445,249.66732,-609.24889,712.69442,245.23524,-569.21391,703.39602,239.03318,-586.8495,711.16019,255.49306,-520.88684,700.10286,251.19036,-538.9789,717.83407,506.96909,25.3201,618.40565,508.20221,-25.53575,899.67869,562.1178,-288.80848,469.21275,565.35406,-492.58475,877.63283,743.44099,10.08873,453.26419,759.91644,-207.88094,860.72204,773.49486,30.45574,469.23313,792.44358,-185.03005,958.72809,783.53248,-120.68971,374.44454,793.05547,-344.09171
277,goddess,nonstandard,646.61572,185.33931,-167.0124,660.54554,170.07072,-119.07912,666.34738,170.96442,-119.35607,673.95473,171.96017,-119.17686,639.12456,169.82781,-120.00547,632.04168,170.34789,-120.42312,627.26552,170.67037,-120.52544,682.74111,180.52323,102.57511,618.50727,178.72026,98.92895,659.52675,203.27038,-85.06671,636.22705,200.80057,-89.32642,737.90791,292.98557,189.03265,572.15129,288.168,183.29102,794.87658,401.52347,3.37511,511.24354,395.71746,-48.99923,672.65266,380.61956,-382.83473,628.43641,378.71186,-414.95195,657.81997,345.14739,-462.57817,643.92866,348.01672,-498.14457,657.65996,336.3395,-455.0619,642.28863,338.32951,-478.12136,658.82481,348.93541,-385.21878,640.23393,348.3106,-415.7544,709.0969,526.26416,2.80568,604.77101,526.03754,-3.26518,879.94772,617.63165,-272.8259,437.41058,621.73134,-334.2151,904.50305,810.45887,-0.48181,401.85646,808.18485,-57.1504,890.38091,844.64918,15.88452,420.14852,847.82514,-36.38787,998.6499,841.87011,-163.05972,310.76855,847.79263,-204.1063
278,goddess,nonstandard,649.47757,350.49924,-650.24248,673.04272,315.97673,-579.91674,685.453,317.2488,-580.52242,700.19603,318.27679,-580.41762,631.06072,315.68886,-579.36944,616.23961,317.00065,-580.31099,604.2928,318.85506,-580.66951,709.83765,329.70674,-239.19452,582.85719,337.3846,-233.23547,673.4419,389.01239,-520.67238,623.17988,386.2835,-526.05256,805.05855,526.1888,-101.86305,473.08579,493.92361,-71.57379,1035.38529,462.53674,-278.79143,252.72681,407.44489,-320.91336,1031.48278,231.55898,-502.67447,280.61657,185.61134,-563.92449,1042.87344,162.70277,-557.51049,266.75224,125.52946,-633.15593,1023.462,154.66546,-539.41821,288.8003,119.52938,-611.03387,1007.95741,180.36575,-500.6214,300.36347,141.43182,-571.83189,718.54814,988.56945,12.68415,515.52638,996.67084,-13.12348,1050.13779,1083.0394,-525.78643,220.21082,1136.51196,-649.01128,1056.02335,1399.40422,65.96124,208.5559,1445.39759,-68.42561,1010.5939,1446.17237,112.22742,248.03092,1497.45076,-17.89052,1166.8884,1539.79136,-131.30236,88.35278,1565.36964,-271.94582
280,goddess,nonstandard,176.84739,217.92236,-73.70546,179.18957,209.70356,-63.62766,180.93109,209.06347,-63.79407,182.20658,208.50643,-63.76337,173.81798,210.03893,-72.1412,170.84453,209.22153,-72.33472,167.65138,208.60312,-72.40886,177.83212,207.07329,2.03435,159.40838,205.34895,-36.57345,177.13482,222.48268,-45.47845,171.23435,222.73628,-57.87708,193.85393,235.22839,47.21643,130.20966,240.54932,-10.6431,202.75114,282.6569,79.34395,114.43623,294.2738,-58.3571,201.84065,325.406,20.32067,152.34587,296.04559,-144.56938,195.7174,338.63934,8.57832,165.7477,302.77323,-169.61712,193.09613,333.70388,-5.45627,169.3987,293.96286,-168.73805,195.06305,329.43161,14.6977,165.51717,291.08547,-145.58356,188.43686,343.10352,14.53041,147.42688,347.63149,-14.63749,247.78434,378.7706,-64.92665,91.50111,403.82866,-130.30315,238.46902,437.03709,91.26631,97.65478,467.75894,4.62204,229.86366,447.30148,104.6496,106.92908,477.82463,17.55867,260.50189,456.04889,70.90302,72.84487,495.42419,-25.59363
281,goddess,nonstandard,165.89184,204.70358,-126.80449,168.63315,201.44245,-113.98407,170.83249,201.8965,-114.10371,172.58484,202.64864,-114.05984,163.67966,201.87239,-113.12128,162.35103,202.13155,-113.26583,160.78458,202.61276,-113.31344,174.28952,206.45055,-52.84927,158.73912,206.08212,-48.40092,169.21163,210.52466,-103.67509,162.87999,209.73288,-103.46774,189.92079,230.42439,-26.89728,143.99644,232.42362,-12.13115,221.92999,217.71774,-57.9961,114.50689,220.82964,-34.7082,237.52122,188.65448,-137.16107,99.6117,194.02139,-106.38453,239.53453,179.81051,-156.06515,98.51837,185.31799,-126.19962,237.364,177.76407,-164.5082,99.71806,183.53455,-133.6659,236.03129,181.28553,-142.98543,100.83544,187.29024,-113.23163,184.41821,302.51163,-2.56882,153.02767,303.55445,2.46736,225.00722,338.7031,-74.56612,112.52136,339.81875,-72.98618,228.70316,381.05687,49.77611,111.15061,382.64477,38.3429,224.10056,387.99098,58.88137,115.63425,389.97403,46.84568,242.57907,400.01777,-3.35894,93.83115,396.79587,-13.80438
282,goddess,nonstandard,1669.06013,586.10606,-1094.38826,1691.64792,544.88233,-990.16758,1710.70308,548.09069,-990.94937,1721.38132,549.89522,-990.58022,1638.89717,543.57135,-984.33595,1625.26635,543.55049,-985.55695,1608.03957,546.01246,-986.01443,1734.15914,568.13202,-455.09121,1591.26871,566.60468,-424.80505,1697.31243,630.46956,-887.96048,1639.01059,629.12841,-888.24627,1880.43454,836.83169,-136.56853,1460.27266,813.83461,-64.98916,2221.76299,831.65268,-333.73304,1128.76176,841.28193,-232.57799,2304.1376,537.1963,-821.60497,1072.38383,529.01807,-650.56288,2319.23076,440.83977,-921.22018,1062.35898,432.43217,-757.6629,2299.05072,424.64907,-943.71712,1084.24571,419.06326,-762.91107,2282.25992,458.97395,-841.40166,1099.68925,453.4638,-674.54335,1767.003,1439.5562,-9.30034,1503.64116,1435.55762,8.70894,2176.9769,1666.97782,-716.51674,1085.14482,1633.22848,-764.2574,2197.45655,2021.00379,368.11415,1129.85192,1999.64955,277.17172,2154.21363,2088.46526,454.66193,1177.6902,2073.91169,367.55385,2374.11008,2156.05645,8.60183,939.66523,2108.09103,-66.45909
283,goddess,nonstandard,359.09825,125.27721,-93.8734,363.61566,118.3978,-77.74256,366.38114,118.37527,-77.89669,369.59332,118.60797,-77.83833,355.85119,118.24079,-75.00045,353.10172,118.27195,-75.18179,351.02075,118.22442,-75.26668,372.69368,120.25428,2.90354,350.09406,119.72544,16.05025,364.95975,131.6206,-63.1799,355.15594,131.84798,-60.66917,400.02863,158.11743,35.8731,331.12147,162.0084,53.42741,421.09436,211.99294,-20.95225,328.57577,216.9837,-42.99718,372.85246,210.71057,-143.65818,359.33319,178.50252,-200.45254,360.44747,212.89394,-169.46756,366.20174,167.32463,-235.79367,359.97137,205.45127,-166.27695,362.38351,160.75623,-226.95905,364.03957,202.97289,-143.35543,361.40542,165.24557,-201.24086,387.63593,250.2047,-5.99171,342.72434,250.12476,5.81688,456.51281,289.41938,-121.64744,269.29134,289.57726,-111.3123,462.21002,351.53085,56.12998,274.35959,353.45493,48.90624,457.62426,362.9023,70.95792,281.48874,364.74179,63.14434,492.59419,367.76787,5.89257,246.98599,373.46163,-2.78531
285,goddess,nonstandard,559.35506,205.67244,-517.70611,575.34363,184.05118,-475.69181,583.84241,184.42828,-476.09253,594.22249,185.89288,-475.96589,544.04494,183.47996,-477.12543,533.54194,183.81091,-477.75135,526.23771,184.45978,-478.02218,604.80874,193.67439,-239.95466,513.2378,193.59608,-245.22012,577.1076,227.14026,-424.4766,539.29943,228.52059,-430.2559,674.35791,310.05608,-95.15479,444.71383,307.92955,-95.57043,848.93432,336.57851,-211.29098,280.61695,350.02106,-190.78796,867.89646,158.41632,-445.56059,215.55701,186.99995,-367.8684,877.05803,107.27282,-488.84028,200.98504,138.10162,-409.69892,855.55615,101.45287,-488.21551,224.7389,127.32768,-409.55719,843.89176,122.42718,-450.6281,233.07581,146.09488,-377.02296,634.59463,614.74869,9.21184,489.73929,620.29209,-9.6154,851.83718,733.63794,-287.68988,292.55878,748.28325,-312.67884,800.23842,905.58687,132.62426,343.43805,916.21268,146.44015,773.67969,929.10163,167.35529,371.61155,936.76193,189.82126,879.12025,962.39132,1.15009,273.2648,973.13197,39.92631
286,goddess,nonstandard,381.96239,122.06611,-267.51693,386.57669,113.71803,-247.29544,390.2551,114.24543,-247.45561,393.07677,114.82683,-247.40026,377.30002,113.42894,-246.33402,374.79367,113.22118,-246.563,371.35323,113.28468,-246.64406,396.53327,117.63963,-139.03041,367.98828,116.93928,-133.97258,386.94719,130.59185,-225.53899,376.38445,129.68135,-225.88582,424.33435,168.54444,-73.5199,338.65411,164.27121,-60.87766,489.01434,162.99543,-128.36089,275.16625,164.53782,-112.05261,496.20033,102.51789,-237.43552,270.04444,101.58677,-207.90691,500.72843,83.78963,-261.99816,265.50646,84.2413,-233.32252,494.19659,81.2151,-264.24959,274.5815,81.91593,-232.48436,489.29808,89.61825,-240.81275,278.33719,88.45238,-212.13324,404.53275,280.66298,-1.26771,349.19451,280.27397,1.1435,484.08432,312.58625,-173.9613,269.07403,316.8436,-166.22202,479.86015,393.0819,34.93829,273.04211,399.425,22.03129,469.63963,407.33328,50.9014,282.81036,411.97997,37.09704,513.83928,416.05711,-41.62827,238.7093,420.33121,-58.18729
287,goddess,nonstandard,317.1102,309.04458,-297.0603,326.66374,292.67485,-262.6601,333.97563,293.47889,-262.95966,340.48938,295.39374,-262.85209,307.83721,293.26858,-261.84847,300.70361,294.3636,-262.30651,295.02201,295.55073,-262.52169,349.05562,306.42431,-89.02159,288.86847,305.3845,-84.4668,330.15739,329.59855,-229.71193,304.71439,327.39854,-231.63742,412.60905,413.07057,20.09663,232.96284,404.44992,23.84086,515.87713,409.74421,19.08525,120.70488,413.57774,7.38832,539.7796,302.28551,-85.53224,93.38836,301.64,-100.7218,539.08362,272.60755,-106.22814,87.59122,268.41479,-130.5047,531.0938,262.95058,-117.95755,101.0125,259.07387,-136.32165,526.3484,274.80178,-91.81536,107.56577,270.64604,-109.33994,363.51258,631.15354,5.10814,253.20645,631.60811,-5.31584,522.31905,719.57258,-280.1167,96.30895,721.88653,-274.67983,485.14582,865.66025,43.11339,148.99572,868.97266,50.54237,465.54836,888.16736,69.1777,164.13569,888.96934,79.41002,549.62397,913.64803,-72.66394,90.34153,911.03961,-57.79857
290,goddess,nonstandard,301.19208,147.4621,-132.70523,301.10164,141.24576,-114.46751,302.65478,141.51745,-114.65299,304.30098,141.92618,-114.63688,296.51248,141.13329,-125.71996,294.10468,141.16092,-125.96331,291.72515,141.3091,-126.06042,303.9059,145.09514,-33.21674,284.66862,144.39623,-84.35327,303.71007,154.8251,-100.69541,298.05649,155.20526,-117.12779,314.44123,175.99808,1.74487,271.10778,177.9536,-93.3341,327.01049,120.47558,-5.35306,273.00323,120.18988,-171.41651,330.43209,67.3748,-59.66858,274.96405,62.57669,-210.41697,332.6746,50.82622,-73.90409,273.6339,46.35214,-238.40749,328.98088,48.57,-82.67824,275.97461,44.70352,-234.28625,325.9979,55.00688,-65.69265,277.89683,50.80394,-212.73744,316.67858,280.24532,31.95217,278.08616,285.69477,-32.14609,381.33262,301.97503,-79.24707,230.37388,344.28529,-167.19974,366.29663,355.23442,109.57932,221.45094,403.80088,4.72177,355.65555,363.58472,125.75314,228.60045,411.6763,20.6191,397.15219,365.83716,71.48054,202.81692,434.97907,-48.18406
291,goddess,nonstandard,171.16807,96.45366,-153.46536,176.7277,88.4575,-132.77798,179.59027,89.04841,-132.94095,183.10591,89.74544,-132.87732,166.66765,87.86318,-130.89525,163.48248,87.88567,-131.1439,160.87557,87.96903,-131.2415,186.48011,93.88955,-29.54426,156.06125,92.61065,-20.77535,177.36096,105.63914,-113.63563,166.25153,105.20065,-112.87551,214.70174,146.84119,24.40212,130.84152,146.17657,47.15539,280.35455,132.5621,-13.18658,65.2422,138.62841,10.73486,285.26236,68.02457,-109.94544,58.40851,75.11389,-79.08057,290.45892,49.34984,-131.71522,54.64698,57.87378,-101.12105,283.95417,45.98062,-134.60966,62.26533,53.79598,-100.98735,278.00457,54.28089,-113.33534,66.30924,61.30538,-83.5672,200.03654,271.79718,-4.94644,149.61418,272.56249,4.79285,277.71004,335.34473,-121.3058,72.15843,333.67864,-146.21296,268.04056,414.40204,67.82732,86.98198,411.99806,39.30195,258.99952,427.74699,81.9157,95.12003,425.5344,54.81716,305.53789,439.23785,-12.57387,47.84831,434.90774,-33.94096
293,goddess,nonstandard,158.93708,59.15596,-21.71096,160.69422,56.3888,-12.03263,161.51735,56.54538,-12.08546,162.63751,56.68572,-12.03965,157.08143,56.43314,-12.57872,155.48408,56.59859,-12.66831,154.18087,56.71487,-12.6708,165.03911,58.98919,28.44339,152.01843,58.4695,25.82769,161.37713,62.93042,-6.38046,156.90728,63.22601,-7.89495,175.67162,78.2642,48.47251,140.87158,79.04957,48.43842,205.38062,77.53316,46.90905,114.17117,78.11587,77.82117,193.25411,57.11389,51.35145,127.3825,57.99114,123.64094,189.38949,51.17243,52.2072,130.09978,52.91464,129.43727,186.86895,51.14543,56.37401,133.10023,52.75256,135.27934,187.27545,54.16054,53.68361,133.20832,55.62474,126.97913,170.48036,131.7595,1.84588,148.09464,131.2772,-1.88906,205.70422,149.84279,-60.34785,113.6482,146.5337,-72.19145,202.79489,184.31518,10.57801,116.35578,180.51512,3.45842,198.91448,189.30898,16.67377,120.54268,185.59108,10.41235,216.14567,193.49508,-17.22091,102.7309,188.51541,-21.12083
295,goddess,nonstandard,276.51789,77.37392,-117.11371,282.86255,70.87503,-95.55484,285.41066,70.9055,-95.70445,288.13974,71.14263,-95.67114,271.8846,70.52917,-94.75792,268.98439,70.47401,-94.95989,265.90872,70.23109,-95.06171,293.0238,75.43352,9.6578,261.24524,73.43641,13.37831,281.60069,87.27604,-77.29,271.71694,86.20025,-77.72451,318.89498,124.66849,62.04224,232.18897,124.57398,65.4896,380.10459,147.60655,10.54112,171.51461,146.44404,-20.03456,385.88768,99.21578,-135.9636,166.87663,92.91951,-188.47649,386.40397,80.58473,-165.16351,162.89147,75.13386,-224.60495,376.26704,79.32103,-169.58519,174.0559,73.22281,-224.16003,372.52781,88.03721,-140.68032,177.87179,81.85104,-194.2598,297.35809,249.4874,1.77121,242.37784,249.09671,-1.97035,369.77705,312.03501,-145.56377,166.01832,303.32015,-145.35169,353.58853,382.5552,55.25528,171.15221,379.44201,40.82837,344.49364,392.81428,71.94847,181.54814,390.15793,57.21451,372.64065,404.46819,-8.75565,146.94663,397.44114,-22.14121
296,goddess,nonstandard,202.66873,69.14335,-49.92557,204.41215,66.63161,-43.05085,205.53478,66.67251,-43.0896,206.57067,66.71938,-43.05885,201.39763,66.8474,-41.38727,200.28459,66.95163,-41.45417,199.53071,67.00547,-41.46622,208.3749,67.99886,-11.14733,199.62212,68.10925,-3.62726,204.69925,71.6268,-37.9082,201.22603,71.72167,-36.31488,216.41602,82.01786,3.22723,193.19234,82.72007,17.05683,234.41336,87.02854,-18.7819,176.4317,86.9581,11.93417,231.37363,69.92764,-48.87604,175.93669,70.21617,-4.99317,230.88244,64.76635,-55.5072,175.85962,65.34656,-9.7899,228.73212,64.0031,-53.62197,178.10082,64.75117,-7.9397,228.00179,66.43155,-48.58873,178.93327,66.86623,-5.38207,215.45445,118.48763,-0.87928,199.5488,120.30543,0.8564,237.1868,134.58425,-62.22603,181.90638,141.39905,-61.50199,236.99089,160.72013,9.10984,185.15178,166.79493,1.96186,232.76403,162.03836,15.06914,188.72219,168.38431,7.38064,240.58834,172.86117,-17.73184,182.01578,177.94125,-26.83687
298,goddess,nonstandard,363.67471,197.75209,-143.70948,368.88403,191.43122,-126.22892,372.06973,191.60279,-126.35078,374.04289,191.86166,-126.28898,359.85995,190.48822,-124.06595,357.48816,190.06077,-124.26101,354.75961,189.92981,-124.33,378.92283,194.09441,-34.8758,351.16281,191.98927,-24.8976,368.71933,205.35449,-108.49358,359.07736,203.97443,-107.01606,402.42671,230.73011,21.40083,328.7708,229.44099,35.50695,456.3534,227.31997,-2.47929,274.02145,227.83582,-3.07452,461.53831,177.90532,-83.43854,273.8085,175.24268,-92.7291,464.60705,162.74799,-100.49389,272.25336,159.32098,-113.15695,457.10021,160.18786,-104.60373,280.3521,158.37959,-110.59222,452.20958,166.50979,-86.46981,283.07746,164.68045,-95.53817,392.88101,328.99821,-3.1324,344.80402,330.31245,2.95666,456.15925,368.90533,-142.17681,275.01528,363.81709,-127.40927,463.14716,440.28417,-18.32288,270.64204,439.08843,-22.10414,458.04319,451.23765,-9.85154,278.23387,451.62735,-14.73093,488.64926,460.93191,-93.14076,240.68363,455.78642,-96.15097
299,goddess,nonstandard,349.69381,94.95744,-46.55412,355.33998,83.74638,-24.75736,359.62914,83.69796,-24.91566,362.22312,83.90029,-24.80753,344.7403,85.60134,-23.74292,341.45486,86.05635,-23.99172,338.35572,86.29105,-24.05791,368.91508,89.33348,71.16757,334.63297,91.51235,75.7351,358.70732,105.70993,-9.60441,344.69538,104.72506,-10.29953,400.83252,143.74538,129.71845,307.5546,143.54036,145.65108,471.22997,152.49098,176.73135,236.56892,157.69218,230.08442,469.58558,89.97069,211.09238,235.42702,94.38162,298.61609,471.12746,72.94472,216.75173,234.33054,76.63697,305.78713,462.02702,72.11012,214.89224,240.80888,74.61672,310.79798,457.65369,80.19657,212.7326,243.40828,82.0282,300.98548,383.87849,275.42732,1.2185,321.44049,276.16854,-1.28006,477.64461,329.54889,-116.88334,229.1959,325.67995,-159.87907,473.11313,412.91395,69.09693,244.26599,416.23366,29.10493,460.94282,426.81833,85.17635,255.90259,430.20939,46.28457,513.09652,444.90556,12.44915,202.61327,443.10679,-25.66396
301,goddess,nonstandard,170.71613,36.84803,-115.28549,170.42301,30.72923,-98.48322,171.29101,30.83202,-98.60094,172.41356,30.87304,-98.56241,166.64894,30.13488,-111.43578,164.33319,29.81089,-111.59616,161.85261,29.59258,-111.6636,168.07388,32.88752,-21.07506,152.9787,32.29628,-81.3296,171.24218,42.82371,-85.64751,167.23946,42.43579,-104.0316,181.9319,71.17035,43.35388,132.50589,71.23467,-74.63072,216.35759,81.89883,122.12094,104.60459,81.83035,-185.58485,239.88312,53.188,140.96087,82.33265,47.92733,-317.83026,248.76844,44.61466,151.02527,72.28162,35.48464,-348.02437,245.90937,40.40813,130.13914,71.2935,31.57957,-348.18707,240.90021,44.07397,133.24602,75.70743,36.34036,-322.54929,165.35587,153.38714,34.82789,133.69665,153.40471,-34.86356,220.13664,172.97097,-109.33115,95.7,179.28152,-247.39592,210.05535,237.80929,-11.63146,90.19135,250.0936,-147.78407,202.81345,249.03051,-6.17267,95.5228,261.18939,-140.5522,239.94961,247.83947,-65.5461,71.01954,267.4151,-208.37851
302,goddess,nonstandard,227.57927,183.20922,-141.77875,230.93699,173.37931,-125.31171,234.9662,173.41871,-125.54769,238.52399,173.49994,-125.54818,220.65191,173.82503,-127.20545,216.93674,174.10283,-127.5648,213.84257,174.32848,-127.70023,242.36325,178.61992,-45.6207,209.44651,179.98433,-52.01975,236.27349,194.67632,-109.77555,223.15964,193.87005,-114.07407,262.06421,223.66145,-39.63267,196.87924,224.62864,-36.67575,273.46159,145.12298,-98.59895,182.00562,147.24347,-113.06978,273.98025,64.84055,-174.3373,175.63253,63.83768,-176.33934,277.86736,42.76021,-201.47426,170.82268,45.58189,-206.87633,273.84096,38.62581,-206.23461,173.52522,43.84847,-209.91924,269.90426,46.91981,-180.11207,175.71772,50.41612,-184.29874,259.24336,379.94145,0.54493,194.08994,381.08497,-0.75115,363.42041,416.98966,-113.06249,90.51601,433.55098,-124.06607,380.14897,502.76084,34.33244,99.15102,524.43702,12.61032,372.17702,520.05751,45.73117,111.07488,540.45399,24.81401,425.00525,525.58454,-15.39651,52.52813,549.72496,-41.19709
303,goddess,nonstandard,860.7566,309.35602,-451.3462,873.02672,293.80704,-417.12128,880.47883,294.80023,-417.43566,888.46329,296.23163,-417.32098,852.49039,294.02039,-409.10074,846.66653,294.66919,-409.57487,842.17959,295.36789,-409.72722,898.42595,303.66791,-221.12919,838.5078,301.84927,-182.3131,875.43132,327.05249,-374.00079,852.7099,325.35913,-366.21013,953.23483,395.38446,-104.26532,794.88483,381.27722,-35.60117,1088.38973,358.23044,-201.6261,679.43548,347.68457,-123.60872,1114.74552,235.43292,-439.53638,671.36189,230.67194,-358.53476,1111.3187,202.87445,-497.74812,663.64958,202.62204,-418.36333,1099.06706,193.26813,-513.41157,676.08852,196.59137,-425.56063,1095.92362,206.62451,-451.4894,683.11492,206.50107,-372.43851,922.58899,632.16821,-21.37404,821.72121,633.03693,20.98669,1069.36134,717.25085,-377.54277,637.12721,710.88214,-266.3285,1101.16444,889.98389,-44.41035,660.34713,887.25354,41.90902,1094.04005,919.80151,-21.10355,677.36128,912.10608,65.08548,1148.3536,938.19714,-220.3105,586.41474,929.09937,-123.72093
304,goddess,nonstandard,276.77024,111.56204,-80.86464,280.78809,107.02912,-76.86939,283.01101,107.12498,-76.95834,285.1265,107.31897,-76.91228,277.70407,107.06359,-64.87588,277.08552,107.15688,-65.00519,276.38366,107.18397,-65.05533,293.94131,110.32101,-44.27198,281.52389,109.62702,11.07787,281.22831,118.13747,-67.30214,277.07536,117.86131,-52.2653,314.2316,142.11804,-34.39712,270.28663,144.25122,81.64462,346.43296,140.13334,-100.92048,240.56673,145.91181,152.87363,348.75529,100.60419,-163.42163,230.00161,108.72934,192.88383,352.30964,87.67634,-175.56358,227.85489,96.7323,202.62165,348.8864,86.13592,-179.66136,230.07566,95.21155,202.74491,345.89494,91.44637,-166.00637,231.65749,99.7355,193.43279,308.50294,221.61841,-37.0727,278.57043,224.36552,37.0103,334.25987,260.49444,-207.47326,231.16872,251.59256,-80.0801,351.43902,325.664,-170.09812,240.21043,311.11763,-8.28113,349.70755,334.10502,-168.9565,246.88857,320.52954,-3.61261,361.90508,339.11265,-235.96471,214.00728,320.49414,-52.87689
306,goddess,nonstandard,506.71158,114.22183,-418.07614,514.06927,103.53054,-393.89194,519.54651,104.08173,-394.15536,524.58038,104.76274,-394.08752,499.91467,103.15477,-394.61478,494.19525,103.95502,-394.99457,490.17172,105.04554,-395.14899,530.99933,112.05553,-252.70277,483.76251,114.29214,-255.28726,517.00922,128.21234,-362.99982,499.465,129.23216,-366.05466,574.63135,187.71499,-155.22147,446.00055,188.56104,-153.74292,660.38116,197.00033,-180.68823,359.8765,200.16319,-182.86549,723.45178,130.22122,-331.33151,290.13629,135.21561,-315.62512,737.68256,110.80071,-359.59351,269.14746,121.59601,-347.98236,731.12079,101.4143,-390.21054,273.23792,110.81772,-374.04019,724.02325,108.63468,-348.3327,281.20056,115.80409,-333.34515,551.0553,349.82996,2.50711,473.5405,349.64614,-2.76979,662.84351,402.76559,-212.02443,358.47192,402.64649,-211.20964,660.11243,523.67315,9.40658,356.32251,522.15491,22.6191,647.95251,544.06697,24.72133,367.3869,541.73316,41.20316,714.63489,553.81208,-98.05058,303.9126,555.0559,-74.4211
307,goddess,nonstandard,1177.18985,819.6179,-1034.95395,1212.53657,759.20141,-917.77689,1231.3468,757.64447,-918.69707,1257.15666,756.81853,-918.24439,1147.45116,762.07057,-910.33659,1122.38595,762.23418,-911.99176,1101.74038,762.44822,-912.61339,1271.61584,767.93316,-260.70095,1069.67533,772.31383,-223.92451,1221.29774,869.73301,-773.63291,1147.95663,871.10478,-774.98224,1465.92093,1058.93862,109.42083,905.85315,1029.92651,213.29589,1891.75014,931.94908,-123.58843,486.63254,907.99356,-92.93886,1918.25352,520.79692,-739.4067,431.89623,500.62537,-717.76521,1962.44731,399.79157,-869.56851,395.78941,378.33774,-862.37161,1912.34407,377.71502,-890.70489,462.54795,361.29919,-853.64842,1869.53902,430.58351,-760.98511,488.01112,414.51144,-744.39054,1363.68656,1823.33565,-18.73225,1017.60936,1830.77985,17.48496,1945.53409,2067.72566,-987.43258,458.95858,2086.11238,-906.46112,1859.88035,2636.85662,76.4256,554.234,2621.91278,106.03295,1788.97562,2741.45061,157.75738,617.32607,2704.76997,191.83275,2117.50703,2789.89649,-387.85926,314.43179,2787.8648,-323.29359
308,goddess,nonstandard,325.08853,63.5634,-179.72078,330.52749,54.30071,-161.96625,333.27259,54.22915,-162.10729,336.70841,54.43249,-162.03054,320.30137,55.35968,-161.01742,316.52093,55.89958,-161.23914,313.9451,56.36417,-161.31151,342.19256,57.52681,-68.67449,310.5729,59.42255,-63.30568,332.57157,71.4218,-143.2237,319.62708,72.24032,-143.35881,365.053,99.65234,-18.13983,290.16638,99.25147,-3.47784,420.73823,94.90435,-68.47716,230.80088,105.84331,-41.51796,420.53837,45.6604,-165.25596,221.794,48.18379,-108.47124,427.16432,28.10233,-185.56481,217.91622,30.22928,-126.87076,417.85715,26.8073,-184.49133,225.86252,27.50781,-122.12388,412.62138,34.46252,-166.81897,228.58538,34.48035,-110.26967,351.65053,211.09822,-1.80965,303.46435,212.78866,1.70352,422.98761,260.82086,-120.09013,233.03435,261.20859,-101.59944,425.08399,329.28592,53.50933,243.68995,321.96917,75.37778,416.15451,341.51768,67.27881,252.29397,332.33506,90.84598,456.97153,353.36953,-7.76299,211.23525,343.57234,23.16405
311,goddess,nonstandard,480.58505,146.79175,-513.53412,490.66733,130.46214,-481.07486,498.66623,130.48458,-481.42365,504.06537,130.4606,-481.33267,471.93384,130.8442,-484.87555,466.29919,131.3406,-485.29752,460.4516,131.4715,-485.4628,511.08047,136.07587,-296.57211,453.27063,138.5018,-314.76071,492.73709,164.49847,-442.89441,470.69199,161.32791,-450.51642,560.47034,244.16416,-177.87569,408.26501,244.61968,-209.70546,581.53949,358.69219,-184.28035,386.52863,355.01273,-249.88719,635.08984,441.71887,-373.83267,340.28043,445.46919,-459.98145,654.23737,465.49951,-414.55469,323.01309,469.3726,-520.16565,661.0907,461.7307,-467.19327,322.04224,467.8759,-565.58167,650.7998,455.07893,-398.24121,330.42999,462.83771,-485.116,532.75897,434.716,15.72364,433.17957,437.8157,-15.9768,671.39246,499.5743,-112.80344,299.13611,519.36639,-404.3627,656.00952,579.64302,332.51001,282.87222,642.81189,-4.32678,637.88757,595.08742,370.02905,295.67065,661.38927,32.51998,710.37341,625.82391,258.00244,223.86752,689.79346,-104.37956
312,goddess,nonstandard,334.40341,512.81262,-253.25048,339.66393,502.88904,-230.49102,343.878,502.73615,-230.69809,346.82713,502.62848,-230.59564,330.85413,503.49307,-225.32097,327.75446,503.70718,-225.59845,325.20755,503.7868,-225.65349,355.11625,505.25497,-107.9817,323.77247,505.89716,-83.70101,342.24447,521.04773,-205.21917,331.25156,520.69666,-200.23923,384.65102,555.02039,-34.89075,300.12695,554.70032,24.84775,451.04675,559.53455,-73.65323,237.95568,552.41174,18.65972,458.35686,493.1991,-194.55171,219.13837,490.85834,-86.13709,461.46595,473.29926,-223.519,213.39916,475.6676,-111.28882,455.6648,472.03683,-232.57357,221.08088,472.94205,-120.21607,451.55986,480.63904,-200.35414,224.96448,478.94611,-94.63748,371.59212,690.05383,-20.68662,316.17937,693.44751,20.50015,441.26369,744.0993,-269.99912,229.31025,739.71442,-192.43281,445.62971,849.37012,-113.77222,249.42151,842.13074,-20.4269,435.98307,864.74292,-105.64911,263.16366,857.37335,-9.66107,475.11265,880.15332,-245.84281,206.14587,865.22717,-137.94216
313,goddess,nonstandard,345.51958,131.1433,-458.59436,351.56431,121.99972,-441.8606,355.06022,122.22545,-442.11219,359.12874,122.42429,-442.08754,339.43155,121.20595,-442.43003,335.25601,121.09948,-442.75026,332.23686,120.99758,-442.86692,361.86055,125.80555,-319.01588,325.41369,125.18718,-320.24606,352.8889,140.71964,-408.86409,338.1332,141.13878,-410.96582,399.00831,181.20022,-218.19632,286.45328,177.36472,-207.83552,473.18596,189.9543,-221.10392,209.41515,189.96617,-221.53554,551.14513,177.11331,-346.39904,133.52897,178.85454,-345.38669,571.1717,168.71265,-372.57481,110.59874,168.95348,-373.28878,572.16046,164.79551,-409.25097,110.63364,162.20322,-412.11636,564.17488,168.70901,-365.56685,117.80602,165.60492,-367.17182,371.24724,320.66954,-5.49775,300.65205,319.1118,5.22537,465.05606,368.6411,-226.86624,203.54869,371.71539,-207.52251,451.77163,480.29972,-13.25792,207.06249,480.41092,-12.71341,439.23025,495.06114,1.2884,217.78973,497.90103,1.78577,492.15257,508.56684,-107.34644,163.8863,504.13029,-109.09869
314,goddess,nonstandard,1174.49966,757.4505,-766.83662,1183.27477,738.6981,-693.64326,1193.0735,738.35197,-694.33548,1203.15567,738.30477,-694.12811,1155.27733,741.07252,-698.31192,1144.69582,742.42218,-699.15398,1132.13638,744.30422,-699.45107,1209.59335,753.75383,-354.01325,1116.88705,763.76335,-374.02092,1195.71022,787.04641,-638.01727,1156.56517,786.74978,-649.98146,1300.99106,894.82109,-214.91787,1040.94131,894.35537,-202.69646,1471.96472,804.47016,-339.17248,871.24573,787.66926,-345.50941,1586.4621,658.11733,-623.89275,768.55087,617.01914,-633.73402,1621.37039,609.01651,-685.33615,736.68579,566.51173,-717.37831,1621.70074,596.60316,-732.71675,743.10913,555.22865,-750.21797,1604.87579,615.90082,-652.86621,759.89975,572.56863,-666.54144,1254.18747,1295.42896,17.09839,1070.52147,1292.4638,-17.51336,1480.53665,1430.98595,-600.73952,821.64963,1401.46832,-708.34679,1448.36792,1652.46849,183.36979,821.81381,1631.39545,-23.76768,1413.38547,1681.72726,248.37763,851.23192,1671.06468,33.5438,1535.75546,1732.93694,-33.97405,712.54639,1703.92651,-266.67444
316,goddess,nonstandard,780.66225,276.40606,-635.31227,794.04969,255.1139,-587.01572,802.75621,255.56872,-587.47149,808.99591,256.42208,-587.36348,767.9491,257.23413,-586.96232,759.70545,259.06372,-587.55283,750.57874,260.59933,-587.7687,820.4752,266.64984,-332.80189,739.27541,272.23971,-330.94573,797.99986,299.30258,-537.68544,769.01445,302.03249,-541.37282,885.80294,406.66522,-173.86429,678.75428,410.46764,-172.85215,1039.30702,426.18018,-241.33563,529.15254,404.88539,-296.26679,1101.9639,285.38351,-516.4206,466.79454,253.03228,-573.31548,1113.89513,245.61613,-572.01476,447.53189,207.21601,-645.68148,1107.44858,234.299,-605.24702,463.67307,198.11185,-660.57539,1098.52352,252.14902,-536.04321,475.60863,214.50465,-593.09902,851.75562,710.59738,7.89226,720.62535,710.36091,-8.27512,1059.38997,813.48636,-334.38478,526.02215,824.68084,-376.65179,1073.48108,988.05106,139.59074,500.65656,991.46272,90.69269,1055.86109,1014.19299,176.04576,519.4829,1012.55946,129.90445,1144.92607,1045.47962,-21.84712,428.37043,1049.902,-62.04812
317,goddess,nonstandard,331.24882,123.5409,-368.42892,336.6375,115.00877,-341.93348,340.41763,115.66607,-342.1785,343.55038,116.35109,-342.07073,326.36894,115.38475,-343.81718,322.44331,116.33249,-344.11488,318.78551,117.26667,-344.26575,347.23335,121.38668,-196.17056,313.68673,122.735,-204.77036,338.31833,136.38435,-312.1406,326.03661,135.89254,-316.77975,375.47615,188.42056,-87.5519,280.06912,183.01991,-111.41118,454.68834,193.7648,-118.90859,202.45525,188.17268,-187.17808,476.41308,122.2629,-286.94803,185.07404,116.30873,-374.06868,479.44366,99.83526,-321.57051,185.31618,94.53703,-423.32443,477.08279,94.46917,-337.91889,188.78475,88.56838,-426.66359,474.00406,102.85995,-296.97887,190.63961,98.87667,-383.44372,353.16872,331.30398,15.87771,291.06625,330.77129,-16.0631,417.81025,424.94347,-46.80618,230.78026,428.5899,-105.7061,445.05451,513.39165,190.80074,211.45128,514.91039,142.38134,439.68109,525.20164,206.27956,216.25273,528.38982,161.15808,460.71682,541.96186,46.14451,200.425,544.61113,4.0221
318,goddess,nonstandard,339.28425,81.41066,-73.95424,344.82384,71.91923,-53.59829,347.88273,72.00941,-53.77365,351.97231,72.06933,-53.72116,333.06995,72.05174,-53.32416,329.57317,72.49912,-53.54946,326.7321,72.84535,-53.64703,356.4473,75.39424,45.22894,321.65203,77.41793,47.12138,346.75648,90.29871,-36.8974,334.69833,91.09569,-38.01625,387.55959,133.34278,71.55107,299.18848,136.23623,79.35833,389.59721,203.13209,-37.5725,298.3997,205.33992,-56.54712,350.49973,154.33218,-199.07755,335.22224,155.72696,-221.62012,346.576,135.22338,-229.24149,340.07923,136.0005,-255.84814,349.4878,131.97119,-222.5543,336.9025,132.63711,-242.75915,349.49131,138.26433,-198.65412,336.44749,138.29513,-221.22301,370.88749,265.35004,-0.71699,315.62702,264.3593,0.54597,461.74351,295.72427,-143.17349,223.74249,294.23095,-144.67114,476.59088,394.37578,-12.77323,205.43257,394.64783,-28.33563,468.78437,410.68544,-4.20252,215.78979,412.02804,-19.70124,520.37994,414.17291,-83.25578,160.81625,415.44865,-96.46676
319,goddess,nonstandard,462.30322,233.16851,-269.33628,474.52474,215.74321,-222.18366,484.46658,216.5969,-222.4689,494.27035,217.44931,-222.31275,447.93725,214.10486,-223.72995,440.18078,214.31826,-224.18582,432.46818,215.6224,-224.34914,508.48424,227.62015,10.06229,420.3791,230.18283,1.16064,480.33595,253.81958,-181.9022,448.31535,257.24933,-187.41304,567.6164,345.63905,118.78504,379.58458,371.72702,115.32683,642.53533,483.87766,9.88821,323.30433,521.72595,-63.90004,507.75188,508.762,-298.05219,460.76337,507.9667,-406.98683,486.71731,476.37486,-364.90479,474.80959,475.32153,-484.61023,486.57936,463.37989,-356.05788,474.50671,462.32802,-466.00989,491.2076,475.89436,-297.0134,471.20237,472.79453,-405.95073,549.38799,590.77531,4.88115,428.05606,593.00447,-5.38279,754.60225,635.64199,-373.79599,218.67678,629.13007,-416.30653,731.33588,811.3718,92.66108,277.40204,817.74658,4.9238,708.12684,843.12624,134.17485,304.20464,846.99148,43.9984,814.57102,860.13401,-36.90702,193.12271,878.95823,-131.02618
320,goddess,nonstandard,374.97108,83.85467,-273.12494,381.30301,72.41274,-245.1628,384.59457,72.25833,-245.37083,388.69227,71.92081,-245.29206,370.0484,72.82481,-246.69027,365.72729,72.92803,-246.95532,362.32363,72.93735,-247.0258,395.23946,77.08991,-96.00668,356.51746,76.36462,-102.27493,382.31336,94.21413,-215.68517,370.61425,95.00575,-219.52741,435.32959,144.9562,-3.54814,324.86933,145.50005,-19.42172,522.2683,163.81728,-106.28029,241.25831,173.98728,-162.82169,497.3343,92.45874,-332.54977,254.33493,100.23091,-379.75194,493.72624,70.9955,-379.68975,252.57477,73.66296,-431.06054,485.71967,69.62821,-380.99881,263.31152,69.60387,-422.75316,484.53712,78.48405,-337.65431,266.36206,81.78476,-383.66528,418.91263,311.83048,3.69233,349.44398,312.28159,-4.00489,491.15463,406.68602,-205.44065,269.97797,408.72199,-192.00397,495.77084,521.34712,18.04702,279.39072,523.01143,30.65525,482.19761,540.37952,32.19027,293.35101,541.99891,46.52848,540.73289,546.73241,-104.08062,227.96027,549.97437,-85.81012
322,goddess,nonstandard,303.30401,54.47404,-66.24367,308.38616,47.68597,-48.33879,311.83985,48.03885,-48.46362,313.97472,48.22745,-48.42229,299.01962,48.04956,-48.40729,295.7384,48.67129,-48.58237,293.93137,48.97868,-48.65108,316.9628,51.43957,36.84431,292.34341,52.61994,37.04465,309.35001,61.92368,-34.39772,298.41531,61.98288,-35.55025,344.34904,100.56669,59.48523,270.28992,99.73092,58.52685,354.85012,155.48562,-61.27936,258.38285,154.40109,-79.27389,313.00226,117.66813,-227.95758,299.32043,116.65639,-238.10029,307.12977,102.99576,-260.05633,303.07166,101.62958,-272.68427,309.47779,99.79749,-250.39943,302.2429,98.98336,-259.15847,310.475,104.8009,-227.00686,302.08436,104.36387,-237.14059,328.28638,207.55961,0.9173,279.94217,208.47511,-1.09271,414.8302,231.71028,-156.96591,197.11911,230.5676,-176.90184,405.64566,316.68446,-6.60908,200.98262,317.15429,-38.19968,397.95977,330.61781,4.4756,209.00018,332.25183,-26.91081,443.40989,330.29877,-67.2501,163.37208,332.16918,-100.3664
323,goddess,nonstandard,554.60883,122.0609,-299.40991,565.20331,106.28758,-257.98941,570.69623,107.25975,-258.32843,578.52448,108.34839,-258.22873,546.35931,104.47649,-258.84039,539.71991,104.18562,-259.29361,534.25549,104.00524,-259.46997,584.48511,116.63011,-50.75695,523.26038,111.31855,-55.22903,565.68823,139.01198,-220.29318,543.375,135.68231,-224.8559,634.99432,214.65148,80.2258,464.31586,212.09286,71.71561,759.66742,260.03576,82.10232,334.19141,253.77129,-61.64237,795.86743,149.39606,-88.53388,312.27332,135.70804,-329.89557,797.81757,113.83562,-119.62611,308.02197,99.40618,-386.90024,792.21204,105.42037,-140.99059,319.74677,91.17123,-387.2084,787.06677,118.73809,-99.68037,325.49814,106.75892,-340.60849,601.96399,458.74225,3.61252,494.44208,457.8677,-3.97127,758.33325,561.44291,-276.10687,332.61374,562.99529,-333.81625,794.65417,739.98712,13.31485,337.50879,743.42933,-44.59412,773.80841,767.27164,31.51399,359.1015,773.13652,-23.14478,852.41553,793.28796,-153.58792,266.36063,782.25911,-199.56564
324,goddess,nonstandard,237.4335,240.17307,-256.87094,243.26676,233.47674,-229.78572,247.08049,234.22463,-229.97665,249.46158,234.70013,-229.89853,231.67336,232.11933,-232.65978,227.36696,232.17067,-232.9362,223.89628,232.19671,-233.04771,251.69051,239.03004,-97.717,216.18905,236.04907,-110.8261,243.61003,251.63198,-206.45851,230.36843,249.84051,-212.31594,279.69412,296.3616,-17.18691,182.24532,294.09293,-52.67745,354.18477,288.00075,-63.19754,104.53827,289.87648,-132.95195,368.88911,223.91082,-199.58404,103.73923,216.89357,-270.20898,378.18685,202.66206,-227.84478,102.83806,197.38242,-308.29332,367.16898,199.67222,-232.99632,110.2637,192.35502,-304.41069,359.37857,208.98459,-204.81248,113.99668,201.58083,-274.9954,257.91312,440.54012,23.39576,193.54906,440.84675,-23.54137,332.71103,520.11653,-137.93424,124.45773,524.14433,-184.61487,311.20614,601.47801,133.60584,124.70839,602.26814,108.76904,299.21327,610.84167,155.81207,131.60536,607.53888,134.96117,337.58398,632.22419,38.72645,114.29858,633.41789,18.13665
325,goddess,nonstandard,276.51789,77.37392,-117.11371,282.86255,70.87503,-95.55484,285.41066,70.9055,-95.70445,288.13974,71.14263,-95.67114,271.8846,70.52917,-94.75792,268.98439,70.47401,-94.95989,265.90872,70.23109,-95.06171,293.0238,75.43352,9.6578,261.24524,73.43641,13.37831,281.60069,87.27604,-77.29,271.71694,86.20025,-77.72451,318.89498,124.66849,62.04224,232.18897,124.57398,65.4896,380.10459,147.60655,10.54112,171.51461,146.44404,-20.03456,385.88768,99.21578,-135.9636,166.87663,92.91951,-188.47649,386.40397,80.58473,-165.16351,162.89147,75.13386,-224.60495,376.26704,79.32103,-169.58519,174.0559,73.22281,-224.16003,372.52781,88.03721,-140.68032,177.87179,81.85104,-194.2598,297.35809,249.4874,1.77121,242.37784,249.09671,-1.97035,369.77705,312.03501,-145.56377,166.01832,303.32015,-145.35169,353.58853,382.5552,55.25528,171.15221,379.44201,40.82837,344.49364,392.81428,71.94847,181.54814,390.15793,57.21451,372.64065,404.46819,-8.75565,146.94663,397.44114,-22.14121
326,goddess,nonstandard,664.17625,198.90507,-225.98154,670.19852,188.4923,-201.66952,674.38774,188.72216,-201.91839,679.68758,189.14326,-201.81536,658.16498,189.09018,-200.8242,653.55789,189.38451,-201.16268,648.91602,189.72992,-201.29229,685.0061,194.54377,-82.99787,645.6765,194.46957,-77.43799,672.65457,211.25887,-180.37933,657.24297,210.77972,-181.12093,722.78641,254.50035,-18.54629,616.80122,253.19414,-16.41624,796.67473,245.52744,-38.22707,545.56744,243.32039,-52.95068,852.37022,201.73016,-156.37335,488.94577,195.07092,-161.23041,862.44118,185.66442,-175.32421,473.51059,177.87393,-187.6096,859.3679,177.7747,-201.97329,478.50468,169.84144,-208.94436,853.67004,183.43795,-170.73803,486.60599,176.5392,-176.99156,700.09827,412.75077,6.19337,634.37775,415.35642,-6.3696,768.35548,485.06501,-190.39474,564.36188,488.10522,-183.22107,786.5229,582.15617,-3.25019,550.43945,580.44381,22.56866,776.37596,600.06543,8.45425,561.25439,596.8409,37.60414,828.75793,608.42719,-105.9261,508.89381,605.23973,-69.62399
328,goddess,nonstandard,644.98821,133.42866,-258.65061,652.96234,122.93225,-233.1198,658.27383,123.81414,-233.3213,663.34316,124.63184,-233.25681,640.51958,122.21908,-234.30398,636.58733,122.302,-234.57112,632.98931,122.12965,-234.67202,670.49269,131.22818,-103.38684,627.83335,128.20015,-109.55909,652.53948,146.35308,-209.41273,637.81191,145.36549,-213.20765,696.14285,203.17783,-26.35013,584.52496,186.75125,-40.08267,764.72088,244.40006,-98.54867,512.51249,204.3735,-135.89958,787.38625,173.60992,-247.60966,497.40446,138.54663,-284.82356,785.35458,152.83271,-274.59884,490.17488,117.22008,-320.79406,778.87156,148.62389,-279.03274,500.12455,111.97763,-317.82889,776.96285,156.172,-252.20172,505.66532,120.94998,-290.19622,658.17146,348.74648,12.66646,591.73674,346.54399,-12.80869,759.4828,397.64532,-151.14133,496.71101,393.91394,-262.30076,767.11246,481.95163,77.22882,463.40338,485.43544,-42.8568,755.47291,493.96895,94.24459,468.01417,500.60584,-24.89696,806.15032,516.27784,-5.61453,421.30589,509.6449,-132.59362
329,goddess,nonstandard,1607.01974,499.50755,-453.65665,1633.02255,457.12021,-332.36103,1657.04923,458.57656,-333.14411,1671.98888,458.91668,-332.69213,1574.24913,464.08095,-338.01685,1555.26421,469.04583,-339.24497,1535.87686,474.65083,-339.65124,1689.16333,488.83597,199.53937,1521.28087,504.72165,176.90002,1651.30554,556.8402,-253.33021,1572.42824,556.78217,-269.58334,1847.04944,808.75709,501.74302,1394.60751,825.21037,486.3613,2196.9834,918.79522,601.18616,1059.94015,928.12587,634.00608,2280.18563,578.19945,402.77496,975.28823,589.5157,594.17887,2290.08723,483.3542,375.43077,954.85878,494.97494,562.80255,2260.97601,465.65987,335.58897,995.24036,475.3936,562.52726,2240.11368,504.2691,386.76073,1018.7473,512.90214,584.77381,1787.14919,1440.64149,15.30916,1471.0651,1443.52428,-15.92918,2224.36158,1724.35224,-711.43691,1040.28267,1744.13311,-771.1305,2198.75692,2159.88942,250.74943,1085.6953,2206.06741,123.53879,2135.68317,2217.60322,332.94256,1164.33895,2255.53514,202.90467,2352.34621,2315.77862,-36.8564,932.48616,2351.52608,-174.71808
330,goddess,nonstandard,295.95169,83.41214,-150.26965,300.66382,77.27114,-135.43424,304.19855,77.89395,-135.60045,306.08468,78.47347,-135.51349,292.10583,77.02989,-126.15534,289.3884,77.48502,-126.38326,286.61942,78.08742,-126.432,311.06185,83.23361,-60.81099,282.59597,83.13552,-17.99982,301.59546,92.67477,-121.2154,290.79272,91.90351,-110.65703,333.78752,129.65308,-32.73643,264.67419,127.57929,64.95115,389.55352,120.92725,-85.1784,218.52715,120.9753,110.99469,388.33093,61.00802,-140.35779,221.61234,68.11839,116.20458,389.89539,43.40605,-157.79895,221.44047,51.78077,113.02868,388.13103,40.34661,-154.58139,227.68985,50.94425,110.76885,384.86076,47.73133,-139.69226,229.9526,56.972,113.08542,317.21892,248.2761,-28.30566,270.84818,243.21494,28.20375,383.63116,302.54227,-168.55632,196.34275,275.96032,-78.8248,397.61594,387.25714,-34.29538,209.53871,348.95549,98.87892,390.58976,399.43276,-25.07356,216.41847,361.87057,113.45177,431.02851,414.00954,-114.97475,173.72317,360.73952,46.10845
332,goddess,nonstandard,518.76659,52.26565,-157.17064,524.68496,47.35076,-139.94356,527.50187,47.65092,-140.10251,530.95625,48.07245,-140.0574,514.75161,47.57669,-139.27498,511.46437,48.08851,-139.52111,508.73256,48.65583,-139.61113,534.90565,54.88894,-52.63858,503.20436,55.04037,-48.89456,525.70531,62.29284,-123.65769,514.20342,61.60324,-124.28018,569.98081,113.99146,-0.19653,475.21987,112.15231,2.11193,633.06139,124.93978,-24.2256,409.58713,119.70108,-55.87855,642.25542,65.99595,-110.0493,409.67574,59.51244,-145.85783,641.65503,48.69259,-127.46106,409.59678,41.85118,-167.3735,638.04066,46.10639,-129.602,415.87676,39.714,-162.64073,636.09533,53.29142,-112.46254,418.05516,46.67546,-148.0889,549.72166,236.66161,2.97605,491.6182,237.13384,-3.14918,630.77954,295.22822,-132.65343,409.85517,297.33281,-118.73004,625.87341,366.08317,60.83391,411.86419,374.64556,42.76344,615.73778,381.71925,76.8638,422.00689,387.41037,56.66374,666.50051,392.625,11.98975,376.95788,397.07071,-12.29921
333,goddess,nonstandard,559.74183,215.73523,-279.03198,565.36257,193.50577,-235.14031,571.65225,195.06848,-235.55887,577.10158,196.15411,-235.47918,544.8322,188.26367,-247.60685,535.29079,187.20706,-248.19465,526.28043,187.16635,-248.42819,566.10522,206.91739,-35.87268,500.5154,199.82098,-93.61379,564.27309,240.27887,-203.60049,540.32259,237.25995,-224.48584,605.67163,355.70047,59.86222,425.04993,330.59171,-31.97716,733.02346,340.26172,163.39584,292.77575,286.50168,-208.97448,743.12909,214.42783,240.80152,301.68669,117.8465,-353.44091,761.12165,190.85529,256.38627,265.0694,76.12323,-392.50025,753.613,189.76019,242.55409,259.73133,73.18365,-380.6978,743.42732,200.63522,238.3843,283.19293,88.77045,-358.91585,541.31459,649.36273,46.97116,418.10353,646.22943,-47.12727,734.8101,703.47205,-184.42466,265.5036,732.04895,-495.22573,699.15082,882.41016,133.54838,217.03599,930.1825,-173.99369,674.88133,918.53253,156.49411,231.26348,963.5896,-145.48728,782.46336,924.52625,12.09677,160.39438,994.82587,-313.6171
334,goddess,nonstandard,404.32042,305.44324,-679.56313,417.00303,289.16971,-636.64435,425.78001,290.57614,-637.19208,433.12097,292.6464,-637.13403,393.95231,289.9761,-640.12483,387.48866,292.37815,-640.82053,380.11178,294.51276,-641.07765,437.77537,308.96874,-412.83637,366.70759,311.029,-425.91487,421.36919,332.39048,-591.85097,392.60547,328.89543,-600.31355,481.36496,410.89558,-352.40426,325.16471,415.42112,-342.06118,539.71851,255.81953,-520.76058,263.11968,258.51635,-524.05665,466.07285,126.11056,-626.97479,345.73287,130.7485,-631.25968,430.03001,113.71305,-688.30816,378.61231,119.05169,-701.01813,423.15189,122.23219,-669.26153,389.47277,128.07811,-681.96981,428.58016,129.14903,-624.96155,385.79422,135.17406,-634.51858,476.54582,713.45506,3.73013,344.80676,716.9029,-4.09837,663.1802,833.896,-291.5877,160.19713,848.22565,-309.32068,675.48503,1027.70993,114.82006,151.59109,1038.38047,84.27076,652.75103,1060.85788,144.05937,172.53647,1066.54989,116.00549,747.83582,1091.3981,-75.80295,68.08878,1094.1763,-100.55985
335,goddess,nonstandard,276.51789,77.37392,-117.11371,282.86255,70.87503,-95.55484,285.41066,70.9055,-95.70445,288.13974,71.14263,-95.67114,271.8846,70.52917,-94.75792,268.98439,70.47401,-94.95989,265.90872,70.23109,-95.06171,293.0238,75.43352,9.6578,261.24524,73.43641,13.37831,281.60069,87.27604,-77.29,271.71694,86.20025,-77.72451,318.89498,124.66849,62.04224,232.18897,124.57398,65.4896,380.10459,147.60655,10.54112,171.51461,146.44404,-20.03456,385.88768,99.21578,-135.9636,166.87663,92.91951,-188.47649,386.40397,80.58473,-165.16351,162.89147,75.13386,-224.60495,376.26704,79.32103,-169.58519,174.0559,73.22281,-224.16003,372.52781,88.03721,-140.68032,177.87179,81.85104,-194.2598,297.35809,249.4874,1.77121,242.37784,249.09671,-1.97035,369.77705,312.03501,-145.56377,166.01832,303.32015,-145.35169,353.58853,382.5552,55.25528,171.15221,379.44201,40.82837,344.49364,392.81428,71.94847,181.54814,390.15793,57.21451,372.64065,404.46819,-8.75565,146.94663,397.44114,-22.14121
336,goddess,nonstandard,644.98821,133.42866,-258.65061,652.96234,122.93225,-233.1198,658.27383,123.81414,-233.3213,663.34316,124.63184,-233.25681,640.51958,122.21908,-234.30398,636.58733,122.302,-234.57112,632.98931,122.12965,-234.67202,670.49269,131.22818,-103.38684,627.83335,128.20015,-109.55909,652.53948,146.35308,-209.41273,637.81191,145.36549,-213.20765,696.14285,203.17783,-26.35013,584.52496,186.75125,-40.08267,764.72088,244.40006,-98.54867,512.51249,204.3735,-135.89958,787.38625,173.60992,-247.60966,497.40446,138.54663,-284.82356,785.35458,152.83271,-274.59884,490.17488,117.22008,-320.79406,778.87156,148.62389,-279.03274,500.12455,111.97763,-317.82889,776.96285,156.172,-252.20172,505.66532,120.94998,-290.19622,658.17146,348.74648,12.66646,591.73674,346.54399,-12.80869,759.4828,397.64532,-151.14133,496.71101,393.91394,-262.30076,767.11246,481.95163,77.22882,463.40338,485.43544,-42.8568,755.47291,493.96895,94.24459,468.01417,500.60584,-24.89696,806.15032,516.27784,-5.61453,421.30589,509.6449,-132.59362
337,goddess,nonstandard,507.8753,72.81035,-50.06802,511.6632,62.46744,-24.38916,515.85503,62.94484,-24.55509,518.9178,62.85897,-24.4657,498.453,60.52172,-29.39191,493.57944,60.22984,-29.66114,489.01381,60.13795,-29.72721,518.09635,66.99389,95.35582,480.94387,64.61657,73.60744,513.86566,84.02059,-3.99436,498.80056,84.64162,-12.42079,548.37384,143.17574,144.20029,446.29903,136.84203,119.42739,602.94628,204.42013,65.4234,422.41993,205.24135,87.22342,522.95437,182.68335,-87.40997,501.53704,180.24605,64.67003,516.97679,162.14737,-112.67684,509.73368,160.0683,52.18568,516.93926,158.09956,-96.54751,507.8618,155.50752,67.8489,517.21849,166.02847,-81.79139,506.5834,163.38626,71.40125,521.83933,304.63258,10.54704,454.82397,301.14458,-10.80347,637.76426,343.36584,-155.60653,346.22164,347.24427,-204.74939,617.61003,460.35636,11.45177,353.68333,467.53196,-43.06394,603.11909,483.5966,24.61201,366.40987,488.13385,-28.78429,670.05935,488.83304,-58.11946,310.29365,499.93741,-115.1055
338,goddess,standard,138.53235,41.40686,-105.63194,140.82945,38.333,-96.57886,142.08791,38.43222,-96.64543,143.36339,38.6609,-96.61507,137.17731,38.35783,-95.7165,135.98713,38.44231,-95.809,135.02731,38.51273,-95.83959,145.08863,40.42849,-50.18013,133.31494,40.10003,-46.16046,141.09266,44.96496,-87.68337,136.77627,44.7752,-87.25213,155.70132,61.45664,-21.14293,121.82287,59.72143,-7.93647,181.80163,57.17234,-33.35428,95.51194,58.44599,-3.20781,184.75478,32.89346,-61.69795,93.88498,33.45452,-19.98782,185.82863,26.52289,-69.12345,92.66768,26.49148,-25.76005,183.60692,25.32854,-70.2455,95.41058,25.88827,-26.14449,181.9948,27.9942,-62.63744,96.46101,28.73727,-21.23621,147.07654,106.28181,-2.59235,124.9351,105.93742,2.55812,180.19728,118.29002,-85.80772,92.95037,120.45913,-80.10763,177.99637,152.14848,1.84185,94.70448,154.27637,2.92836,174.52954,157.42019,8.45818,98.73474,160.02826,9.56509,192.57454,161.13524,-37.20982,81.20744,162.91941,-36.47117
339,goddess,standard,194.21154,94.57034,-134.16179,197.77718,88.51409,-119.33299,200.04075,88.63356,-119.45753,201.65739,88.75178,-119.4226,191.31655,88.86309,-119.73063,189.4166,88.93848,-119.89961,187.58094,89.13879,-119.94284,202.96755,90.86195,-54.29248,184.02774,91.43488,-55.95816,198.53776,99.97596,-109.96234,190.9366,99.30666,-111.72582,219.09366,119.32695,-38.15511,170.42792,117.99548,-41.47945,235.07586,89.16953,-98.78084,155.56935,86.90837,-94.14638,241.86466,50.90174,-170.38105,144.63353,50.14981,-147.46872,243.37721,40.34792,-188.57898,141.55957,39.0979,-167.49951,242.9368,38.78846,-191.21928,143.43655,37.34467,-168.55854,241.69998,42.83783,-174.41708,145.33058,41.50298,-152.11774,212.75547,197.26512,3.29752,176.37082,197.11531,-3.41196,268.72759,208.80868,-101.80252,119.10591,209.24803,-109.49271,263.43143,265.78808,-0.75599,125.63689,263.21061,-12.26962,256.65371,275.7489,6.3716,132.71689,272.5933,-4.63613,288.24701,280.1173,-54.55277,103.29869,276.57659,-62.93319
340,goddess,standard,862.45068,147.82234,-522.56586,883.99988,120.38542,-473.04666,897.83337,121.78606,-473.48694,908.5,123.27152,-473.38205,842.75043,116.16047,-476.58078,830.61987,115.16577,-477.0553,819.46021,113.84951,-477.20499,923.73022,132.60821,-198.53851,803.66223,130.62527,-214.73235,887.99353,183.09761,-417.68277,841.28125,180.30474,-426.14648,1002.86963,317.64358,-50.84843,724.93573,316.2032,-52.70144,1163.36255,503.43549,-257.4527,582.95776,474.3123,-367.50653,1157.63037,304.38571,-685.79242,553.35925,286.13119,-847.20782,1153.9624,246.02734,-765.38965,575.83972,239.95601,-941.58282,1137.23279,232.9565,-770.81201,583.15173,229.25792,-929.46478,1127.47119,255.156,-695.25348,584.07678,250.47807,-857.19922,961.23608,664.38788,-4.60639,799.87769,669.52986,3.85957,1220.04578,712.02621,-468.96393,519.44543,718.09843,-338.87042,1147.43896,986.30559,-39.2023,629.73572,957.31713,44.93806,1112.9259,1026.40709,-5.16795,676.41425,1003.36509,77.39713,1237.3208,1076.1188,-210.49323,503.22968,1032.89402,-118.85146
341,goddess,standard,296.44104,135.24793,-271.87107,302.92944,125.48848,-238.71965,308.81438,125.74374,-239.00492,314.18311,126.06185,-238.91253,289.87787,125.71658,-236.32759,286.06345,125.87426,-236.71809,281.56973,126.06617,-236.84999,318.2174,133.6311,-83.5272,273.29239,132.79135,-72.09819,304.20565,148.88263,-213.24923,289.73775,148.60002,-212.91862,359.56991,207.79331,-19.91942,237.15036,203.25032,5.06843,443.20713,145.98158,-64.81572,153.9152,141.29835,-67.57918,440.52274,50.08628,-180.31727,137.23379,44.59582,-213.8302,462.78335,26.70797,-211.22833,114.26514,28.75199,-256.09811,456.88,26.29433,-226.03476,118.6655,25.41812,-267.83825,446.51622,35.57009,-190.14425,129.02127,31.27735,-228.15575,342.18111,390.61884,0.85756,255.16494,395.31964,-1.10096,481.37055,434.13536,-192.37532,117.31912,430.62826,-247.53847,521.30034,564.85492,29.09876,85.44187,568.66881,-35.90086,510.1696,588.16077,42.38397,97.6307,592.02931,-20.95981,581.0168,597.46703,-107.53526,16.5889,595.78088,-162.53962
342,goddess,standard,116.64799,48.17082,-147.69004,120.32266,43.189,-137.83403,122.00512,43.29994,-137.94094,124.35543,43.60408,-137.92699,113.46767,43.06038,-138.14841,110.92408,43.1831,-138.29576,109.02352,43.30774,-138.36543,126.5002,45.4305,-81.46738,105.77564,45.07162,-82.44392,120.2765,53.23365,-125.41082,112.30499,53.20495,-126.71831,142.71256,70.88169,-44.7634,88.99742,69.98727,-43.84124,178.0135,69.98535,-58.12914,55.57729,69.20846,-62.59873,192.47026,38.2586,-114.72872,39.94908,37.0141,-117.8376,198.63217,28.49781,-125.78098,33.46781,26.35716,-131.98253,192.78263,26.54903,-133.58766,40.63822,24.52423,-137.23952,188.6135,30.92328,-119.22626,44.1431,29.12659,-122.85952,131.3115,139.01241,2.33181,98.80085,139.48539,-2.39322,172.54412,160.95832,-100.71234,59.43962,162.70237,-110.8118,171.20453,206.7176,-16.56072,62.85972,208.83956,-20.62669,165.94507,213.15012,-10.42495,68.11941,214.5945,-13.26957,189.98039,219.69861,-53.44241,45.95317,221.40566,-55.79711
343,goddess,standard,550.00671,320.00485,-284.94351,559.80847,305.3006,-247.45753,567.23822,305.72812,-247.70251,571.65125,305.91284,-247.5842,542.11298,304.98297,-245.8652,536.32983,305.11487,-246.24008,529.60718,305.15314,-246.35901,579.40741,314.88712,-61.62187,522.3252,312.56595,-54.20534,559.14801,339.05133,-214.06354,539.62183,335.63797,-214.83167,634.8858,411.54645,46.98367,465.09125,408.69653,62.48415,749.01276,446.07059,-3.93404,346.83774,435.87625,-34.63257,754.00031,332.63165,-160.73936,349.43802,321.89413,-229.18498,754.35968,299.51111,-192.62682,348.32864,288.52173,-270.68036,738.13599,299.09418,-194.55089,363.59479,285.72733,-263.92511,729.77942,314.61655,-163.49242,370.31622,300.0202,-233.76993,597.59155,628.59692,-0.91911,495.94775,629.39081,0.60925,754.47821,679.86737,-334.15085,341.82336,680.63635,-336.681,736.44312,836.94092,-5.86509,360.56686,839.83301,-21.22466,719.71509,863.58051,19.30615,380.74393,869.00732,5.28428,788.31775,889.55176,-144.00131,301.5907,880.82336,-154.33672
344,goddess,standard,93.73553,80.67972,-75.64719,96.27328,74.56619,-64.22446,98.63072,74.55183,-64.30516,100.32509,74.74284,-64.26733,90.20703,74.59822,-63.98625,88.22637,74.46435,-64.11857,86.056,74.59432,-64.18251,102.4277,76.77239,-3.70895,82.4968,76.59359,-3.18061,97.05451,85.46245,-51.57915,89.70597,85.41392,-52.32765,118.76641,102.05351,37.46166,69.32156,101.34016,42.07851,157.82449,97.85528,56.89569,31.12575,97.22863,57.25901,152.42829,61.07263,74.4883,38.64309,62.92462,62.42249,153.86253,52.60802,76.75559,37.08978,53.2852,61.96077,149.42842,51.66669,78.15831,42.92216,52.69781,68.72626,146.7427,55.25443,76.16415,44.56011,56.53763,64.92645,110.5946,172.1014,-0.31976,78.74967,172.25422,0.29118,163.58923,192.29197,-98.18576,29.23171,191.17732,-102.88239,141.99368,238.77897,16.01616,51.02461,235.04727,8.88259,133.13953,242.20473,26.99032,58.69739,238.69649,19.99519,150.66343,260.36315,-14.94329,41.62133,258.05308,-21.81104
345,goddess,standard,806.15601,148.08225,-158.29165,817.6712,128.66808,-121.67713,825.73029,128.9908,-121.8959,831.03943,129.05552,-121.77005,795.61363,128.3811,-122.88067,790.46951,128.41553,-123.25746,783.4037,128.31658,-123.41502,837.63931,134.15195,51.99962,778.44139,134.67771,46.61678,818.04649,162.90539,-92.87811,794.00467,165.30727,-97.2725,899.68285,235.89344,118.60033,722.86507,238.7728,104.58279,958.19321,343.60718,-39.33194,667.73712,341.25183,-132.46706,835.84366,300.21601,-286.80902,794.33853,298.59859,-392.82372,823.27271,267.37796,-332.141,807.25395,264.79849,-449.52751,823.8028,261.89145,-307.64355,806.60431,258.5792,-408.95679,824.88037,272.93839,-278.34555,805.79254,271.36441,-382.21687,861.25214,444.78034,7.23588,756.68961,445.94081,-7.62521,1041.5757,456.32443,-329.36611,576.9754,456.81337,-359.30897,1031.07407,635.26567,-28.74129,579.15577,635.04401,-63.26253,1013.6393,661.53115,-5.24454,595.64659,661.4948,-37.38122,1104.7908,676.15764,-154.62175,500.10117,676.20927,-182.98134
346,goddess,standard,144.89166,29.16257,-76.16282,147.487,24.66015,-66.41183,148.91037,24.72895,-66.48394,150.48153,24.7699,-66.44808,142.58963,24.5466,-66.5893,140.97491,24.57182,-66.69692,139.54888,24.57019,-66.73727,152.19424,26.08849,-16.55555,136.89897,26.45879,-17.30618,147.80298,32.90626,-56.887,142.38066,32.90324,-57.90164,165.78038,50.41415,13.87624,124.6016,49.28224,16.54119,197.78278,63.03238,3.45741,90.80222,57.21846,11.72854,208.79157,35.37187,-36.65972,78.45686,30.82534,-18.96256,208.68071,26.90311,-43.72122,78.44195,21.85467,-25.97158,206.39097,25.07794,-46.44005,80.87977,20.47961,-27.33428,205.41031,28.56191,-38.52529,81.51079,23.83956,-21.11569,154.79972,108.13419,-0.20032,129.97877,107.75464,0.12545,203.13494,122.70204,-66.94458,83.73021,120.71553,-74.09811,188.27603,163.46996,6.34191,90.95913,161.92878,-2.91642,181.88448,169.86399,12.10598,96.63035,169.33874,3.22074,207.02757,173.90673,-27.14765,71.07567,171.36336,-34.58195
347,goddess,standard,347.6138,117.83505,-142.79943,354.64705,106.83423,-121.2126,359.64687,106.54768,-121.37781,362.95158,106.51238,-121.26078,342.52994,107.19793,-118.19659,339.01711,107.14235,-118.49685,336.52035,106.75375,-118.59747,369.69875,108.46994,-10.56316,331.69348,108.95882,3.35573,355.57177,128.04411,-99.89026,342.19578,128.30986,-98.03276,410.21895,169.67802,57.43495,300.23513,168.07518,82.12394,493.66188,190.64765,37.88153,222.03957,189.2416,67.55357,509.08711,113.83652,-57.86517,203.12113,117.15238,-7.40839,514.09813,92.65773,-74.64211,198.57341,95.16182,-24.52223,506.2345,88.75285,-83.10622,208.64387,91.32311,-23.56655,500.81939,98.52254,-62.5351,212.69735,99.52872,-11.06957,394.53624,322.85585,-4.07507,327.72635,325.69345,3.86666,502.84944,350.64578,-198.44087,211.94868,352.51236,-173.05964,513.16783,467.52169,-34.3904,222.06766,465.20945,-6.65375,503.00224,487.39623,-22.52801,233.53002,484.72165,6.70404,554.10688,498.79547,-125.57549,175.83349,490.46185,-86.47568
348,goddess,standard,945.86872,676.72089,-199.33156,953.95443,665.70183,-165.24363,960.65392,666.6716,-165.49998,965.16712,667.99606,-165.45045,938.32369,665.80498,-172.97896,932.68358,666.90277,-173.36988,927.2065,668.56476,-173.47931,972.21268,677.40807,-3.19054,919.96136,680.2047,-37.83688,954.36075,695.80101,-138.99663,936.06314,694.4252,-151.26966,1018.06011,786.57196,89.53429,876.57789,780.67894,29.33471,1055.06985,901.76613,111.57575,832.27856,893.29323,19.37381,1144.24232,944.0007,-43.46047,740.35698,950.30876,-125.16616,1176.10268,963.79997,-67.44655,715.96745,971.2323,-159.13991,1176.10325,961.61263,-124.41203,713.19592,968.07938,-209.49361,1162.14523,953.81638,-71.23958,724.06128,962.23831,-151.61389,986.23936,987.06375,13.99563,896.32845,989.12971,-14.39385,1170.01568,994.76982,-212.55691,721.80908,994.73663,-309.6252,1148.19168,1187.13196,-59.71488,767.80226,1177.44545,-111.11064,1126.62048,1217.21451,-51.99748,795.49381,1212.35886,-95.62265,1209.27692,1231.94107,-194.87909,702.69831,1229.52042,-226.64537
349,goddess,standard,728.04232,300.10043,-44.66109,739.14912,292.64067,-4.97333,745.43318,293.81401,-5.51843,751.20199,294.69076,-5.47322,722.5045,292.17008,1.50639,716.46295,292.96879,0.87922,710.04894,293.3944,0.7542,763.21828,304.98121,154.56175,700.75764,306.87918,180.61961,738.11768,321.44707,12.49645,720.22569,319.91956,15.15023,832.02079,402.57166,53.37369,646.70576,401.66216,138.92347,738.70558,356.70288,-356.62774,718.73134,353.12191,-340.63375,725.91023,187.52296,-586.39415,728.25851,211.37727,-726.87797,724.92577,137.81594,-651.74626,730.94295,163.65053,-815.45395,726.36665,133.68191,-612.51716,733.66298,171.03053,-776.74806,727.26591,150.57351,-579.25276,731.36763,180.95775,-731.90752,816.63439,721.99169,-5.97108,676.64355,722.02554,5.64409,1051.89505,767.70958,-297.8761,448.6497,773.27189,-440.41009,1064.69259,995.91216,14.35571,456.00607,1000.36421,-176.5311,1041.73958,1037.62414,35.40438,482.06681,1043.36892,-155.40046,1174.16391,1047.95081,-156.04578,358.0631,1054.74319,-350.45294
351,goddess,standard,866.88614,191.56326,228.89724,852.40599,172.69393,157.65262,843.95025,173.24857,157.19039,835.75696,173.8551,157.32681,877.86385,172.05682,152.25978,888.40051,172.4516,151.59875,898.97904,172.85712,151.52833,820.7094,193.30925,-77.55987,911.80651,189.92456,-99.99178,856.51083,215.93847,170.34924,883.28042,217.02273,159.05898,732.42566,337.33999,-112.98775,993.20661,340.341,-160.56338,535.64086,370.22708,39.84009,1181.64734,361.76507,-0.40085,453.46139,205.96703,242.71707,1263.60891,213.12464,233.6152,429.69446,160.04463,230.98528,1285.37346,177.17935,213.20895,451.03267,149.27286,220.05954,1261.08969,162.92173,210.76246,462.11075,166.64962,244.97322,1250.43523,174.94388,236.66739,782.90166,704.07729,4.33433,945.93377,694.71963,-5.06715,553.19953,755.54282,279.09253,1177.32899,746.14387,362.44002,528.38419,1026.44861,460.27212,1202.34135,1002.24256,599.37261,553.13569,1072.26614,480.90479,1181.24949,1051.26833,630.93029,407.75423,1057.81935,512.40643,1299.25864,1030.22939,683.10536
353,goddess,standard,312.64833,182.06867,-163.36198,314.86298,179.08267,-156.8786,316.29159,179.46174,-156.96768,317.72135,180.03035,-156.95665,311.34757,179.00532,-159.2195,310.02159,179.11778,-159.33902,308.77855,179.2096,-159.38541,318.69732,183.3325,-109.48306,307.20162,180.65493,-120.09639,314.33115,186.36557,-143.72581,310.06072,185.75785,-147.51991,315.78383,199.88225,-75.85049,291.56467,197.74361,-88.57765,338.96756,173.38216,-99.11266,282.92245,169.51269,-124.66097,349.26939,144.71042,-166.29712,273.5458,145.85238,-187.92281,352.77218,138.14491,-184.00973,271.29611,139.36991,-208.10907,352.91805,137.06205,-192.4984,271.30136,138.75867,-212.67087,351.38665,139.63341,-172.22325,272.0585,140.80802,-192.74465,308.58046,252.93572,2.6314,285.88641,252.26101,-2.73274,347.19712,262.40614,-73.32127,244.73759,264.89212,-48.02454,350.14433,299.21973,18.89727,243.00862,299.96565,44.09226,348.29006,306.12803,25.44162,246.81391,305.01936,51.38561,365.17146,305.60805,-23.80422,231.15134,307.97223,4.20917
357,goddess,standard,268.87452,102.80053,66.36556,264.21307,94.48996,36.12308,260.40632,94.43074,35.901,256.81393,94.38707,35.95555,275.00446,94.67008,34.39089,278.92612,94.72146,34.07517,282.63609,94.75721,34.0243,251.38294,98.96802,-48.85922,286.68555,99.8492,-56.70064,262.34155,112.80314,47.32372,275.00418,113.22272,42.8872,211.0853,163.03495,-52.33055,322.54149,164.09176,-60.30235,126.12819,153.85619,17.06852,405.72224,149.68588,-4.45897,124.83669,77.58736,89.29171,405.61434,68.44727,68.66122,118.56954,56.32113,84.01355,412.12699,48.14288,60.96495,131.21842,53.53337,72.69039,396.05394,46.33449,50.58498,134.3122,61.25284,86.69287,391.02449,54.55272,64.89262,232.69761,325.71852,-5.57028,303.61298,322.57857,5.18092,129.62163,334.96071,151.299,413.91147,334.10461,101.46801,115.53896,450.07063,193.00862,421.77929,456.16433,142.55117,123.49658,471.01823,197.12584,413.30239,476.28199,150.10829,74.26383,456.6621,198.9625,462.51379,461.82169,160.09761
358,goddess,standard,527.37445,278.58923,259.14582,524.59671,271.74283,238.37079,522.18774,272.19651,238.11946,519.41397,272.84301,238.15748,531.02507,271.3836,233.66303,533.42623,271.70248,233.28901,536.0675,272.2111,233.20087,514.23152,280.43005,152.62909,540.81252,278.73142,129.31042,523.79635,287.45996,237.47949,531.94348,287.58005,228.51261,489.21837,323.82921,127.14693,571.43343,316.44525,101.0083,452.93446,267.72013,241.54186,599.92704,252.13545,157.78151,433.54263,200.39819,323.39879,609.49269,186.05578,282.31107,425.74216,185.40008,339.85071,614.0496,171.49249,283.32555,435.75128,181.35456,322.09415,606.0746,168.54245,294.01944,439.94758,186.93195,320.98369,603.45338,174.11843,288.73529,500.35758,474.6238,13.00072,561.26975,474.19948,-13.54045,410.95186,476.34473,111.818,660.24917,478.82354,88.02384,414.93341,587.10878,66.61217,659.63324,590.13561,83.63024,423.7051,604.6446,61.64268,650.90597,609.69286,84.44522,394.00097,597.22542,53.31429,694.14243,598.49995,88.24778
359,goddess,standard,382.70961,106.86203,-228.00935,388.26062,99.09114,-204.29427,390.92326,99.99903,-204.47547,394.17313,100.65271,-204.40385,377.04978,97.71407,-205.02267,372.80042,97.83706,-205.27338,369.77951,98.1643,-205.3598,396.93527,105.65962,-91.91302,362.70038,104.68569,-94.20131,389.28197,117.69738,-185.7272,375.92823,116.68096,-188.33762,429.41557,162.97345,-22.51313,330.3903,159.95131,-19.64233,500.79905,186.25263,-40.06868,258.89858,172.27412,-39.6319,520.45188,123.532,-144.49198,251.65513,109.74526,-120.37225,527.64162,104.68878,-163.2395,245.80603,89.03093,-141.88515,518.27553,99.71277,-174.3828,256.75854,85.66453,-145.72319,512.29876,107.46662,-150.62841,260.78852,94.52734,-125.97656,409.97942,285.07139,1.88098,350.92853,284.85491,-2.0564,493.41138,324.16331,-188.30235,263.20121,322.06371,-184.07938,509.63352,419.01131,-20.71471,243.51219,417.55236,-30.87997,499.49249,434.05925,-8.80555,250.98221,433.20038,-19.58423,545.77808,439.63428,-98.49534,201.57631,437.63444,-110.59354
361,goddess,standard,624.49687,196.48299,-193.10122,629.72932,188.01814,-169.00408,634.18758,188.23523,-169.15827,636.40938,188.33691,-169.08183,618.50617,187.5622,-167.96708,615.24861,187.79592,-168.2012,610.84929,187.87126,-168.28194,641.26775,193.22193,-48.78973,606.34196,192.5745,-43.86968,630.16984,207.82063,-147.07642,617.74814,206.63961,-147.48612,675.28982,252.26498,23.79043,571.44166,251.73964,39.67132,744.72055,273.73559,-6.74404,498.62083,267.41599,9.99365,747.40713,204.6058,-102.00594,499.46877,198.92905,-86.36289,748.61176,184.52138,-122.62419,499.08299,178.17556,-108.46199,738.91153,184.03653,-124.15101,508.76244,176.88561,-106.48563,733.3452,192.69267,-103.95621,512.61799,185.82036,-89.33489,652.16997,385.18771,-2.37038,590.47315,386.7617,2.21455,749.80602,419.9791,-206.69636,493.84589,417.28737,-210.34291,738.52394,516.11401,5.76585,505.6141,516.20098,-11.50709,728.16346,531.27715,22.26255,517.1382,532.43316,5.02975,772.97895,547.8433,-80.94417,470.31065,542.25648,-99.04133
363,goddess,standard,82.50467,56.67427,-56.0446,84.04971,54.46562,-48.76124,85.063,54.53895,-48.80292,86.15752,54.60438,-48.78397,81.25227,54.28,-48.8348,80.31726,54.31088,-48.89284,79.5303,54.30437,-48.90772,87.42222,55.33401,-14.21311,78.2243,55.37798,-14.44902,84.37119,59.35334,-43.04933,81.01709,59.19158,-43.57765,95.80697,68.7453,4.99048,70.73782,69.71687,6.05552,113.72349,69.50279,-2.66508,53.21731,70.97375,-7.63999,115.22581,52.89903,-31.22326,51.78749,52.96854,-37.82853,115.70685,48.36081,-37.51433,51.13498,48.01971,-45.23871,113.41307,47.97336,-39.33609,53.1747,46.93394,-44.71052,112.49386,49.99399,-32.50493,54.0421,48.97228,-38.8478,91.82238,101.17112,-0.62529,77.22165,101.90513,0.5701,114.99281,107.36301,-63.07135,53.3545,107.40224,-57.21061,114.95832,132.87417,-10.48251,54.98434,132.86573,-8.57389,112.19616,136.97345,-6.59152,57.71386,137.31674,-4.7939,124.17694,139.73715,-38.43932,45.51267,139.7623,-35.20638
364,goddess,standard,380.95832,144.53421,-229.55841,385.75196,138.08728,-215.74243,388.71356,138.19791,-215.89041,390.93791,138.40271,-215.85191,377.33216,138.35359,-214.37865,374.92483,138.56829,-214.58207,372.60717,138.63919,-214.63867,392.75205,141.39333,-135.32052,369.83133,141.47732,-128.51348,386.39063,150.97602,-197.71694,377.66638,150.46287,-197.19362,412.75808,174.42615,-101.17861,353.42898,173.91962,-82.97204,432.444,137.82194,-177.0843,334.42589,132.86544,-137.33804,443.89985,86.00551,-275.74469,320.53589,86.36071,-219.17633,447.81346,72.37149,-304.01044,316.49953,72.50029,-245.83332,447.23835,70.18767,-308.64498,317.06399,70.91967,-251.11898,444.71631,74.05463,-281.6182,319.61357,74.89403,-226.46815,404.46653,270.03331,-3.26844,360.41979,270.779,3.13583,477.71777,285.61228,-135.18961,288.89342,286.15014,-121.57885,470.28628,357.8403,7.4919,297.20886,355.00412,5.18753,462.47511,369.52457,17.69784,304.32469,365.6916,15.13454,503.17668,376.63015,-57.98168,267.14736,372.03019,-58.73123
365,goddess,standard,297.79492,121.29309,-340.2836,303.80173,113.57068,-340.06101,307.33867,112.31313,-340.30727,310.6144,111.12109,-340.22895,293.49884,113.26394,-341.56877,290.60907,112.10648,-341.88995,287.90905,110.98914,-342.00565,315.00278,100.25132,-253.15627,282.54388,100.43521,-259.27411,304.4225,120.72188,-297.16641,293.09632,121.08769,-300.49767,344.16085,103.77852,-130.40739,251.7489,104.01158,-122.39317,378.52703,163.53219,-3.56535,209.04994,158.24063,-5.10058,413.55475,219.10965,37.36291,169.92736,216.3995,15.82656,418.7125,231.90269,39.0724,167.05182,230.00813,11.6158,415.65928,232.6998,2.49135,174.16595,230.42207,-17.6425,411.68296,229.29721,25.46635,176.574,225.45848,5.06895,318.94591,239.26711,-6.59733,263.65625,237.98673,6.44779,425.88565,244.24951,-167.44714,162.21514,242.36197,-167.70263,418.0751,354.11358,-41.54911,170.61848,352.3165,-41.38196,406.0441,373.31836,-32.53334,181.41704,369.53764,-31.03611,463.79306,380.23329,-112.82906,125.79251,377.05758,-109.53038
366,goddess,standard,344.60807,85.45432,-223.58961,350.19521,78.44503,-204.31362,352.50541,78.7765,-204.46586,355.49304,79.39165,-204.3956,339.97503,78.50251,-204.01314,336.8048,78.95939,-204.22067,333.85902,79.6021,-204.29382,359.94287,83.91836,-102.0553,329.61034,83.98505,-99.91703,350.97034,94.03301,-184.11029,338.70848,92.93551,-185.07131,384.97598,124.00849,-31.06101,307.5274,123.27874,-28.06414,440.76197,134.50384,-54.02838,250.60015,133.8695,-46.37185,451.61075,85.33862,-169.17643,228.44602,84.61019,-143.91993,456.64754,69.22156,-193.39485,219.86791,70.50002,-169.12686,450.04708,65.46471,-204.34415,227.00337,65.91731,-177.71967,445.38324,72.18893,-176.05159,230.9759,71.59178,-151.59676,369.11362,229.74596,1.72738,319.99002,229.90727,-1.90065,450.50042,250.89345,-153.92986,238.47268,252.28102,-141.89698,448.32864,332.3401,-1.01112,242.61673,333.44903,-4.1074,441.48337,343.96224,9.54218,248.87502,345.983,5.88679,480.91206,350.13888,-82.69531,210.57191,351.98483,-85.74667
367,goddess,standard,358.41558,129.33726,-285.0221,365.29725,119.49348,-263.42688,368.78977,119.36355,-263.63427,372.45635,119.50555,-263.58864,352.31329,120.66148,-264.16842,348.5691,121.16888,-264.44891,344.73918,121.27024,-264.55389,377.95743,123.42414,-148.9724,339.41776,125.08179,-151.89682,366.33212,139.07278,-240.91972,353.01823,140.63341,-243.70609,405.25932,187.0318,-78.9411,311.10767,187.4393,-82.28553,476.99679,194.92181,-114.44773,241.3819,183.95223,-141.57773,506.99434,129.26266,-239.22695,213.68145,115.80325,-261.67141,511.49398,112.29983,-263.47996,206.29081,94.67636,-293.13658,509.40976,107.5518,-277.43491,211.68175,90.61919,-298.26017,505.59886,114.96184,-247.70455,216.85241,98.19949,-269.86683,391.03992,326.85325,4.86152,331.42335,326.89622,-5.03013,487.24792,372.83714,-153.88536,242.8894,377.48397,-179.54079,492.4786,454.68748,61.82893,231.20978,453.62693,37.89664,483.70805,466.15024,78.96048,239.94506,463.78662,56.65673,526.39936,484.46707,-4.73449,198.60514,481.38679,-24.17845
368,goddess,standard,459.96271,151.16876,-121.85162,471.61273,135.74971,-80.96667,476.50235,136.28311,-81.23869,481.41381,136.43704,-81.11285,452.06092,134.69968,-85.73284,445.31088,134.21602,-86.20373,439.70906,133.96319,-86.4318,487.06094,139.39984,115.84617,428.26634,137.51988,93.08557,470.98702,167.37391,-46.10142,447.73118,163.91964,-55.87649,528.0114,221.60576,228.72093,377.4318,214.97224,202.86667,644.32438,211.47839,263.19172,260.26583,189.51063,183.44668,673.04764,93.65698,207.9082,222.4502,71.87128,102.82361,669.95553,63.18905,200.05123,230.16962,42.89027,78.46802,656.88348,58.73263,188.84733,244.93251,37.18676,83.55143,653.30301,70.70289,203.14021,245.81802,49.4941,99.34339,500.17581,453.01925,7.8101,397.14466,451.33239,-8.12464,684.70707,522.91575,-169.94966,222.32657,516.37701,-295.61106,684.8209,687.67744,38.55887,199.31583,698.00316,-87.8918,661.18065,710.90037,52.7373,216.74198,728.58919,-71.98902,752.66366,738.2113,-72.18526,121.89194,741.87559,-200.45621
369,goddess,standard,135.99134,27.40281,-108.20895,136.46394,24.58769,-102.40007,137.48927,24.62721,-102.47527,138.52636,24.68042,-102.45739,133.29895,24.52806,-102.50422,131.91113,24.72823,-102.60776,130.60758,25.00242,-102.63979,138.08978,26.07248,-66.87268,127.5896,27.1632,-66.77026,137.5151,30.83534,-94.11796,133.9612,31.77181,-94.71553,153.7706,44.86862,-44.16398,116.64619,45.43625,-40.16451,175.83069,39.21786,-44.12685,90.2011,43.28776,-44.54889,199.35301,32.7725,-77.43471,63.95445,41.565,-81.13418,206.42908,32.63108,-83.98944,55.45764,42.07825,-88.8463,207.05388,30.34171,-95.85353,55.15582,39.98005,-100.72799,204.0095,29.97736,-83.45689,58.37051,39.94955,-87.91639,144.08164,96.506,-1.16704,121.57498,94.9822,1.07694,177.27056,107.2851,-76.03799,85.03826,100.96131,-59.80196,177.56678,142.46031,-0.81,82.63799,132.92809,19.52424,174.29738,147.8085,4.9538,86.3843,136.83115,26.2233,190.5986,150.00934,-28.82286,67.30063,143.16495,-4.70823
370,goddess,standard,505.14936,223.38685,-193.2327,518.89962,208.32125,-161.84384,526.42214,210.74997,-162.22432,535.98475,212.63341,-162.08129,489.99727,209.03387,-162.64485,480.31059,212.18152,-163.20628,474.37391,214.92292,-163.37413,546.98634,228.99051,4.66024,461.41723,232.54739,3.51,523.63002,253.60342,-128.32622,485.78715,252.5759,-132.94096,615.80116,376.03738,80.6867,391.57093,384.18882,102.21603,792.43875,398.46243,66.16218,226.40717,408.55157,-18.2176,794.649,234.40877,-48.75202,204.65878,249.54449,-168.5015,792.68682,189.86627,-69.34397,201.44129,208.22071,-200.49635,774.87218,184.53084,-73.60206,223.07962,200.05242,-195.86378,768.47428,201.28462,-51.33046,229.68349,215.13653,-175.51695,587.41951,707.39716,-1.56315,447.2228,715.75958,1.03963,822.62504,758.09214,-288.25185,220.96464,777.68755,-240.84273,809.05521,996.31239,25.6768,242.2263,1009.16009,43.834,784.0091,1037.41262,50.24112,266.99632,1051.11,69.21401,895.06495,1064.39867,-82.40508,151.60212,1065.64791,-47.51233
371,goddess,standard,616.07873,179.45421,-181.3051,622.64178,169.46649,-157.83895,626.91908,169.49112,-157.99041,630.75149,169.69622,-157.8939,612.43944,169.93948,-155.448,609.56061,170.15675,-155.68743,606.38995,170.37388,-155.76434,637.25982,173.40592,-41.42004,606.43573,173.39298,-29.86121,623.68627,187.7389,-136.54432,611.50689,188.02949,-135.20105,671.7169,225.58948,33.18855,578.34631,225.31705,48.36603,744.03205,243.07522,-0.20431,513.05144,241.72215,37.32136,755.97439,178.35791,-114.44245,497.62781,181.85373,-39.98653,758.09026,160.65484,-136.10896,494.99706,162.63028,-59.21223,751.0972,157.96434,-141.9729,502.66449,159.45107,-61.67589,745.11409,166.11195,-118.71471,506.41991,167.73161,-44.7849,658.4693,357.26552,-1.11833,601.19026,359.01588,0.95455,749.65975,378.37008,-206.86213,502.22883,381.38891,-181.43184,757.4863,478.27897,-23.24878,511.80954,477.00968,3.37338,750.369,496.98887,-10.16305,521.76086,492.84104,17.79496,792.23249,499.97511,-125.30994,475.27907,497.96982,-90.81724
373,goddess,standard,184.14903,219.26233,-285.53576,188.36179,213.96289,-272.0686,190.48344,214.45087,-272.18246,192.44239,214.83121,-272.13585,180.50468,213.64632,-271.80903,178.45619,213.98578,-271.97614,176.60501,214.2839,-272.03193,195.45461,217.8652,-185.77381,174.06757,217.07813,-184.41899,188.38077,226.63452,-251.68471,179.27582,226.09575,-252.27785,216.18941,253.11688,-126.55861,154.92008,257.15035,-120.39768,265.2703,269.13296,-199.62287,106.87158,272.80607,-194.34044,272.11671,219.07736,-319.74382,99.34379,225.87408,-308.18329,278.38252,206.84677,-344.67154,95.76097,212.55537,-333.98745,277.04134,204.05502,-345.61913,99.10374,210.17872,-331.39527,272.16201,209.41815,-322.92869,102.43576,215.03534,-311.11879,208.60047,335.06159,-2.08317,169.42132,334.45222,1.94815,272.20185,341.30605,-182.63201,104.97408,342.94453,-172.5005,253.40636,399.53145,21.98429,123.00241,400.91954,17.49257,244.01307,402.63498,39.57737,132.18461,403.39272,34.54897,262.54454,427.63982,-34.01196,114.05481,429.1827,-39.43704
378,goddess,standard,306.79352,143.38397,-285.69279,310.88947,135.21871,-266.22387,314.83593,135.34632,-266.46158,318.91104,136.18041,-266.41657,299.98978,135.7578,-268.05393,295.5813,137.02119,-268.33776,290.64953,138.47406,-268.43893,321.49117,141.74861,-164.35913,286.32618,147.18387,-171.02957,315.32269,153.46354,-246.09137,300.15141,154.30875,-250.19424,355.88612,195.88089,-113.65089,262.91346,196.6129,-113.30755,423.08121,161.96221,-150.54487,196.30234,164.05997,-165.59685,460.8115,103.36228,-243.34709,151.04856,105.09695,-267.89545,465.27168,86.04063,-263.93124,140.38305,89.27132,-294.27296,461.94229,78.6104,-275.82844,144.05348,83.68229,-309.28822,458.83972,86.08742,-251.18635,148.66213,91.09661,-280.60007,338.92693,329.23027,7.97551,274.00585,329.75128,-8.16752,436.67778,350.35476,-151.27118,177.35895,356.61023,-182.47675,433.41469,439.4038,41.56113,180.644,447.45603,-0.93207,423.61893,453.14496,56.44299,190.99773,462.30304,14.12507,475.76176,463.26628,-26.30479,140.65755,472.46279,-72.90131
379,goddess,standard,746.56595,145.00231,-376.7175,761.07825,126.05686,-327.85701,768.52638,126.59376,-328.26138,778.22684,126.77483,-328.07987,733.0482,125.78118,-329.83972,724.95284,125.95244,-330.42782,719.49037,126.31238,-330.62064,788.59337,134.3321,-91.18743,708.96989,134.88545,-101.46672,762.60939,168.41615,-287.41889,733.5337,168.47246,-294.28724,847.06597,276.38918,42.32872,650.8242,278.06037,58.33409,973.63794,376.58502,68.98685,545.29906,394.32386,107.32662,1106.1481,319.76074,-64.2522,415.44353,318.64655,-6.69674,1126.47532,287.29153,-83.23133,386.59013,282.10114,-31.79045,1124.19565,275.35087,-135.27294,388.23189,269.34206,-71.47987,1114.72861,286.12816,-89.49782,400.8939,282.44598,-30.61045,812.25799,558.35898,1.28637,683.63662,558.35659,-1.65706,1022.68748,601.62055,-343.86686,480.47589,617.67635,-334.54914,1011.22642,814.94266,29.30672,496.10692,816.04555,60.28922,984.83194,848.42304,59.2414,516.87258,848.72001,95.13526,1107.05057,865.64762,-109.4877,399.93719,862.97699,-64.82388
380,goddess,standard,97.57085,79.99012,-174.21483,100.89503,75.94178,-164.30322,102.75178,76.21737,-164.38585,104.66711,76.46279,-164.35273,94.24485,75.81081,-164.63138,92.50191,75.86184,-164.74721,90.7564,75.98243,-164.77914,106.77888,78.03525,-101.69655,88.79079,77.86538,-103.14278,101.32447,84.88855,-149.47327,93.98474,85.00196,-150.68567,119.31227,101.28156,-54.04043,75.78866,101.70195,-57.74405,154.93594,104.02099,-86.30842,40.54563,107.71719,-103.87963,158.9392,72.10681,-168.82369,40.47668,75.34288,-187.75953,160.65078,62.8516,-187.10032,38.39752,65.44984,-208.6554,156.27939,61.59317,-190.4394,43.89229,63.78273,-208.05944,154.02376,65.14286,-171.97871,46.04096,67.38497,-190.51093,112.27292,160.33299,1.41698,85.80651,161.11689,-1.50682,155.96902,181.82262,-92.48571,45.30908,184.89896,-94.67415,153.86869,222.8942,19.97633,48.209,225.81381,11.46142,148.79883,229.66479,28.41354,53.41046,231.28418,19.9676,174.99529,232.98614,-22.70389,29.22933,235.27952,-31.64124
381,goddess,standard,252.89022,108.92859,-93.96811,256.85949,103.69357,-77.0226,259.43145,104.20124,-77.12501,261.33688,104.48724,-77.05126,248.84573,103.19702,-77.39796,246.36252,103.49861,-77.5723,244.3463,103.54796,-77.61078,263.52186,107.35854,4.25847,240.2905,107.48909,2.67815,258.23809,117.09877,-62.69312,247.90778,115.7019,-64.5337,288.23195,146.59846,54.03321,217.89728,148.05306,54.50068,338.98195,152.94832,35.4306,170.63923,154.25693,52.81946,347.14926,104.08754,-15.78073,166.76012,105.34793,30.50538,349.36136,90.16914,-25.23716,163.58214,90.65599,22.86264,342.82904,88.10482,-25.9589,171.12805,89.43846,25.92921,338.93521,93.42623,-16.83641,173.69354,95.12733,30.05641,276.409,245.88453,2.63788,234.20081,247.52857,-2.73307,344.14835,268.28202,-122.53486,166.80588,267.44781,-152.41285,360.58078,337.97583,-8.00676,157.93028,338.65875,-29.32864,355.18822,351.6899,-0.5135,163.86458,350.8311,-19.82245,390.63188,355.39103,-77.73831,129.25837,356.03927,-93.64155
385,goddess,standard,456.32427,153.64138,-339.90133,464.52593,142.9583,-305.62892,469.52857,143.74223,-305.93268,474.87819,144.68382,-305.86646,450.00327,142.94304,-307.98146,444.82017,143.67486,-308.36477,439.87673,144.52566,-308.50669,479.59228,151.67115,-143.97564,430.60098,153.72597,-153.04571,465.94031,170.04853,-278.99633,447.37168,168.515,-284.60429,523.28911,232.58645,-68.95641,379.37111,234.44128,-71.37909,637.70388,234.86444,-145.5865,267.71195,231.2215,-155.52592,662.10823,136.65828,-310.93259,238.91664,127.95203,-298.51407,664.75852,113.0498,-344.89453,232.69456,102.46208,-336.21683,654.17887,107.80139,-352.79929,246.99191,97.48853,-338.68763,648.42891,118.26322,-318.54684,254.11924,108.69608,-307.31305,490.38125,439.39666,5.58799,399.73562,435.14985,-5.86318,643.6063,468.20059,-269.77806,241.961,453.88076,-267.26217,622.7275,608.657,9.70703,265.73911,590.60735,-7.37782,606.08541,632.38234,31.99659,281.11498,611.49626,14.83983,664.71142,659.10717,-100.89733,225.0342,629.69031,-114.45651
386,goddess,standard,641.64379,300.33367,-147.45426,648.11236,288.53201,-120.65045,653.41636,288.29291,-120.88986,656.88115,288.23234,-120.81345,632.26228,290.37199,-119.9635,628.09229,290.9736,-120.32701,623.60888,291.96697,-120.46001,658.22359,291.87301,8.8117,618.47515,296.76799,11.28988,651.92785,310.14196,-95.90572,634.75609,311.55631,-97.65447,690.83452,350.15036,38.46431,595.26208,356.26049,59.77693,685.06204,260.25085,12.92692,591.29015,259.63337,70.96232,635.37761,187.1229,5.0735,632.99162,188.98695,80.79106,627.0429,168.51632,-15.55268,645.21776,171.27072,58.60424,624.81773,168.93816,-11.26928,646.76008,171.36149,61.64666,627.55927,176.92248,6.58138,641.80589,179.11296,79.30383,685.1059,532.99257,5.20454,612.96179,541.30198,-5.436,785.80885,583.65519,-244.41039,520.05994,601.42236,-305.24338,807.59405,692.18455,-44.03369,581.7386,694.11316,15.54406,798.56863,725.34006,-27.39645,598.39058,702.84196,48.39753,831.52639,727.0281,-132.58227,577.88905,725.87074,-31.61722
387,goddess,standard,310.2627,229.3098,-188.94711,316.9339,219.11447,-166.18801,320.24422,219.40518,-166.37941,324.25865,219.90735,-166.31527,304.31097,219.34333,-165.40436,300.41103,219.71131,-165.67347,297.05379,220.22005,-165.7593,326.86554,222.93292,-49.94985,291.3415,223.10309,-45.9928,316.88095,238.68501,-143.93183,303.45257,238.15327,-144.73791,358.21854,277.48351,7.49301,263.87512,278.60955,25.56549,426.74156,270.22274,-18.08749,195.79796,278.94976,-18.98989,463.49045,214.3347,-139.35145,165.24485,217.50701,-159.32854,474.8888,199.82762,-165.24746,154.02246,201.77515,-191.22807,470.48977,194.84083,-182.73155,164.19586,195.88835,-204.23384,463.91178,199.83188,-149.89435,169.54124,201.29975,-171.13056,342.37865,414.24053,-4.45836,278.26618,414.30505,4.28915,433.66337,462.64281,-185.26697,181.46965,459.26598,-163.53748,417.23335,554.84196,39.13081,197.2974,550.23512,39.80019,407.08153,568.51043,56.6724,208.54767,566.76258,56.0908,451.0672,585.96258,-42.79918,156.94426,577.15806,-44.09265
389,goddess,standard,236.61358,77.44823,-128.59072,240.49868,71.08465,-112.64608,244.27572,71.23918,-112.78796,247.14156,71.53311,-112.73133,231.98569,71.42326,-114.28596,229.55252,71.73081,-114.49219,226.9223,71.98597,-114.55742,250.97248,74.97278,-31.42023,223.76715,75.85854,-39.04411,242.50104,85.80602,-97.55847,232.667,85.5527,-101.1603,274.86245,119.37136,13.87146,200.32583,121.33542,8.26944,331.00019,135.54783,12.35542,144.51827,134.60448,-6.53356,380.18736,120.0009,-62.95288,94.00007,125.58614,-79.99331,391.28874,110.48368,-73.16561,83.27911,117.39282,-93.34715,391.65148,106.15521,-94.77909,80.97507,114.07156,-112.65102,386.69338,109.90068,-74.25844,84.14923,117.79163,-91.84227,263.89462,220.01148,2.33318,216.55092,221.83208,-2.54187,343.15549,237.80982,-125.13722,138.1781,242.60765,-123.86955,349.19593,318.03296,-26.00222,133.67746,321.36739,-11.92283,341.60108,331.87524,-19.83125,142.11129,333.94948,-3.35076,380.70331,337.80148,-89.29439,101.28145,337.86294,-66.66293
391,goddess,standard,352.07485,207.94983,-47.74201,357.92873,198.78752,-21.0913,361.15227,199.69015,-21.23376,363.27847,200.58193,-21.12034,345.82855,197.99301,-22.08732,342.11391,198.32886,-22.32882,338.25745,198.9105,-22.35619,366.64425,205.91255,88.31723,332.93243,205.98907,84.06376,359.23347,219.0563,-7.07415,345.52284,219.07051,-10.33075,398.06664,261.2911,137.15258,307.2053,262.15607,136.11914,464.77676,251.96091,136.52514,243.14941,264.30019,152.06746,464.56532,187.88317,98.45151,232.37711,198.91615,148.19536,468.82896,170.37514,91.38519,227.59689,181.19349,141.80662,461.21681,168.48276,88.12367,237.38529,179.06916,144.57458,456.84471,175.75571,96.80142,241.33671,185.67495,147.36124,383.58078,392.29889,3.16602,324.11591,393.63537,-3.33992,482.62012,419.73003,-167.53717,223.61767,420.14221,-182.08935,477.43488,518.17482,3.05559,228.65582,519.92393,-20.03019,465.87471,536.15314,16.33945,238.98912,539.1576,-6.88389,521.138,540.82863,-69.68705,185.02024,541.29494,-92.31447
392,goddess,standard,114.14638,63.30142,91.20719,112.23725,60.43016,80.44838,110.99748,60.49327,80.36959,109.71092,60.52247,80.37851,115.8543,60.38426,79.57643,117.35596,60.46277,79.50725,118.79715,60.51718,79.48543,107.42445,62.95848,36.74454,120.21131,62.66775,33.00585,112.2555,66.82979,79.1234,116.06464,66.89846,77.32775,92.48313,84.77811,22.0861,133.70209,86.55417,8.41187,61.57444,87.67915,46.64564,163.43259,90.81014,36.73515,60.10469,59.38445,94.38793,164.872,62.5628,90.41676,58.59179,53.01907,97.96254,166.27253,56.13251,90.87875,63.51538,52.48815,95.73181,162.00531,55.11403,92.52023,64.8558,55.18124,94.85792,160.17309,57.59094,91.75775,101.36466,143.84828,8.7126,125.76298,143.22212,-8.80113,66.13837,158.93366,77.95317,159.69678,157.29732,68.0528,58.542,195.00757,121.53063,169.27966,195.2255,117.98195,60.26433,201.31802,126.39401,167.92252,202.36363,124.04769,41.62164,197.91974,134.84099,179.44069,195.1653,132.29918
393,goddess,standard,532.87774,179.79226,-276.71639,547.16542,161.28978,-238.51284,555.27462,161.71841,-238.83675,564.59783,161.84271,-238.73528,521.14794,159.8783,-237.38021,512.72972,160.12913,-237.95424,506.51757,160.4398,-238.24057,571.29256,171.96707,-47.71267,493.99975,171.25697,-42.89267,549.114,204.79155,-203.84086,516.51344,200.66357,-206.42009,629.52632,297.53115,55.00608,437.36865,293.60526,52.9977,775.77518,343.349,20.13403,298.31666,330.96453,-44.16149,846.95269,228.88418,-171.10868,238.53434,233.18749,-242.65053,856.73571,192.27206,-201.50848,228.40361,200.5072,-287.07034,853.90426,182.53725,-229.98585,239.46176,189.34122,-295.66085,847.44353,196.48975,-186.97292,247.56707,204.85058,-256.94617,592.67457,611.15581,12.99101,478.6659,614.42705,-13.32516,804.28374,655.16127,-375.30817,245.46525,661.61164,-336.46405,809.78828,879.84253,-52.12011,266.50472,866.02384,18.1807,781.14338,895.63916,-25.99374,297.70235,875.4371,50.48474,814.49536,969.46348,-209.14486,245.5165,965.43431,-114.6063
394,goddess,standard,559.11924,307.5491,-357.33973,568.30958,298.72849,-316.97853,576.82722,300.22658,-317.32038,581.71075,301.44145,-317.1691,548.59837,298.10294,-319.26609,541.88285,299.79437,-319.77299,535.75334,301.64056,-319.94963,585.83591,313.49373,-131.97859,524.4599,317.32617,-143.28898,571.83419,329.15391,-289.38426,544.96631,326.74337,-296.16049,644.22983,426.90504,-45.38136,471.31068,425.61366,-60.18471,779.44329,399.87201,-70.62068,338.75347,418.8523,-115.05807,878.76313,327.20183,-256.60129,226.47251,361.34676,-305.44645,900.5897,301.16488,-284.89141,200.8029,335.23191,-348.27624,901.18122,291.95439,-329.57748,204.95615,324.36842,-389.50039,892.68907,300.82544,-281.0475,214.8947,335.99174,-334.07165,609.82232,675.75754,20.01266,497.43675,674.19109,-20.46425,798.01072,700.30915,-271.28476,310.29677,702.98701,-358.28251,806.68189,875.12676,80.31715,330.50195,881.58736,-11.44183,779.08454,887.0256,109.90235,352.80063,893.21358,20.24816,828.80774,962.22313,-56.88781,306.42676,963.54625,-147.00697
395,goddess,standard,293.2686,98.73486,-116.76082,299.54154,89.60996,-98.35029,304.09514,89.34747,-98.48976,306.90572,89.40007,-98.38865,289.17813,89.76205,-95.49144,286.53254,89.65662,-95.74899,284.07949,89.35797,-95.83529,312.53632,91.34413,-5.64841,280.29428,91.26952,7.53799,299.80063,107.59537,-80.95241,288.6004,107.46638,-78.98718,346.95669,143.10063,50.27584,253.80998,142.27144,72.13822,417.40142,161.16936,32.1478,188.0802,159.69539,65.11972,431.43861,95.60699,-46.18119,172.51042,98.45365,13.01569,434.58148,77.60938,-59.55412,168.47481,80.09904,0.54415,428.1895,74.59289,-66.71612,177.09539,76.6679,1.29099,424.11879,82.71661,-50.13751,180.59029,83.73986,10.09017,333.50335,273.36465,-3.20387,276.7795,275.78374,3.03014,425.19373,296.72671,-167.73971,178.68682,298.3286,-147.5243,433.93969,395.85367,-30.77335,187.81198,393.70539,-7.12878,425.37217,412.69717,-20.76816,198.2017,410.32805,4.2826,468.80623,422.36706,-105.72799,148.26904,416.07139,-71.78764
397,goddess,standard,981.99194,756.47992,956.13153,967.93933,737.34851,870.66547,959.46997,737.4621,870.21631,951.13086,737.37762,870.29987,994.54608,737.25824,873.4491,1005.83801,737.30035,872.7843,1017.63623,737.21289,872.8559,932.36853,757.69214,505.616,1031.22864,750.69513,517.3385,970.43982,782.28821,848.64557,998.29889,781.22278,846.9021,821.96387,920.00098,322.2421,1133.90552,916.10266,302.86557,602.27441,959.85071,488.42548,1350.21069,971.33234,527.82361,580.29333,766.53021,953.02051,1346.41577,763.34094,1019.69696,559.91748,716.46655,1010.13562,1359.23767,713.65814,1059.37207,592.81714,711.62372,999.82629,1322.94751,708.52521,1075.40771,607.14014,732.41058,963.37256,1305.85571,730.73566,1032.77087,874.37958,1353.65942,33.194,1064.6344,1346.99084,-34.13602,593.59375,1379.19897,331.24289,1363.66345,1365.65833,344.10413,602.79041,1710.61719,395.17816,1344.05542,1701.48755,439.24942,625.31635,1765.93555,408.13864,1316.3363,1761.69434,459.87253,499.91129,1741.0033,478.13535,1457.07361,1746.63098,542.8161
398,goddess,standard,245.63029,61.7464,-72.05654,250.94215,54.68652,-53.03123,253.4426,55.06582,-53.14267,257.00163,55.66857,-53.07318,240.97492,54.36195,-54.3008,237.8644,54.68241,-54.49474,235.43744,55.27603,-54.55657,261.14385,59.87783,34.68508,230.91266,59.84603,29.20191,251.71297,70.14575,-38.60178,239.63725,69.22218,-41.72743,285.34987,101.38334,84.97458,208.85539,100.24962,79.06772,340.81421,112.67164,78.22055,151.74029,112.41597,80.37525,351.33968,60.73499,17.83895,129.1838,59.9459,49.04421,358.52921,43.57776,8.22259,121.74465,45.94781,39.83369,351.2007,40.76346,2.68255,128.92762,40.93337,37.51005,345.79891,47.65717,14.5738,133.20336,46.25082,45.7303,269.11566,212.28238,4.28458,220.85182,213.50723,-4.41623,351.0127,233.30772,-134.45024,141.14405,236.45325,-165.73158,348.56398,320.32444,-23.91245,144.43866,322.72019,-53.09795,341.03477,334.00339,-16.28865,150.39538,335.10485,-44.27734,382.66119,338.14152,-85.91575,111.48163,342.66001,-112.77999
399,goddess,standard,655.51343,186.61947,-322.64628,654.48639,173.69301,-283.70939,656.72264,173.50583,-283.96356,659.04207,173.28491,-283.84539,643.15209,173.41313,-300.79801,636.21633,173.76604,-301.1772,629.45681,174.21806,-301.3445,651.54934,178.9947,-98.06401,613.94141,180.29604,-177.26042,656.25508,200.28791,-251.04716,644.58489,200.11289,-276.72413,692.64622,245.76252,27.42552,569.20674,265.1011,-106.96649,763.45446,223.92213,47.15557,472.31172,265.03406,-213.77054,768.79642,138.39025,-24.4588,480.54857,162.51355,-336.44947,762.62376,115.81018,-38.53091,480.0539,136.19833,-380.24082,754.2886,111.29909,-42.81055,489.38105,131.44197,-362.40281,753.6355,121.23718,-27.21084,492.96176,140.72549,-334.60554,667.42487,435.34999,55.27151,590.18312,445.24169,-55.31274,791.81557,463.96809,-73.55134,480.70736,525.95305,-383.81617,757.21836,567.068,354.77979,479.48077,636.27644,-12.47158,736.25486,588.08293,390.93533,494.23335,649.17283,20.98464,808.729,594.62938,254.51145,451.49524,687.50124,-149.48909
400,goddess,standard,322.59175,82.84924,-244.24773,326.75619,74.20887,-230.23656,330.2479,73.64713,-230.39005,333.57094,73.68724,-230.31665,318.53345,77.12838,-227.84384,316.69299,77.81249,-228.08883,314.13041,78.30829,-228.16952,339.85221,77.5555,-145.95787,314.99155,80.95139,-134.40942,329.80324,90.4351,-211.24872,320.00968,91.36091,-209.32461,371.20333,123.61964,-79.75686,299.8738,122.64346,-76.35788,434.15535,124.1732,-88.65096,243.19196,130.79584,-88.33534,477.48569,87.69463,-177.81074,209.47261,94.89765,-174.2621,489.70408,79.10332,-194.31602,199.4364,83.8834,-197.0246,489.70441,74.43368,-216.08584,199.52727,80.78758,-212.26354,484.21143,77.01311,-189.17626,203.86987,85.40509,-185.33271,356.76868,227.93456,2.17476,309.2016,228.04037,-2.35414,440.02131,251.23702,-124.14978,230.15128,255.85619,-137.16852,445.38785,330.7815,27.53441,231.89278,333.00846,16.1821,433.82672,337.48629,39.15735,243.13111,340.9761,29.20308,455.17739,364.53821,-40.14165,219.68518,368.38202,-47.70292
401,goddess,standard,293.33695,98.84913,-105.45028,299.70375,89.86603,-86.20324,304.09573,89.64436,-86.34005,306.83153,89.70845,-86.23495,289.27352,90.07717,-83.51263,286.47081,89.95992,-83.77071,284.22258,89.61932,-83.85381,312.75796,91.74225,8.2647,280.43725,91.52491,20.57081,300.01824,107.60695,-69.17271,288.54857,107.49871,-67.4611,347.12775,143.41041,63.80129,254.38004,142.19061,84.81284,417.00055,161.16779,46.59145,188.39328,159.64552,79.06194,430.77506,95.89881,-29.80891,172.50656,98.60873,28.24961,434.34757,77.73601,-42.72491,168.87533,80.02539,16.17114,427.57722,74.83567,-49.35982,177.4194,76.85753,17.70211,423.22298,82.97829,-33.45766,180.68544,83.83734,25.75158,333.47723,273.21429,-3.19348,276.79035,275.68549,3.01149,425.34722,296.86967,-166.84145,179.14276,298.31496,-150.84593,433.55509,395.51487,-27.93513,187.62112,394.17196,-7.07854,425.16226,412.58991,-17.69451,197.35703,410.24911,4.71027,468.18464,421.73072,-103.41371,149.15049,416.22618,-71.96906
402,goddess,standard,109.79886,93.29271,-56.16603,110.70567,89.1502,-44.41313,111.55699,89.40573,-44.48626,112.60268,89.67469,-44.46294,106.61745,88.71053,-47.11222,104.88921,88.80282,-47.23272,102.88459,88.95226,-47.27142,111.48889,92.42233,9.76465,98.53315,91.83838,-2.93153,111.07308,98.29969,-35.29765,105.89515,97.95841,-39.90206,122.9548,117.98157,32.87427,81.34025,115.96326,25.89852,152.58221,114.37181,34.45623,46.8844,109.47509,6.69749,155.67114,82.81436,23.87791,46.29388,72.83251,-15.18959,159.51714,73.68747,21.35519,44.63682,63.44609,-21.02527,156.41323,72.12706,20.92976,49.18711,62.37271,-18.66634,153.71122,75.94877,23.49452,51.18973,66.00487,-15.72542,113.47841,186.25602,3.30455,87.31885,184.30248,-3.34557,156.15232,197.97289,-68.05588,48.05209,197.77717,-114.76244,137.8084,238.78838,25.42134,56.27472,247.49632,-23.76129,130.68177,245.86767,32.89792,62.10541,254.88761,-15.51299,155.08814,251.13712,-4.96621,38.19472,259.57452,-54.6157
403,goddess,standard,1323.83538,436.12762,-452.69588,1356.64901,391.33134,-337.6703,1370.42896,392.16237,-338.4921,1390.40316,392.36673,-338.16815,1299.70743,388.81975,-350.54865,1279.14376,387.92116,-351.89694,1263.42418,387.0939,-352.49593,1400.03057,400.76218,222.36575,1229.81933,397.74444,162.03711,1356.82377,483.90684,-236.89213,1287.75228,474.64951,-263.67694,1508.9674,642.1046,537.41169,1085.45384,621.02238,482.83365,1847.69073,604.3819,620.34312,746.3903,540.74687,395.71739,1936.11496,266.34678,416.4334,642.2283,206.27798,103.43371,1925.31118,181.3228,380.85865,656.56468,127.12119,21.97155,1890.49009,169.75955,343.37061,700.95634,106.08406,25.6588,1882.53879,203.13412,399.11998,704.70796,140.58525,86.85987,1432.55651,1299.10747,20.11675,1138.52124,1298.05614,-21.05578,1957.87925,1501.65166,-527.28222,628.48238,1482.3214,-841.19377,1961.69772,1986.45959,104.46823,570.11895,2007.5459,-261.22456,1891.41288,2056.06451,147.86767,616.925,2090.30122,-218.71095,2165.47948,2114.96832,-207.12796,345.88303,2126.70046,-595.45783
404,goddess,standard,373.58166,198.63853,-225.65218,377.62257,190.92463,-210.23268,379.74296,190.81771,-210.37453,381.90009,190.79542,-210.32884,368.13004,191.11516,-211.86438,365.14285,191.09915,-212.08202,362.28454,191.02037,-212.18029,382.38415,193.22754,-117.04906,356.65475,193.36021,-123.68995,378.29282,205.22527,-188.3941,368.67893,205.84624,-191.8652,405.32718,235.20589,-49.99859,332.45065,232.0531,-51.31175,460.62899,228.68522,-65.24125,275.60132,225.60829,-79.26148,473.00293,172.7865,-145.75,266.54018,170.21476,-161.152,480.09402,158.47176,-163.58588,260.46012,156.34876,-182.26923,479.60665,154.69779,-171.41136,263.40743,153.45301,-186.16198,475.57811,159.85323,-150.76569,267.18881,159.48281,-166.58639,390.8378,340.72742,1.08076,341.32434,339.89316,-1.19752,470.05595,364.4883,-118.56421,260.2445,365.98116,-124.00274,477.1976,439.1942,20.39234,247.40453,439.64309,4.88364,468.24357,452.46971,30.03666,254.66416,452.85973,14.67202,513.75457,456.50846,-49.60239,212.5913,456.12165,-66.21097
405,goddess,standard,1252.00974,788.73136,99.14743,1264.07249,767.43402,169.88285,1275.84824,768.75128,169.49446,1281.84052,770.00047,169.85178,1236.55014,766.28061,160.08316,1227.65701,766.54321,159.36923,1216.93726,767.11698,159.22702,1289.61578,780.87764,460.61401,1203.52562,780.14971,415.71041,1265.03624,815.16502,209.43987,1235.98816,813.74873,190.91129,1375.44724,932.20668,626.37604,1128.99574,926.66,535.89058,1558.48404,912.08538,798.19778,938.41545,915.51544,680.20935,1562.43225,730.83578,938.29041,948.1852,734.09064,873.86284,1572.46475,682.95416,968.55675,948.1736,679.12923,888.55347,1556.16943,676.28297,956.69739,972.76016,673.96972,919.48242,1545.60959,694.25436,940.14275,978.63823,694.84363,887.03209,1320.45212,1312.3108,37.06869,1159.97452,1312.28708,-37.37492,1594.94934,1429.58279,-290.66687,881.67206,1435.88328,-547.08752,1570.41046,1743.6819,16.3163,870.85587,1741.60131,-174.05022,1543.61023,1793.12895,36.25747,894.75998,1792.29179,-143.68933,1687.76825,1811.94035,-212.59851,752.24876,1808.43697,-381.6507
406,goddess,standard,832.03602,250.30355,-300.97353,846.4592,222.46548,-240.97583,857.38001,223.1448,-241.50331,871.26074,224.85283,-241.33644,810.86349,222.25778,-245.02535,797.73993,223.07269,-245.86625,786.3359,223.99377,-246.1967,878.95269,241.94814,53.52864,766.2828,245.78336,39.35949,855.62191,288.12015,-187.58579,809.6261,287.61979,-197.97683,974.50504,448.20266,203.9664,654.8739,434.95528,205.2227,1214.86483,426.80445,90.99376,413.49697,423.65462,56.38025,1258.67805,205.64129,-214.49609,397.47863,192.04009,-162.28098,1258.10604,133.37427,-273.26806,382.37743,129.86148,-218.34846,1234.60255,124.31411,-276.53668,405.78485,120.14706,-205.99878,1223.29445,152.46407,-222.67737,418.26172,143.37568,-169.97576,905.24979,894.5067,5.12547,704.80828,889.62531,-5.82899,1256.22787,1050.28341,-439.44964,352.92089,1014.25995,-450.68369,1306.80838,1393.0381,-2.73384,349.02859,1372.26021,-57.78537,1281.43387,1443.53762,27.5106,372.39976,1434.04139,-28.13335,1439.10103,1488.8948,-200.50066,194.63744,1438.26843,-259.31008
407,goddess,standard,660.59601,264.37183,-71.79996,666.08498,256.79597,-42.45804,670.9333,258.38805,-42.64146,673.67805,259.87884,-42.53271,654.97215,256.35095,-44.37223,651.11954,256.94947,-44.657,646.52962,258.20361,-44.73645,677.20665,267.55927,75.70323,640.26527,266.80026,66.94026,666.22429,277.08493,-28.5258,651.8927,276.12411,-33.42388,711.59172,327.75683,127.52217,605.644,329.91363,117.58019,788.28598,320.93637,123.71905,528.84331,315.12252,86.07011,792.43301,246.42547,81.26415,518.52043,243.44083,32.40389,795.94208,223.214,73.00494,516.59962,221.32014,15.89268,785.33379,220.13969,73.12293,525.50282,217.00365,22.60958,779.74197,229.66532,81.22051,529.286,224.70014,31.09265,693.57513,482.32641,10.4211,623.48614,482.06012,-10.64676,808.10394,508.04495,-162.8919,506.18549,509.74003,-225.13849,813.46695,616.25755,61.77854,497.7739,620.15166,-10.31997,801.27968,632.40998,79.63651,506.65264,634.89659,7.94641,863.62717,650.3469,-27.7248,451.01639,650.95726,-99.93413
408,goddess,standard,87.64957,60.04631,-56.39509,89.38063,54.53137,-56.69302,90.4329,54.31709,-56.78213,91.59416,54.10013,-56.74152,88.25989,54.4265,-48.42861,88.51843,54.10518,-48.56065,88.73482,53.70402,-48.62298,99.47751,54.65056,-45.44305,95.25828,54.11913,-7.93947,91.13207,64.06541,-50.87274,89.41953,64.00841,-40.74403,123.28209,79.03333,-24.34199,83.74413,79.33775,14.901,149.62433,101.08581,-48.07229,59.58958,100.95,2.81412,177.0229,80.76013,-96.41104,33.72882,86.94495,-56.82449,180.50251,70.29637,-105.78313,29.73348,79.95282,-67.14186,179.74718,67.9161,-113.13111,30.23763,76.78788,-73.9488,178.56346,71.29735,-100.47706,31.98049,80.13039,-62.34487,116.32283,140.47956,-6.94682,92.08056,140.01292,6.8887,161.10488,155.1343,-90.91001,46.36099,152.02093,-76.37837,163.14626,201.06264,-4.28255,49.92399,192.57956,13.25691,157.73956,207.84902,2.06401,55.0192,199.70802,20.82679,184.05598,213.78007,-44.87675,31.9695,202.13533,-18.37166
410,goddess,standard,376.17602,143.98947,-188.31034,380.27479,136.19745,-172.28824,383.39252,136.11716,-172.43825,386.02226,136.15619,-172.39406,372.43224,136.57267,-169.99607,369.91415,136.66154,-170.19897,367.16796,136.7912,-170.2374,388.32802,139.06227,-99.37841,364.06263,139.75905,-88.78235,382.31845,149.84739,-161.03993,372.39313,150.23507,-159.57862,408.04225,174.07358,-90.97565,348.79319,172.92467,-76.59685,426.39963,136.07919,-209.5415,330.31464,131.25138,-160.35913,438.4563,86.09358,-315.90855,314.70422,83.60335,-236.56236,441.47003,71.19585,-344.05236,311.37055,70.57282,-263.86576,440.81287,68.86121,-343.89118,312.398,68.40832,-264.39828,438.63089,73.77713,-320.6133,314.66943,73.19615,-242.96169,399.34579,270.0093,1.08874,354.33016,270.26143,-1.18843,471.39066,284.48483,-132.67617,284.56853,286.98109,-146.77376,463.89235,356.49277,-13.61683,293.36389,353.83718,-21.41213,454.32239,367.68664,-5.57893,299.88599,364.82743,-11.20852,494.0555,376.2764,-82.50797,263.6545,372.04331,-83.5752
411,goddess,standard,1179.46205,757.83651,-482.29301,1200.02808,730.62133,-415.15453,1212.67532,729.49893,-415.70629,1223.25157,729.45885,-415.5809,1164.34952,731.28521,-421.08303,1154.4326,731.24343,-421.74778,1146.23596,731.33634,-421.79462,1234.47166,735.97145,-77.75832,1131.59134,740.73908,-104.88158,1199.97841,787.25382,-356.23154,1161.03622,785.98818,-368.40565,1318.03329,925.51203,80.93326,1048.34854,942.11365,46.6329,1413.2457,1058.99348,-68.63046,949.65263,1082.35829,-186.22322,1531.5213,1114.34157,-634.10725,820.65735,1133.88985,-798.85017,1577.48016,1114.0594,-747.18727,778.47931,1121.14932,-929.011,1586.46927,1105.17338,-831.85654,769.45587,1108.0162,-1007.32025,1563.25623,1111.56609,-683.99536,786.31981,1117.50669,-851.39359,1284.38995,1293.16173,9.92688,1116.59805,1305.21344,-10.63479,1574.69635,1379.96151,-490.83046,831.7775,1385.48197,-507.79797,1567.55249,1635.65359,118.26187,831.32538,1647.53626,64.71559,1539.25461,1680.0263,166.75926,863.11058,1697.99479,114.21699,1700.9494,1712.87922,-42.82663,701.37589,1719.08079,-92.644
415,goddess,standard,268.42077,205.74308,-174.77447,272.16775,198.00633,-155.63608,275.20938,198.18864,-155.76883,278.66076,198.46493,-155.71195,263.30187,198.08687,-155.89904,260.2724,198.30402,-156.10258,257.68162,198.52396,-156.18078,280.68895,201.7699,-55.42794,252.9259,202.05241,-56.37363,273.74631,213.68843,-136.14483,263.93872,213.48014,-137.86964,307.95679,245.6962,8.31954,226.04965,245.96054,10.03274,363.25814,252.21752,-12.79873,169.90608,254.67123,-32.26176,377.37907,199.88217,-111.19694,161.62911,199.21558,-134.54673,381.85369,186.15079,-130.84219,158.12839,183.97842,-157.98634,375.17188,184.11312,-138.75541,167.05796,181.66864,-158.29984,370.38983,190.37772,-116.27484,170.89995,187.59466,-138.66319,293.95337,352.77917,-0.7844,246.78332,354.98301,0.60703,370.68103,374.23083,-155.64193,166.79221,370.87704,-154.15993,375.51767,450.48983,4.2508,163.69938,452.44905,-11.80999,368.11727,462.40334,16.14634,171.43021,464.44845,-0.67069,404.95998,473.38192,-70.35901,131.60566,472.37753,-85.74784
417,goddess,standard,532.82233,363.72043,-283.51263,543.10809,349.00439,-244.23358,548.17456,349.88849,-244.49002,554.46118,350.80258,-244.35358,523.88776,348.41458,-242.60266,517.97156,348.34171,-243.01169,513.56647,348.53961,-243.12627,561.34308,356.62228,-52.66777,504.37457,355.51163,-44.64367,543.61768,380.44199,-210.1942,523.44775,378.01703,-210.96173,616.70715,439.01849,63.15024,456.57404,442.70569,84.0725,731.30591,447.66815,55.48818,348.64389,455.66776,49.62573,742.32361,342.78888,-61.14324,336.16748,347.202,-78.71792,741.82715,315.29288,-85.46545,333.40259,317.39636,-109.68353,730.36957,312.14209,-95.91777,348.67169,313.51144,-107.37801,724.37451,323.7131,-66.74553,354.25665,324.59695,-83.89516,594.68811,651.32275,-4.45069,498.30005,655.87964,4.17536,738.14447,696.27722,-346.62711,347.49438,694.73529,-324.23508,739.15198,857.4259,-36.03165,355.12247,860.48566,-50.00728,722.58862,881.84094,-12.15985,372.22156,884.08911,-28.46937,796.85803,902.24432,-176.14597,293.58707,898.70245,-191.03171
418,goddess,standard,390.63078,225.86724,-237.88818,397.61644,216.09152,-210.87107,402.92101,216.56311,-211.05764,406.01153,216.77183,-210.97682,385.01796,215.97907,-209.03582,381.28137,216.25947,-209.30559,376.50307,216.42267,-209.39515,411.35198,223.44118,-74.6932,371.78642,221.90109,-66.13977,397.4516,239.72714,-186.00961,383.4101,236.91964,-185.60001,451.55375,292.46914,5.89645,330.41617,290.86886,20.18644,531.80733,316.61548,-49.70069,246.29667,309.24575,-62.60438,536.06093,236.3166,-188.54899,249.55392,229.35647,-221.31071,535.7535,213.54234,-217.83218,248.04442,205.29106,-255.96985,524.40666,213.18405,-219.13568,260.10842,203.59872,-251.57275,518.76381,224.02546,-191.30554,264.45556,213.93484,-225.30008,425.02399,446.70545,-1.55393,353.06491,447.82029,1.30503,535.77199,483.8584,-248.90371,241.64748,483.45434,-248.9184,523.7954,595.34676,-3.76773,255.94935,597.24196,-23.05955,511.91579,613.96509,14.64915,270.06591,617.84118,-4.67453,561.95201,632.54258,-111.6955,213.771,626.58193,-129.50239
420,goddess,standard,124.62222,69.12219,74.0013,122.58596,66.47755,69.6205,121.52051,66.43488,69.56736,120.31526,66.37344,69.56871,123.537,66.59725,65.80186,123.3816,66.64361,65.75716,123.26142,66.66488,65.75757,116.28487,68.00002,49.67262,120.69357,68.33575,32.96325,122.17355,73.00875,69.27849,123.41088,73.00104,63.92173,95.33513,87.91489,30.56101,129.87581,87.82702,12.97941,70.07235,95.10995,25.68761,152.79625,86.02473,8.79318,49.85192,81.84521,44.14814,173.32759,69.56182,39.12869,42.81087,78.57347,41.68981,178.61479,65.21489,36.41276,44.51242,74.76708,44.48848,177.4583,63.30644,43.10408,47.54405,75.95005,45.69569,175.1805,64.33808,42.15086,101.09029,131.99906,5.45596,121.04791,131.07085,-5.56794,70.70239,137.14325,28.48828,152.85161,136.02445,37.10688,65.17598,172.02954,51.43678,158.15898,170.10682,61.80426,67.70321,178.25379,54.6194,155.59084,177.22691,65.42251,51.3942,177.10067,58.00415,173.68744,175.59858,69.17769
422,goddess,standard,484.95373,199.11439,-47.56818,492.78227,188.75352,-22.82153,496.65155,188.69577,-22.97425,501.1715,188.80647,-22.89436,478.38538,189.2575,-22.25994,475.01248,189.47501,-22.51994,471.18061,189.72772,-22.60504,506.73024,192.11163,98.71024,466.83028,192.77936,100.39854,493.2166,209.73446,-1.18087,478.61323,209.77213,-2.48558,541.30066,266.35844,144.7448,433.18242,261.60381,155.40269,575.78375,342.22373,81.45937,396.95716,338.14708,57.93102,496.52095,333.52061,-84.08664,471.07175,335.58474,-119.40239,488.45809,314.76604,-119.21936,480.32433,316.96708,-157.39544,490.32671,311.40519,-112.02119,482.87993,314.17028,-146.31387,491.50628,319.11255,-82.27469,481.53323,320.86237,-118.37813,518.5516,420.76745,0.73477,453.36129,419.58845,-1.02079,630.96565,451.5834,-202.92533,335.58432,443.19819,-219.58077,610.29407,560.2625,31.20144,348.02089,558.6606,-2.05102,596.37437,577.33006,51.45514,361.16783,578.18422,17.90242,655.78265,588.56282,-38.16086,297.30033,587.54914,-73.29239
424,goddess,standard,252.89022,108.92859,-93.96811,256.85949,103.69357,-77.0226,259.43145,104.20124,-77.12501,261.33688,104.48724,-77.05126,248.84573,103.19702,-77.39796,246.36252,103.49861,-77.5723,244.3463,103.54796,-77.61078,263.52186,107.35854,4.25847,240.2905,107.48909,2.67815,258.23809,117.09877,-62.69312,247.90778,115.7019,-64.5337,288.23195,146.59846,54.03321,217.89728,148.05306,54.50068,338.98195,152.94832,35.4306,170.63923,154.25693,52.81946,347.14926,104.08754,-15.78073,166.76012,105.34793,30.50538,349.36136,90.16914,-25.23716,163.58214,90.65599,22.86264,342.82904,88.10482,-25.9589,171.12805,89.43846,25.92921,338.93521,93.42623,-16.83641,173.69354,95.12733,30.05641,276.409,245.88453,2.63788,234.20081,247.52857,-2.73307,344.14835,268.28202,-122.53486,166.80588,267.44781,-152.41285,360.58078,337.97583,-8.00676,157.93028,338.65875,-29.32864,355.18822,351.6899,-0.5135,163.86458,350.8311,-19.82245,390.63188,355.39103,-77.73831,129.25837,356.03927,-93.64155
425,goddess,standard,405.58639,65.5258,-67.35222,413.37881,53.22528,-38.56513,418.62655,53.37439,-38.7435,423.10905,53.82507,-38.66532,397.4515,53.6357,-40.85883,392.47308,54.07932,-41.14808,388.48863,54.37844,-41.26041,428.46584,58.78123,94.20605,382.17204,59.16241,83.89403,414.65187,77.9487,-17.67694,398.20321,78.0091,-22.65365,475.79255,155.75283,147.78621,343.88399,156.6251,131.26367,519.14234,223.6657,83.509,298.28124,226.2796,22.40407,426.51353,210.44999,-75.10872,395.95459,211.46233,-117.14315,414.68563,187.88656,-105.55929,404.78382,187.80847,-148.92929,416.40868,184.253,-92.47288,406.01625,184.64279,-128.9016,418.32891,192.33005,-70.31116,405.60756,192.32936,-111.19568,448.55094,315.87008,7.648,371.05603,317.78284,-7.97515,576.3072,373.28613,-191.18309,243.86005,380.79225,-203.27206,556.93536,492.13705,47.4979,257.82464,501.04824,11.94352,543.45188,510.24446,67.85823,271.51148,521.22895,31.34905,613.22646,527.0907,-28.06036,197.2209,532.52129,-69.28848
427,goddess,standard,351.59445,146.50881,-62.78293,357.40137,138.13213,-48.12711,361.0203,138.34838,-48.25093,363.95823,138.78188,-48.21058,346.85599,138.14204,-47.88823,343.72611,138.08369,-48.05463,340.89956,138.24477,-48.12181,368.44893,142.05999,27.38524,337.7875,142.29993,28.21453,357.17752,155.69399,-33.78259,345.9069,154.71582,-34.68527,391.45027,193.03438,60.99516,317.70827,193.7798,64.49772,414.5999,252.36957,19.7321,296.96287,254.14408,-4.77294,359.84766,245.90272,-90.00548,342.99662,245.07242,-127.816,354.8625,232.14582,-113.34132,349.55622,232.29057,-154.62262,355.72385,228.5838,-107.96431,350.39062,228.80479,-147.54116,355.76712,233.82661,-88.51507,349.07133,233.28294,-127.41515,377.31346,293.07951,0.34115,332.50685,292.51812,-0.52792,457.42176,323.36363,-109.4817,251.92795,321.86782,-110.81663,442.0364,393.01947,46.06416,271.18701,388.19122,41.2351,432.6298,403.66039,59.6301,279.75522,400.12182,55.66331,476.00596,410.64709,6.96673,233.4558,406.19393,3.92159
429,goddess,standard,100.4177,95.49479,-107.86078,103.22001,91.41951,-95.68602,104.59512,91.65254,-95.78445,106.54178,91.88,-95.74604,97.57141,91.63011,-96.28273,95.79016,91.90558,-96.4205,94.38417,92.23384,-96.47684,107.42058,94.37524,-37.19279,91.36349,94.85019,-40.0569,104.0728,100.62086,-85.88607,97.57543,100.29868,-87.55197,122.61705,124.33083,-0.83864,79.79404,125.36348,1.10741,148.37596,148.93431,1.45258,56.98246,152.11437,6.78063,175.06108,127.49743,-45.23586,30.92032,132.62175,-39.9083,182.89812,123.23395,-52.68215,21.21856,127.57261,-50.1637,183.16395,119.96593,-65.3995,20.67814,124.76749,-60.24699,179.56516,121.60679,-51.68191,25.31369,127.37564,-46.23266,117.75397,184.54084,-0.65598,89.20872,184.60032,0.5662,163.58625,202.00317,-78.64298,41.50345,200.47553,-85.44205,167.53315,246.41533,14.2705,39.86918,249.15217,-0.61734,163.10227,254.71426,21.23403,45.08945,258.25481,5.99899,189.00332,258.82834,-25.32659,17.05361,260.46667,-41.44619
431,lowcobra,nonstandard,94.24003,80.71688,-4.97176,104.96807,69.93068,-24.65287,106.97762,71.41132,-24.96973,108.98182,73.01425,-24.9799,105.52924,68.66199,19.59927,107.87899,69.33081,19.20626,110.48878,70.25049,18.97654,127.13112,83.39367,-98.69882,127.37552,80.72798,102.62454,97.0168,97.27619,-29.17127,96.64266,96.28257,26.57068,147.1233,169.41053,-207.33661,158.199,167.20923,206.78783,124.72926,298.19805,-276.78214,129.54979,289.97671,184.45905,69.91479,402.13578,-283.02496,80.12403,380.93365,47.02473,43.46941,410.17112,-332.01524,60.49119,381.16478,33.77433,39.76793,402.06223,-308.03289,56.02495,384.18561,-6.53303,50.84624,401.86426,-272.83156,65.16218,386.62815,24.02536,241.00404,359.35563,-123.43107,245.14208,343.90674,123.25266,419.4504,384.47779,-100.85733,417.49435,365.12179,171.03019,585.84548,378.49608,-47.03424,564.06825,372.26026,264.06092,612.72585,370.18884,-44.94441,597.22496,364.92677,273.76435,600.5107,425.59646,-168.29538,575.12201,426.73407,177.21865
432,lowcobra,nonstandard,298.90869,231.94046,-249.28993,313.50988,218.09914,-275.38513,317.14054,219.84581,-275.928,320.5632,221.74768,-275.76191,313.40603,215.15024,-225.49253,316.58459,214.886,-226.12638,319.88094,214.96754,-226.3279,347.13791,234.92325,-354.14104,346.38191,230.0915,-127.62585,304.93998,257.30871,-267.68305,303.67783,253.81428,-206.85801,369.70078,341.89877,-469.49501,417.45037,300.41941,86.15602,389.53022,523.37303,-562.43664,431.67721,347.02888,288.17926,397.86427,686.45004,-597.36244,356.61926,308.90203,460.89844,403.69194,727.96844,-658.22861,341.34598,275.03714,497.7837,396.20461,724.48349,-625.69191,339.67789,276.33106,469.53926,395.00366,705.78842,-581.95381,339.69017,288.73852,450.80193,594.45679,520.84728,-173.67483,613.25176,459.86206,173.59015,852.35962,569.79664,-68.3893,841.00403,523.02254,311.05017,1078.18604,602.2419,-3.30658,1018.09761,560.56679,501.82831,1110.01198,582.84676,-1.45498,1050.70206,545.84423,521.68713,1152.0787,624.99794,-176.27081,1081.41922,593.44494,421.43143
433,lowcobra,nonstandard,147.14292,167.07125,-142.33363,152.6615,156.57739,-158.87037,155.2091,157.58365,-159.13922,157.58456,158.56135,-159.09609,152.23448,155.21972,-128.28944,154.2713,155.25995,-128.61463,156.50638,155.55539,-128.70195,175.32402,163.99743,-201.63118,174.59137,161.24304,-62.93162,154.14823,180.7764,-153.49345,153.36171,180.51034,-115.58365,195.28807,234.10268,-254.24343,207.93592,210.43458,63.77664,202.87445,323.85627,-298.24947,200.49778,283.7044,71.48416,126.82528,366.66206,-314.80167,142.51513,320.37342,-42.95225,97.62253,373.85368,-352.04453,123.54498,319.45058,-49.30063,93.19235,365.30492,-326.85921,118.87791,320.4841,-78.81728,102.5852,361.46766,-303.62904,126.20299,323.19873,-59.60482,293.73928,336.58374,-101.0214,293.77491,308.98283,100.95112,432.17152,351.68491,-69.55148,423.63926,328.90366,160.67244,558.87138,362.19162,-48.83717,540.57274,338.82027,226.19925,567.81982,345.40316,-48.82521,555.97309,326.77284,233.70094,613.79189,378.71962,-125.93659,593.8607,362.35641,181.07983
434,lowcobra,nonstandard,95.7737,656.13283,-263.89556,118.88772,611.57762,-316.05124,126.64192,611.57429,-316.97635,136.42897,611.70164,-316.99647,118.28469,608.46032,-214.95969,125.48124,606.64496,-216.4091,135.3023,604.20509,-216.93046,210.03861,622.61292,-448.50999,210.85346,619.25687,3.69394,136.75686,703.15918,-295.86388,134.26344,704.47166,-174.0485,389.32669,873.45388,-622.96922,437.7834,801.36075,406.13797,693.01439,1138.19152,-577.36567,702.27067,1048.68075,450.72991,385.01442,1331.34949,-324.66636,457.21017,1221.25618,149.41412,299.99449,1350.69768,-374.85291,398.821,1228.67075,142.28715,283.01296,1331.70476,-307.26959,381.90089,1243.01156,68.91009,315.67441,1324.4684,-283.20051,399.4521,1239.92392,104.65034,1061.8818,1201.56743,-348.14029,1070.18186,1116.37883,347.99545,1680.55906,1226.96243,-238.86815,1646.96158,1159.21776,493.57827,2273.42158,1223.12211,-119.73294,2116.58539,1167.47599,744.52165,2333.48784,1167.98214,-111.22995,2198.74495,1106.7109,774.54332,2366.79563,1277.62993,-370.90331,2298.19488,1252.12647,614.57542
435,lowcobra,nonstandard,894.64529,172.19767,-119.80856,874.08519,160.00431,-107.89036,870.70386,161.57115,-108.39942,867.15299,163.05536,-108.2771,873.05267,161.31275,-148.12107,869.48888,163.66336,-148.77022,865.81723,165.71759,-149.02195,838.86178,184.96929,-37.80894,840.76316,186.11799,-221.92922,892.5061,200.77929,-87.98181,892.40959,201.44267,-144.4501,832.66325,320.02393,73.03236,826.76455,329.21239,-291.11033,857.72814,492.00441,45.13438,869.89591,511.74244,-404.37081,934.53543,618.86131,-27.19014,953.5459,647.67957,-501.31981,972.78454,624.62972,-18.03078,996.5894,656.71404,-599.55916,981.22258,630.17046,-97.91431,1003.18413,652.12232,-533.89003,964.0358,634.06305,-58.60191,987.49008,652.74925,-486.18109,674.18943,553.40319,123.52735,674.28601,576.08795,-123.63152,419.72934,601.80593,203.56824,411.85218,622.54425,-155.19712,177.71944,614.97681,271.45617,157.0682,627.66276,-161.94421,151.5666,579.60491,273.93365,134.96215,592.41866,-160.41381,60.89523,638.92628,167.79339,39.69869,649.3054,-268.50738
436,lowcobra,nonstandard,68.24116,272.46776,-55.06333,66.13638,260.01068,-71.35661,67.50763,259.09277,-71.62255,68.85993,258.32816,-71.63005,65.39757,259.51392,-40.11456,66.40621,258.49229,-40.41656,67.61463,257.40553,-40.53378,83.12099,253.14345,-108.97033,81.7046,252.83908,30.02914,79.57002,278.41018,-64.73611,80.28315,279.38524,-26.49226,147.25635,285.29097,-165.96565,143.80793,267.34176,137.03809,229.24721,311.78878,-129.37866,222.72753,294.81807,62.34632,159.03929,339.54406,-9.33892,159.93715,321.82775,-148.76472,136.41742,341.8744,-14.97376,142.20952,319.95431,-172.66371,133.90982,337.2687,-7.68849,139.6216,321.55773,-184.31419,141.24402,335.5017,-0.65982,144.90458,322.84306,-162.48549,297.262,318.29938,-96.50368,294.7694,303.44087,96.54976,422.98676,327.52105,-70.34614,419.10908,317.57255,105.53665,549.02946,329.58807,-33.03445,533.81115,320.95397,144.85013,558.47565,315.06008,-32.55686,544.98737,305.88531,145.50728,599.12605,345.4617,-108.3392,586.83178,336.84039,79.15639
437,lowcobra,nonstandard,457.16515,165.68901,-63.24392,451.66259,156.3641,-52.47619,450.43437,156.51419,-52.6803,449.1494,156.47417,-52.61605,450.98979,156.81144,-76.00136,449.22305,157.22231,-76.25226,447.29544,157.35103,-76.39662,437.53683,158.57054,-3.18554,434.69647,160.26326,-111.39448,452.83663,174.83218,-42.41194,452.2284,175.08816,-74.93781,410.88499,205.11832,65.48981,415.63027,215.66458,-155.20979,395.87241,268.14506,89.68994,396.23876,284.30865,-194.44829,397.27423,323.14135,56.43832,397.88677,350.55567,-219.34573,409.54198,324.71134,60.59309,414.95039,354.54831,-255.59035,412.31026,326.68937,28.70731,418.35106,351.91766,-236.05427,407.52186,328.31498,43.52002,412.53,351.24972,-213.50562,351.9913,293.73149,67.90948,354.03834,310.89574,-67.94075,259.22317,315.57901,127.21214,250.5618,334.53835,-77.2869,170.80285,323.00555,200.39014,154.30135,341.34178,-45.20851,161.55919,314.89909,205.20896,145.37689,328.04575,-42.55436,130.35235,337.28437,161.82362,110.43837,348.57642,-105.20159
438,lowcobra,nonstandard,24.52549,220.48871,-30.1696,31.78936,214.13809,-42.73846,33.68743,214.56493,-42.89898,35.72272,215.13616,-42.90745,31.02209,213.53139,-11.17596,32.52007,213.53668,-11.43824,34.33516,213.55909,-11.56224,51.26597,221.60697,-81.21634,50.15139,219.93654,62.51433,27.3575,230.99908,-41.73213,25.68234,231.05398,-1.64935,72.96991,274.08612,-143.09572,92.79858,261.52591,145.82999,63.65012,357.67895,-181.46837,93.0148,336.7744,152.95308,68.79727,428.9412,-163.18135,80.77118,398.02012,61.30851,50.47007,432.56608,-193.10101,66.37862,399.97389,55.2573,49.95447,428.73786,-178.87321,65.5074,402.10596,25.58209,56.89701,428.47167,-156.7213,72.75756,404.72577,45.17604,161.02911,371.52983,-88.64718,170.11379,355.39565,88.47708,278.00771,416.18776,-91.83452,269.75753,395.5538,115.98187,384.2153,432.95473,-57.45638,367.15052,401.80202,177.97683,398.00071,424.39144,-56.29378,382.42966,397.84838,185.4604,397.76777,457.17093,-137.67733,393.07149,423.01438,131.59541
439,lowcobra,nonstandard,166.0745,172.78893,-111.72469,171.03385,162.10518,-128.98651,172.97251,162.07263,-129.22803,175.09643,162.37043,-129.20442,170.04989,161.77191,-94.10507,170.92879,161.53651,-94.36542,171.8106,161.27137,-94.45952,191.68183,166.30821,-174.81095,186.73307,165.38289,-15.43992,174.54338,182.27243,-124.55236,170.42257,181.19886,-80.30425,204.68007,223.03443,-253.2761,212.82476,217.14859,101.99306,165.90363,291.35061,-322.28376,173.71409,286.26024,87.99702,114.67379,343.16089,-338.8105,121.89689,330.0233,-40.63595,93.90112,349.50573,-384.02642,105.57581,332.84687,-50.11914,91.47053,346.12515,-361.55971,102.65043,334.7084,-85.82189,98.91147,344.84715,-330.41501,108.59314,334.88389,-61.06004,277.18452,323.73977,-110.93887,279.28757,315.07472,110.85611,405.09523,337.31165,-97.22293,401.10508,326.69153,169.56599,523.4857,343.75907,-76.90967,507.63216,328.92748,227.26417,534.1664,330.40958,-77.8311,519.94996,317.43974,233.32863,576.88536,359.30011,-174.89956,556.24809,348.29035,161.63508
440,lowcobra,nonstandard,956.35636,137.17006,-71.58047,944.33663,122.43482,-63.75456,941.0418,122.55282,-64.19531,937.5191,122.62465,-64.06614,944.7253,123.81855,-103.28133,941.71758,125.14746,-103.94959,938.63118,126.59776,-104.21671,908.72869,136.18125,-1.79383,917.04354,139.65897,-179.59337,943.58575,159.23691,-38.37603,945.05239,159.92037,-93.25395,821.05093,231.52271,144.10919,886.30764,265.20742,-247.76083,797.43876,387.3704,188.8018,864.21876,439.37984,-298.82557,793.2734,520.28559,146.68242,869.79647,595.95067,-315.77733,833.96716,523.61171,161.82126,910.87024,605.88025,-391.28834,842.03689,529.1448,88.90345,910.50746,595.81488,-341.39056,826.46148,533.93415,119.29933,892.98728,596.52781,-302.44045,630.78218,426.303,125.30501,643.63568,467.61245,-125.43156,410.08744,503.90885,197.34963,414.54284,538.86565,-93.37882,209.39645,519.75567,314.82575,180.28804,553.97643,-36.40317,190.32243,493.4273,320.2319,157.4176,525.98915,-31.72857,132.81326,552.23377,226.85169,74.5313,592.08512,-141.3846
441,lowcobra,nonstandard,509.91263,157.52967,-125.95763,499.38306,148.03392,-110.96737,497.19799,148.54994,-111.21476,494.95839,149.15954,-111.13995,499.89431,148.44562,-140.98807,498.16083,149.30456,-141.30036,496.42541,150.21888,-141.49008,482.91077,159.54785,-44.38391,483.94178,160.61665,-182.82922,505.81965,171.6838,-98.25418,505.72477,172.04887,-139.66087,457.55233,218.24614,55.24786,480.84998,227.59456,-238.49146,449.48986,299.8525,88.53044,465.89135,316.33313,-291.56596,464.64064,369.16043,38.12214,468.42298,391.19176,-325.01229,479.14804,373.37141,38.30818,486.28868,395.04779,-369.44777,482.36934,375.61658,2.25087,488.69933,392.89909,-351.97917,476.01324,376.37862,22.35891,481.45827,391.93756,-319.80778,401.15634,330.26573,91.99992,413.13017,349.03059,-92.06488,280.45093,360.2243,161.35658,278.60595,379.86475,-79.97016,167.22258,351.56777,243.51409,153.0891,362.18777,-55.5769,146.98604,338.0786,248.9084,135.68483,351.88796,-54.60411,152.48349,384.80014,202.09941,142.52497,399.79723,-138.20375
442,lowcobra,nonstandard,21.84624,116.94953,-91.89153,27.8365,115.643,-100.46264,28.9186,116.96513,-100.6131,29.93756,118.27883,-100.62599,27.76219,114.02694,-79.58078,28.88798,114.32207,-79.74574,30.04068,114.61328,-79.80628,37.57135,126.31782,-126.40976,38.33663,123.17914,-31.76067,21.61601,125.83142,-99.44238,21.43118,124.73153,-73.41949,53.3305,171.97786,-156.79235,55.1601,156.1313,38.81904,83.68612,221.76118,-187.56582,77.54746,207.3125,45.50467,42.92426,265.38869,-204.10522,49.04736,246.43894,-15.52371,27.31502,268.88267,-229.11776,39.93902,247.01613,-20.76412,24.18037,263.76101,-215.77089,36.46204,248.86824,-41.56716,30.46932,262.26715,-198.34175,40.25608,249.25368,-26.70014,106.19347,242.69892,-57.96455,109.86593,226.41345,57.95166,217.59548,249.61445,-50.72067,213.79025,246.49201,77.33735,299.48121,251.47781,-52.39653,290.14423,248.07246,99.76383,310.6394,250.26187,-54.75524,303.6498,244.9707,101.91538,302.56612,280.31669,-128.03114,303.85355,266.05695,42.69298
443,lowcobra,nonstandard,2689.10099,651.10534,-961.94174,2753.46616,610.03974,-858.79692,2766.2718,617.70662,-859.7646,2776.31989,623.27879,-859.52521,2709.76935,564.77235,-969.45914,2688.53232,536.77338,-970.7455,2661.73759,507.11892,-970.90513,2739.76851,601.21052,-244.24204,2591.78263,449.06469,-748.08382,2655.65267,691.21331,-705.50397,2607.73064,639.52779,-858.59497,2488.12954,683.76289,410.52379,2435.22588,697.54991,-895.40414,2350.95304,1156.36985,313.93867,2439.70363,1101.9158,-1414.20799,2486.89104,1441.02072,-175.76454,2541.10442,1477.46403,-1560.77657,2581.36061,1457.10126,-218.49949,2611.32708,1520.25555,-1736.78225,2595.53549,1461.0225,-309.68085,2623.18215,1506.55512,-1638.77383,2574.02629,1451.35159,-227.13824,2592.84857,1494.24612,-1532.099,1841.18611,1155.49694,415.83232,1841.73396,1207.93558,-417.12476,1213.07332,1301.37314,556.53528,1225.17936,1404.81772,-568.87999,604.88221,1258.06188,694.41411,558.5977,1296.00795,-685.21873,528.68376,1183.77588,697.47496,492.29181,1211.93642,-697.91255,409.88888,1419.74439,530.774,386.77766,1474.31452,-970.13704
444,lowcobra,nonstandard,876.61328,117.37151,-220.01384,855.62915,109.19167,-206.58188,853.39691,110.93644,-206.95114,850.84021,112.70762,-206.93695,855.237,110.80492,-245.6918,852.50586,113.75931,-246.32573,848.86389,117.15789,-246.58942,830.54443,142.20415,-124.02052,826.41345,149.33213,-304.94495,882.61444,144.34935,-181.76236,883.42865,147.87238,-236.49698,781.26721,252.43457,22.56086,856.27942,282.28759,-365.33704,729.32452,422.34852,91.20081,844.58478,500.10745,-398.50922,756.85718,555.10802,109.96566,847.6568,670.70582,-412.79861,758.53601,567.99819,119.52978,885.07159,683.63407,-488.97083,780.46802,577.64994,55.64318,894.34955,676.20038,-458.77884,779.43481,583.86434,85.65509,881.53546,674.95882,-404.88367,645.354,492.1333,123.34913,684.1485,549.35665,-123.49806,383.19257,537.63056,243.5945,392.0755,601.35935,-97.65959,157.30615,528.52978,386.05112,125.24194,583.79275,-11.54261,133.45837,518.04871,397.60861,103.59003,582.95905,-2.61591,108.11047,548.6569,331.06137,105.89771,627.18343,-115.81607
446,lowcobra,nonstandard,1021.96868,314.58704,-250.00731,998.46048,312.59814,-218.22022,995.62458,314.7103,-218.61488,992.77068,316.88656,-218.5566,997.17661,316.05874,-287.11801,993.15911,321.06216,-287.76406,988.6509,326.41994,-288.06259,973.68826,349.33497,-71.36846,971.23175,355.89168,-391.03185,1029.50232,340.72379,-191.75008,1027.63973,343.74548,-286.41361,962.78644,458.95725,155.17394,990.33233,484.15189,-568.37041,994.24737,617.94798,199.88138,1025.767,655.39306,-744.02167,1066.21995,724.17323,92.98511,1080.43723,805.77229,-856.87388,1095.70654,724.57041,104.77389,1120.58451,819.54702,-984.99497,1100.51687,729.60701,14.22385,1124.80387,811.42202,-925.93419,1087.90896,735.48681,54.02182,1108.41073,809.48309,-841.94789,811.1547,682.47829,224.67258,825.61548,721.77199,-224.78593,547.5072,740.77064,325.09429,527.04737,754.7996,-276.76981,283.54705,739.59453,495.454,255.1723,744.02966,-184.72269,288.0212,734.70179,508.83703,230.67533,715.18441,-175.23856,219.29674,771.42326,399.26782,151.50283,781.43039,-329.63971
447,lowcobra,nonstandard,594.80347,220.27536,-74.67542,600.93567,204.92201,-67.34551,600.14717,202.51956,-67.63994,599.25499,200.43078,-67.61285,600.4377,206.65898,-95.29034,599.40865,205.54276,-95.7113,598.33199,204.5206,-95.82206,584.20479,189.81604,-15.23926,584.00085,195.59451,-139.13664,582.59277,220.79392,-47.31152,582.99702,221.079,-84.94727,504.85298,188.12632,65.05107,517.02686,216.39366,-159.42701,399.11907,193.2742,130.47229,407.20348,221.97304,-154.86025,433.56194,266.45722,159.52304,433.03848,310.6301,-135.29111,444.58794,271.78834,166.25179,454.82597,320.63195,-158.53333,449.21021,276.35322,135.91017,464.73019,313.23117,-134.91621,445.57755,275.42278,148.34351,458.61099,309.47528,-126.78329,338.62724,238.97199,80.07903,336.41861,267.21665,-80.3411,193.08313,251.75234,144.97522,187.05111,276.18639,-53.15042,75.91316,250.89875,202.39082,53.69637,268.84741,-6.22791,59.04842,237.4714,204.28095,39.67325,247.11642,0.97111,25.0985,269.3246,166.16518,6.50066,278.61826,-39.34332
448,lowcobra,nonstandard,137.60037,66.91551,-133.08774,148.12296,59.42732,-152.25572,150.54618,60.34697,-152.56778,152.92359,61.32714,-152.56309,147.23063,58.48492,-112.38859,149.00564,58.87134,-112.63494,150.94926,59.2772,-112.71183,167.59609,70.09339,-207.85013,164.97637,68.53041,-26.21161,140.99222,80.35803,-150.03675,140.00343,80.05233,-99.52738,188.53991,135.75332,-314.01408,182.18419,132.10676,111.96707,151.63541,212.24016,-402.82078,154.99047,207.38361,108.44442,100.62577,280.11207,-438.1414,106.59986,266.95428,-31.08044,76.68586,285.17864,-497.18496,85.95171,268.37519,-42.4681,73.52939,282.49634,-471.2215,82.07242,269.69882,-87.3658,82.02909,281.54693,-429.19914,89.90774,270.60083,-56.12244,272.50907,243.57651,-130.27072,267.63782,242.13854,130.27406,392.89003,261.52183,-50.9073,390.85933,257.01873,212.13242,514.2246,271.67011,69.39689,492.0714,261.35019,341.19852,518.821,258.13583,78.73884,499.80919,247.70889,354.32622,563.45343,284.85418,-7.13373,540.4568,278.19971,288.08357
449,lowcobra,nonstandard,333.00504,222.14497,-327.72553,351.23755,203.4821,-359.90064,355.39917,204.6159,-360.47059,359.45107,206.36381,-360.39016,351.97235,201.52927,-290.72457,356.59067,201.69315,-291.32269,361.75209,201.6483,-291.52342,396.82824,224.58881,-447.00769,395.94033,220.18353,-132.12722,343.14041,247.55602,-352.33843,341.79952,246.08164,-265.61402,409.42507,369.99806,-611.95122,421.63454,346.62301,120.59617,279.95276,525.76554,-766.79974,313.09241,493.33421,102.12966,190.73843,680.50192,-842.24069,220.49059,607.54286,-139.65144,137.43932,693.9849,-953.36969,186.69455,610.69026,-159.38672,135.2148,681.33893,-907.12936,180.29076,618.10818,-244.6359,154.39512,680.57058,-826.94905,192.25127,622.49506,-184.64235,556.7335,602.12825,-229.5495,567.56958,567.34807,229.33733,855.37829,630.88851,-194.42063,850.46994,597.59322,348.85439,1128.02493,626.303,-170.40121,1105.7153,599.99992,416.36363,1155.20571,597.71682,-173.62471,1135.55874,567.49331,423.80667,1251.13041,666.62406,-376.39285,1219.80923,636.4148,255.20093
450,lowcobra,nonstandard,338.63488,93.79059,-13.23764,333.00859,88.05694,-2.22678,331.67776,88.20247,-2.40852,330.46907,88.22462,-2.35034,332.63949,88.50941,-23.47278,331.15754,89.00164,-23.70151,329.77459,89.27372,-23.81139,321.67202,91.39427,40.88917,321.37996,92.39483,-55.51087,335.36801,101.41531,4.75961,335.02057,102.02443,-24.16164,297.47683,122.50661,98.98946,308.48065,129.30568,-104.94488,275.87515,172.26626,115.59179,280.90072,183.36391,-131.08775,306.65311,198.49157,78.82413,311.79875,219.05205,-138.83314,317.77918,198.02681,84.53012,326.85667,222.57285,-166.58235,318.84873,199.83052,58.67195,329.23031,220.16436,-143.03815,315.12558,201.26447,68.076,323.9435,219.95998,-131.15552,237.96363,187.41298,64.01339,237.90021,199.10908,-64.10166,157.39249,190.27416,106.97477,150.19237,200.16991,-50.19435,91.07137,189.54114,171.32097,75.23875,199.27734,-20.41508,82.23036,185.13251,176.20674,68.54317,193.24573,-16.52655,64.89891,200.2388,144.46187,44.8902,212.89958,-57.35907
451,lowcobra,nonstandard,429.91581,69.7008,-128.43885,420.30432,63.14037,-110.9323,418.78496,63.81671,-111.17999,417.05413,64.46363,-111.15554,419.71199,63.85834,-145.96498,417.87283,65.00833,-146.2592,415.75074,66.14861,-146.4492,403.09704,75.84557,-39.09834,403.15071,77.21666,-201.24825,429.84892,81.46714,-99.93416,428.92304,82.65706,-148.09274,395.48775,139.01695,49.52079,402.81626,148.94697,-273.35638,424.08711,219.09523,55.65957,434.08493,231.49296,-340.22982,464.40205,278.19065,-22.30676,473.19804,300.2031,-369.47436,482.23521,277.23154,-25.41729,494.53304,303.46207,-424.28785,484.88389,279.8595,-67.63454,495.23946,299.46888,-399.04787,478.20682,281.8205,-41.92988,487.39937,298.77843,-362.14991,369.91591,257.26415,95.68451,374.93236,273.1441,-95.70038,254.17571,282.44079,210.17216,252.17732,293.68225,-72.11319,159.35464,290.85583,337.72475,137.3172,301.74454,-1.94322,147.87128,277.64466,349.1762,124.77152,293.29376,4.83823,123.10058,309.92057,315.97117,98.99678,316.77929,-57.96828
453,lowcobra,nonstandard,991.09329,242.17717,-373.72292,1000.36049,219.82608,-350.05825,1009.27841,218.81802,-350.57301,1018.63838,218.33673,-350.33405,974.86679,221.31634,-365.89901,965.4747,222.25979,-366.62045,957.52403,222.55852,-366.97037,1027.52975,225.38311,-163.20646,949.45938,228.51511,-236.465,1007.51083,263.67275,-291.55079,980.1619,260.30877,-316.15101,969.76395,319.07932,67.22532,975.48401,342.10855,-228.5918,949.94492,465.12139,70.94072,1043.0632,515.72069,-342.74265,999.11476,579.98985,15.92472,1144.00352,644.03632,-457.55459,1029.29581,583.20768,19.52809,1187.13989,649.80861,-543.22227,1038.70506,584.67432,-39.46896,1190.99648,644.95557,-491.52916,1028.33885,587.76439,-5.80925,1175.79514,646.00004,-445.26134,826.38176,529.794,103.15511,852.12952,575.68248,-103.6855,575.914,582.70587,147.82339,601.46473,628.50358,-213.43498,329.4099,556.24311,175.73776,333.42625,585.48481,-312.88769,276.36322,525.39123,177.29584,295.54249,569.48773,-320.00931,281.99566,646.98353,86.01929,300.79899,682.37337,-449.12468
454,lowcobra,nonstandard,967.74361,92.15962,-10.01553,949.45457,84.74864,-13.20271,946.34064,86.57094,-13.6265,943.09258,88.52665,-13.52958,956.24107,86.01634,-41.14972,958.10242,88.88673,-41.77589,960.112,92.03685,-41.97083,930.26505,114.57518,-1.93002,956.01471,119.02362,-130.80302,966.98761,124.24492,3.92684,975.44754,124.9317,-36.25217,872.6741,250.51164,120.62936,994.53026,289.75852,-235.45431,864.73877,428.26363,121.8644,1006.13113,503.46816,-281.96705,892.62497,582.44756,77.58318,1012.77496,670.93909,-286.56412,901.01311,593.62057,80.85651,1055.308,685.78385,-351.47327,915.76073,593.57572,22.80307,1054.27063,682.78336,-318.68038,910.92621,597.62886,55.1593,1037.16698,680.50917,-276.89861,779.99153,511.30181,123.49606,843.89153,566.82267,-123.80427,534.54323,608.69361,160.0042,627.46925,695.16317,-97.39289,269.16172,627.84405,187.42687,356.40045,705.06419,-125.60936,232.00287,620.8973,184.74394,302.15763,690.3872,-128.2268,254.31473,704.45819,91.31411,338.45196,793.75201,-244.33571
455,lowcobra,nonstandard,161.45867,165.84141,-2.77877,165.39456,161.24026,-9.55455,166.28017,161.39693,-9.70245,167.03706,161.63157,-9.71359,165.29073,160.88451,7.74109,166.07573,160.83568,7.59322,166.75814,160.83678,7.55313,174.16263,164.90495,-30.44836,173.58985,164.19718,46.82883,163.94698,172.00867,-9.18257,163.52912,171.92586,12.016,192.46617,188.43079,-77.10792,191.86973,186.74958,106.67306,232.27308,218.35605,-92.07317,222.59721,216.82143,71.69984,197.55942,243.91594,-74.04591,199.48777,239.83134,-50.92076,186.50031,244.71673,-85.52427,189.47568,239.22201,-63.33404,184.3769,242.27265,-75.69893,187.20455,239.55448,-74.28421,188.43808,241.95199,-68.06331,190.48719,239.74063,-60.24679,258.52847,228.61503,-56.80001,258.73074,226.8237,56.80304,326.35904,233.09498,-39.7226,325.42569,232.38641,50.01691,390.41618,234.56904,10.09665,384.08182,234.69133,87.2639,393.70228,227.58982,13.93097,388.82675,226.99402,90.22906,415.6703,244.82691,-26.47495,410.83712,242.86552,53.17694
456,lowcobra,nonstandard,547.30275,136.79249,-162.89465,540.99956,124.43664,-152.61517,539.02724,124.28112,-152.93505,537.03089,124.00301,-152.89496,539.74632,125.62376,-179.54543,536.82103,126.27396,-179.90606,533.27308,126.79797,-180.07025,513.86132,127.62473,-89.72785,511.15766,130.35507,-211.14712,538.26495,151.04593,-134.51908,536.64873,152.34486,-171.38767,469.57111,179.43994,8.5428,452.67227,192.37289,-233.24025,443.85931,256.76305,26.73461,397.98868,281.95732,-266.66864,494.88258,313.93275,-37.95229,469.20354,353.59422,-295.38454,517.21398,316.33625,-43.80957,492.17327,362.60588,-344.41996,520.33929,318.98618,-79.44004,499.94953,356.1714,-317.63155,510.40367,319.66772,-53.6442,493.41109,351.30539,-288.40472,332.5431,286.26496,78.79484,323.91608,308.24688,-78.86909,202.08567,293.18362,204.67086,174.48753,311.94926,-2.23768,89.21719,277.34407,345.00768,51.88179,287.86435,76.37152,76.98723,261.66058,355.74521,42.46827,270.58304,83.64188,55.19866,308.64358,302.44975,10.80844,314.75932,5.13424
457,lowcobra,nonstandard,1142.58913,251.89239,-711.40156,1135.65304,223.60784,-682.12176,1139.75903,224.47947,-682.82727,1144.12537,225.2659,-682.76055,1112.20693,220.04679,-723.84481,1097.53906,219.66671,-724.823,1080.43734,221.07052,-725.40879,1112.64806,236.34421,-474.77958,1035.76866,242.96102,-660.12177,1142.68568,286.34438,-621.24935,1119.00803,291.26265,-678.5925,1065.34438,399.38176,-190.93426,909.09084,391.21051,-605.44708,918.83479,493.00069,72.38344,713.11966,485.31387,-640.24125,968.14055,613.01803,137.87367,776.39174,676.92259,-772.96004,1015.07531,628.45054,142.91078,788.50645,713.57589,-883.31186,1017.9103,633.34848,59.3073,824.23743,699.11083,-853.26145,994.6868,628.83129,108.32629,823.74098,687.7575,-768.6336,725.47163,562.53662,142.87522,646.40194,564.73692,-142.96793,472.07133,533.16933,609.1181,378.18506,552.75029,202.96063,297.85141,496.66281,1035.25454,205.52416,522.58565,575.6325,274.60444,467.59058,1072.00756,188.33663,491.95365,613.88097,233.44765,541.10681,963.72625,164.31999,572.5344,466.47994
458,lowcobra,nonstandard,384.78848,112.14179,-194.7078,388.61887,104.19633,-183.11344,391.97313,104.0257,-183.33592,395.13474,103.86923,-183.26842,378.37269,104.78647,-194.24203,374.99359,105.83523,-194.51569,371.92643,106.64648,-194.64561,400.31287,109.19176,-101.05412,369.68124,111.28417,-153.55216,391.87191,121.03961,-160.42799,377.78423,122.95676,-176.87439,385.58516,150.7286,-4.05129,369.3233,161.01007,-161.08974,402.23485,214.45004,0.46127,386.88538,233.4266,-217.80134,435.68696,255.18343,-24.92081,429.13897,295.07773,-280.85887,448.72845,259.45379,-23.05061,446.81803,299.93465,-326.11333,451.41432,261.83218,-52.37849,452.69374,295.89169,-302.00154,445.02674,262.01212,-36.23815,445.89686,294.21198,-275.93196,315.1173,247.84976,56.80564,310.19214,264.37429,-56.85806,219.4795,251.91249,134.09547,185.60117,290.90997,-94.5683,137.85049,229.29523,216.23526,71.89124,274.16875,-125.49133,123.37757,219.20261,224.31676,57.22878,261.17819,-127.36756,113.04793,258.84433,201.64603,44.62509,312.56344,-186.74024
459,lowcobra,nonstandard,458.63216,181.51877,-100.98684,451.46187,178.28087,-90.7097,450.65145,178.86357,-90.84962,449.82654,179.35252,-90.82727,451.02606,178.95859,-114.53307,449.85645,180.1082,-114.73215,448.59495,181.26826,-114.83005,443.1532,186.24953,-42.85339,442.77181,188.26887,-153.2019,460.17609,189.79548,-81.55514,459.16723,190.89247,-114.23752,436.36743,219.19739,35.6892,443.60244,230.70622,-207.44117,444.72429,268.23709,59.76586,452.37133,284.45829,-265.255,475.10445,300.85645,22.95965,490.39849,322.99759,-297.00583,487.28949,302.50159,25.84222,505.02348,326.07682,-336.61247,489.73905,303.60477,-3.20462,506.82451,323.38223,-317.1904,485.09235,304.32733,10.14311,500.22396,322.43969,-291.38645,398.50729,289.54479,73.27503,405.37534,301.5574,-73.31922,312.99783,300.79247,98.35844,311.35747,309.54062,-101.16629,228.88605,303.16907,136.01103,221.73779,309.63098,-96.07996,222.3368,294.77537,138.28802,215.30774,301.56661,-95.95195,190.02333,311.39648,99.63625,182.7766,321.65883,-153.83636
461,lowcobra,nonstandard,936.09654,80.78721,-97.69678,921.52404,67.19029,-80.78263,919.10291,68.03408,-81.08928,916.22723,69.15653,-81.15003,919.81488,68.65264,-122.68369,916.4036,70.83002,-123.13416,912.42576,73.20896,-123.31054,889.75728,89.31297,2.67756,890.8494,91.06725,-187.80137,934.95525,104.91166,-61.3708,932.87952,105.90991,-118.52043,848.33547,201.21041,103.33442,853.7764,210.29508,-233.41461,823.37897,352.6513,87.5669,824.19657,374.79129,-272.81339,902.4438,431.34433,-10.04831,940.44534,463.82064,-294.37256,903.68888,434.20166,-18.76853,979.27877,473.62319,-360.07571,923.25364,438.25766,-72.26027,984.93382,460.77201,-320.13525,918.87698,436.4934,-34.10542,974.67583,458.14079,-282.27606,724.95623,404.71065,89.93615,743.55705,412.29078,-90.09845,518.27763,436.62357,135.37407,488.4699,450.16712,-66.90114,354.78916,464.30954,234.11099,337.19831,464.22067,10.48776,345.7302,500.01025,242.71208,323.51648,479.73561,18.93639,328.86862,515.93101,196.44346,290.81755,494.01957,-42.81199
464,lowcobra,nonstandard,2812.32674,831.89555,-898.21888,2816.95371,752.77628,-842.90844,2807.3593,744.14288,-844.48303,2799.23569,738.09971,-844.35375,2814.50666,753.95204,-997.88468,2803.54166,747.05645,-999.44944,2793.85036,742.08449,-1000.34116,2715.9677,709.62896,-515.61251,2712.67612,712.299,-1217.70292,2739.38388,863.63342,-748.42126,2735.6211,863.1727,-960.48612,2400.66998,883.10445,3.59061,2378.01897,970.23955,-1366.08742,2175.7098,1293.81212,122.43842,2133.40519,1452.68377,-1606.49903,2418.75784,1578.88816,-205.05935,2484.97628,1793.31062,-1725.75032,2510.05606,1573.66451,-228.12823,2612.45605,1841.09175,-1978.23655,2533.81095,1583.03995,-405.19216,2640.19571,1799.99763,-1824.20485,2496.2623,1593.29743,-283.49475,2594.2752,1789.41608,-1681.48251,1844.93372,1449.85584,430.60194,1827.91219,1558.72252,-431.04556,1212.75834,1559.91302,1096.71109,1146.51188,1627.31437,-53.6247,663.02291,1600.43501,1795.88232,496.27151,1691.75677,273.47839,593.13453,1533.50262,1846.48739,419.22823,1625.92033,298.54498,405.4409,1701.92919,1517.15214,227.3834,1758.24603,-151.36691
466,lowcobra,nonstandard,944.48392,308.13401,36.2275,922.66018,297.38784,63.29635,920.36097,298.5214,62.94171,918.52685,299.82397,62.99088,923.44328,298.46459,16.67503,921.15855,300.1524,16.07601,918.89899,302.09815,15.8922,905.65174,315.97681,166.3723,906.19826,319.25771,-44.09524,941.92986,326.93097,78.6294,943.14928,327.93488,15.88823,849.14645,401.4188,288.17897,876.43714,417.84627,-160.99085,738.77351,507.01672,286.72298,744.61279,521.78473,-259.70957,834.30352,574.70784,192.12323,859.46461,600.80013,-370.49304,851.25988,568.26172,193.52336,897.05472,611.44481,-440.18336,857.98506,571.39919,147.19299,900.54998,603.5497,-381.23454,852.94208,577.04468,171.37999,886.8254,602.53864,-352.38671,661.72841,542.1045,152.39385,675.21018,562.70952,-152.80345,421.40704,560.41573,181.58097,419.46648,571.83592,-158.26751,213.29143,558.81207,257.92526,195.3796,567.22254,-170.77054,190.91955,536.21922,261.06287,175.58384,544.98481,-168.17998,108.21458,585.67114,159.37336,96.20258,591.30452,-291.19221
470,lowcobra,nonstandard,354.87251,233.33234,-55.8778,349.57804,225.09425,-46.90228,349.07467,225.14672,-47.10067,348.62047,225.23029,-47.05262,348.29761,225.19559,-69.26234,346.51335,225.51477,-69.50994,344.57317,226.09772,-69.62258,335.4906,230.22827,-3.58965,333.86365,231.10219,-106.73671,352.63608,242.41515,-37.34439,351.6905,242.74153,-68.43757,324.26156,279.02932,51.65381,329.29475,286.31594,-148.63244,351.55706,348.43952,46.59682,362.06743,356.07068,-203.1126,382.14907,397.24076,7.08161,394.07071,415.59013,-229.87599,394.49348,401.1761,10.04248,410.15391,419.87329,-270.38507,397.464,402.96865,-22.48976,412.54258,416.78854,-243.35696,391.76162,402.96492,-6.51812,405.13898,415.07265,-222.49496,280.87031,379.26626,59.77141,284.37357,390.96825,-59.85113,171.36631,393.48679,108.99442,169.01895,404.97719,-58.07978,86.56987,397.41781,171.36247,72.15707,409.37371,-42.29978,79.46023,386.90943,176.73409,64.8884,398.49038,-40.14063,42.83118,412.78655,139.23862,27.18266,422.25384,-90.82566
471,lowcobra,nonstandard,364.06451,101.01497,-330.34135,364.32055,89.87062,-322.50498,366.70933,89.32493,-322.73626,368.9043,89.11003,-322.72496,356.02015,91.73028,-335.09912,351.13495,92.90508,-335.36682,345.21687,94.1719,-335.51986,362.48242,90.39242,-253.98193,329.56312,97.22785,-309.70061,365.90226,112.34089,-300.00807,355.01927,115.14404,-317.24685,351.34912,128.80852,-168.0951,277.07585,144.56948,-260.11056,325.38823,164.23158,-74.52326,204.62295,170.63984,-253.44186,332.03393,206.86807,-32.8336,244.90465,225.31991,-265.05132,348.4415,212.58435,-32.14424,250.58307,241.24071,-293.912,348.60509,214.75808,-55.85725,262.68302,235.25941,-289.4157,338.16833,213.01407,-40.36419,261.99494,230.10032,-265.08345,258.09219,185.5496,31.87848,225.98761,186.76419,-31.96891,179.20366,152.84453,196.05577,153.26161,163.80627,85.34449,108.48986,130.06359,334.50437,78.98673,136.3761,211.97692,101.56766,120.12327,347.82815,70.05844,126.96747,225.61395,77.10846,127.23792,310.72389,54.70133,145.33401,177.16879
473,lowcobra,nonstandard,775.73853,562.8971,54.02581,755.12714,556.01735,85.08045,752.4375,557.62347,84.71135,749.81136,559.4803,84.81199,754.85139,556.74519,31.53559,751.86481,558.85002,30.83177,748.69738,561.31206,30.57858,733.42314,580.63209,191.03383,732.96881,583.4138,-50.23777,776.98488,581.55451,97.66416,776.0262,582.24317,26.18243,698.68069,661.87792,359.78763,701.35775,673.84422,-214.38737,566.83211,704.90181,461.52,552.48041,690.58359,-223.41611,626.35603,791.38279,446.69032,616.47377,803.85178,-201.24302,651.75495,791.1478,473.26093,652.50826,811.2061,-245.1256,657.39622,791.36252,420.05315,657.59044,803.08586,-196.2957,650.25506,793.34371,425.19989,647.7252,802.14031,-181.51262,500.071,763.51613,197.10048,506.42519,777.04288,-197.50003,302.92521,776.10299,216.27891,298.54217,781.87376,-180.81596,122.87574,775.27113,299.15361,111.28607,781.53856,-125.68443,105.96714,742.40722,302.17621,92.84663,753.14365,-115.54006,27.3098,798.40414,221.61267,22.66803,800.18967,-208.48756
474,lowcobra,nonstandard,336.15314,107.63202,-266.00562,370.28846,105.55502,-292.89885,375.86245,111.03576,-293.63796,381.4442,117.15024,-293.59522,365.76571,100.77149,-212.06664,367.56134,102.05895,-212.81711,369.30286,103.29496,-213.19407,402.46479,155.96644,-383.37695,386.63472,138.55054,-16.76822,330.08348,141.90638,-293.72161,325.85148,135.32299,-193.09473,368.11972,323.54631,-555.9005,414.59831,306.86309,239.40681,264.71092,544.93226,-668.25533,339.94852,521.94764,216.92895,173.51722,746.35134,-722.53963,234.55204,683.30778,-1.14128,107.83135,754.76615,-828.97908,200.43571,673.91095,-10.74228,108.45419,740.2422,-777.60565,191.21072,679.52946,-98.38738,137.05332,741.37334,-702.98499,205.99022,689.38308,-46.41573,541.99413,654.34687,-245.56791,552.94808,614.83167,245.42602,922.35611,713.91707,-223.50158,915.8403,679.62032,375.34763,1278.85941,718.23704,-175.07802,1206.4133,672.65979,541.4442,1303.50709,675.57716,-174.77974,1243.48251,637.99812,558.70807,1394.6859,757.88584,-431.77891,1305.83473,707.04863,346.33001
475,lowcobra,nonstandard,100.13797,105.34694,-89.55637,104.81246,97.97159,-98.99981,106.10284,98.32758,-99.1952,107.59142,99.07261,-99.15113,104.78115,97.33684,-79.8678,105.96171,97.27869,-80.10013,107.47642,97.29548,-80.18162,121.76228,104.62074,-125.58131,120.21921,102.53523,-39.06727,104.50784,113.87057,-97.15728,103.62733,113.22357,-73.51416,137.14084,155.64919,-169.92536,136.37955,141.38624,23.27347,99.86731,213.14768,-209.38154,103.13603,192.43254,5.95159,58.12006,258.49163,-221.23571,64.06581,227.32967,-57.60231,40.41035,263.9838,-251.47528,50.77778,229.72095,-62.2787,37.93349,259.57767,-234.62859,48.97105,231.05711,-84.94007,45.73267,257.19812,-215.48909,55.40449,232.53607,-69.69008,207.28087,227.45342,-59.27457,205.32774,216.02526,59.20821,310.04952,225.1687,-38.35198,299.80702,212.49681,99.11307,398.52286,222.32426,-32.32643,369.29217,202.39952,153.05884,403.98209,208.42552,-33.05684,378.10797,193.0512,159.88215,437.31508,231.81032,-86.77656,406.2875,217.10081,124.06822
476,lowcobra,nonstandard,505.55569,177.28676,-63.6968,525.5883,167.93782,-81.34316,528.81763,170.22968,-81.81325,531.8766,172.87442,-81.70788,524.7007,165.86746,-30.86892,527.35985,167.39319,-31.41268,529.72969,168.48074,-31.61914,553.04695,196.62753,-150.13548,545.71705,189.39436,79.0959,504.65401,201.85078,-85.68913,502.03884,200.02012,-23.25724,548.68843,317.60052,-284.2193,540.22209,308.70859,216.27863,449.42276,458.04997,-369.75342,464.07066,446.7662,177.96698,352.39128,575.18556,-397.84016,371.96884,554.60225,47.96819,309.94043,581.31383,-461.69037,341.68587,555.75551,44.02418,302.40686,576.70318,-420.62748,335.15961,557.59435,-9.61807,321.8605,577.32017,-381.58936,346.36986,560.8875,19.13898,649.04053,533.84272,-145.8737,643.68568,515.24785,145.75836,903.32115,542.9615,-131.38243,886.26335,532.57298,207.88542,1142.45338,551.13215,-90.03047,1092.17117,534.35723,331.71715,1164.70253,532.51415,-87.53429,1123.03329,513.44832,345.92476,1235.94284,595.33874,-218.83034,1167.07596,566.0406,239.80007
478,lowcobra,nonstandard,282.81014,234.72352,-31.95623,278.06332,228.78277,-22.79078,277.04928,228.82564,-22.9409,275.88601,228.9526,-22.89428,277.80368,228.87411,-42.22887,276.66306,229.11427,-42.39949,275.32148,229.50442,-42.49087,267.07928,232.09171,17.25967,266.70713,232.89688,-72.17851,279.60153,241.52064,-15.70985,279.33319,241.78469,-42.5438,249.71435,264.1016,66.92486,253.3134,270.91117,-118.93879,267.69314,305.83341,56.48894,279.3005,316.09051,-178.02532,296.72809,341.14943,10.80673,306.26926,352.5758,-207.70311,306.0359,343.27734,13.22735,316.90125,355.55606,-243.52512,308.25417,346.47334,-12.85624,318.16225,354.59664,-217.7228,303.75996,347.04623,-0.61193,313.92012,354.38933,-200.4921,204.62086,326.74308,53.99345,205.89259,336.43403,-54.0024,132.65388,336.74555,88.5668,129.52007,347.74711,-66.30707,68.38428,339.41991,125.39769,57.98823,351.11616,-65.43536,61.81306,331.23543,127.71318,53.2505,338.64539,-65.34829,32.87282,352.47543,92.3628,22.36084,358.22201,-109.42931
480,lowcobra,nonstandard,97.68119,187.53558,-130.21994,101.99383,179.63806,-140.29112,103.84418,179.60621,-140.49672,105.7468,179.57709,-140.46057,100.74056,179.13539,-120.08662,101.23674,178.77953,-120.27733,101.71006,178.27865,-120.36262,117.42517,182.98685,-165.97459,111.85016,181.72466,-74.38801,102.88236,195.3812,-136.86141,100.49597,195.19965,-111.68179,122.36152,236.01959,-204.20384,122.68243,230.48233,-2.71088,105.31746,295.96317,-233.76837,103.4463,290.8891,-9.19451,64.05785,343.43792,-243.86376,64.90384,332.34666,-78.1757,49.36902,350.59262,-276.11813,51.65567,337.63738,-87.25152,45.9006,347.56911,-261.70752,48.68989,337.35495,-112.07023,50.97434,345.92916,-238.87731,54.31452,336.8367,-91.34257,162.87919,323.06642,-62.77189,160.87826,314.12719,62.74196,240.37528,329.71167,36.05632,234.73903,319.49491,163.30584,303.05454,322.16028,141.83368,290.63673,317.23196,287.01053,311.04269,316.09445,151.25917,297.60915,309.57285,300.64297,326.50394,340.55948,114.44953,305.23522,334.42266,277.32667
482,lowcobra,nonstandard,482.54553,116.07876,-85.58573,473.54575,106.96478,-74.5888,472.04155,107.13828,-74.8495,470.48144,107.24852,-74.78359,472.5254,107.50891,-99.26647,470.39784,108.18829,-99.58767,467.86144,109.19451,-99.73856,454.23564,114.33508,-21.51432,452.92035,116.8254,-133.955,477.83911,128.48848,-62.83585,476.42786,129.77588,-96.97312,427.50116,166.53931,57.21133,423.20918,182.68989,-173.93315,407.72036,242.48258,64.66032,399.16255,272.44044,-227.68615,453.09465,281.56967,12.10101,467.58026,310.93921,-277.91897,468.64741,280.08262,12.92898,489.14813,316.92556,-327.76389,472.62691,282.03088,-23.49613,493.28059,312.43051,-296.11362,466.70035,282.88319,-3.1856,486.50891,310.88349,-270.08481,334.77269,261.97523,73.80702,336.30308,281.24198,-73.8447,209.86743,269.98695,116.7031,199.7515,287.41748,-67.048,98.20368,272.15973,178.03529,79.38633,284.11992,-69.33158,84.0671,259.10846,181.64553,67.85974,269.82356,-69.76833,55.09974,297.17133,123.47354,33.20938,307.37094,-146.43372
483,lowcobra,nonstandard,203.04272,204.5158,-39.96122,197.73036,197.09411,-60.8045,196.97118,197.78837,-60.94413,196.40523,198.63447,-60.88215,201.15219,194.51172,-55.36403,203.05996,193.48483,-55.5534,204.8416,192.4423,-55.64872,201.08882,204.50057,-124.71209,217.22399,193.26136,-98.57354,210.50023,212.37182,-54.82649,213.92539,210.3928,-48.52811,262.39577,263.77317,-134.66413,279.51437,237.5976,-80.61858,328.62225,321.11047,-123.47949,341.80805,287.96229,-21.5325,299.51075,368.41846,-116.86551,300.50141,337.30413,6.7067,276.5291,382.37275,-138.09562,288.11935,342.52423,-8.36963,270.91369,375.67328,-132.95512,281.51625,352.04385,-26.34061,280.29317,370.70675,-114.82805,285.33679,351.64993,-1.60524,334.04344,349.85853,-14.47512,355.90354,321.36746,14.42735,363.09028,354.49472,235.5746,397.61251,289.31264,231.69206,378.5187,379.84289,464.43662,410.3052,351.9256,468.51033,389.1536,382.12512,487.01385,416.15662,368.56797,493.67702,349.49601,386.52164,493.42227,396.73471,346.03693,509.24689
484,lowcobra,nonstandard,751.66393,1564.38615,-515.92939,790.13086,1500.38265,-602.84377,803.73194,1499.75289,-604.38312,817.69042,1499.82011,-604.16057,785.61454,1497.65507,-406.02861,798.11528,1495.91647,-408.108,813.00327,1494.19218,-409.07076,934.8544,1508.07592,-815.31028,930.11447,1502.62308,62.58814,811.28166,1639.03122,-572.5946,810.51948,1639.9847,-332.40885,1290.42818,1863.00387,-1063.95362,1310.5997,1742.66621,663.26341,1879.05969,2087.97612,-705.45229,1824.02402,2008.3604,358.37742,1505.45811,2441.57169,87.30832,1489.17643,2330.12281,-757.17599,1370.50589,2447.75545,106.43619,1367.00968,2346.83209,-871.82508,1341.88552,2411.28947,171.63791,1340.43496,2352.2038,-964.15438,1381.23533,2410.01751,159.31073,1379.35921,2353.83685,-839.94097,2103.56905,2335.50249,-593.92751,2098.20038,2230.59573,593.81731,3059.09548,2358.37841,-378.46631,3028.64276,2280.13914,631.2843,4009.37914,2376.56763,-364.77312,3905.95794,2317.46308,870.27877,4067.0608,2294.1862,-369.84773,3981.93354,2243.24748,893.86658,4353.05573,2498.16947,-803.61629,4236.23526,2454.67538,587.38362
487,lowcobra,nonstandard,111.44762,95.13614,-126.62086,120.47903,85.2693,-141.32077,122.86625,86.32249,-141.63219,124.71936,87.22363,-141.57828,120.39474,84.09633,-114.27401,123.02086,84.67558,-114.64543,125.59149,85.10159,-114.80684,142.67063,93.89256,-179.1151,143.25492,92.55046,-56.51044,118.03424,108.50627,-136.07509,118.01236,108.77057,-102.88202,178.36705,162.23149,-223.68445,178.01243,144.46579,47.86098,226.31073,249.07165,-262.86801,211.88263,222.35175,48.55031,162.70534,303.56673,-282.56359,164.65561,271.15292,-52.58887,138.75164,305.34983,-314.63062,141.97003,270.96456,-60.20935,133.29426,298.84723,-291.53442,138.12857,272.59327,-86.13017,143.737,296.47033,-272.26123,147.98447,273.44821,-67.17544,280.4327,276.00353,-87.75434,272.88149,254.68712,87.70477,407.47278,287.32062,-38.74922,391.02948,262.69528,190.43808,539.38453,284.72666,-5.01074,495.80232,258.79934,296.3132,545.30446,265.82231,-3.96722,511.11002,248.0492,307.28223,592.47359,303.26276,-75.72705,531.65984,282.46017,266.85456
488,lowcobra,nonstandard,956.22037,214.5048,5.72644,938.49937,202.83377,34.54006,936.53371,203.60126,34.13371,934.57937,204.40916,34.22878,936.78359,203.46392,-13.11836,933.29828,205.06919,-13.81406,929.26771,207.02459,-14.07068,914.52325,222.46656,143.41209,909.2338,225.44061,-68.87156,957.53432,237.13081,50.66697,955.84172,238.73696,-13.06864,846.0654,319.47591,285.6451,871.14941,335.98483,-196.27699,700.17936,404.87486,246.7006,718.22558,419.11624,-236.79446,800.3304,498.01872,66.77795,809.48167,522.4701,-267.71511,827.56185,502.02723,59.69558,847.02632,534.89173,-329.43525,831.29849,504.88473,4.0805,854.84028,528.18242,-272.86009,824.069,505.83202,40.55619,842.31056,526.3557,-248.59718,636.39498,460.81862,163.03612,645.15324,482.33155,-163.45829,390.74552,483.27184,206.3782,389.25938,494.0382,-152.57131,177.09317,477.66453,307.35462,165.68127,477.59643,-86.83337,149.08724,451.64067,310.4122,140.48668,452.82206,-76.48967,90.54377,515.42756,197.3259,77.95034,520.76276,-187.08825
490,lowcobra,nonstandard,674.54254,382.2323,-779.0991,678.50208,362.12857,-764.15615,682.5102,362.51722,-764.74535,686.63292,362.73113,-764.67515,662.35623,361.77297,-786.01155,655.31942,360.95519,-786.48027,647.09021,360.41661,-786.77696,679.10453,364.91674,-611.2547,627.34312,360.73116,-705.0746,675.84841,399.22118,-710.83142,656.56485,397.21295,-740.6747,689.83619,446.89747,-449.44858,553.40517,447.49852,-631.17492,722.1302,552.59687,-573.27968,548.79115,602.49234,-710.00077,743.13775,599.7415,-893.25424,676.29295,625.224,-787.22312,761.96686,611.14088,-965.29503,690.58889,641.76089,-878.87841,753.22589,610.06741,-999.01331,713.70437,621.65285,-861.41105,741.02486,608.20586,-913.69599,701.604,620.07953,-789.05443,499.25731,542.25539,75.1942,437.46533,534.48563,-75.30423,387.12606,515.41319,533.81511,288.97509,521.07674,244.3893,314.89673,498.21131,966.27647,198.99476,503.26064,569.10237,299.4237,486.30678,1005.48037,194.10867,491.18669,600.25478,275.10312,510.70594,926.19402,166.23707,515.51421,487.02679
493,lowcobra,nonstandard,383.99023,315.50013,-460.55424,409.09874,301.12369,-470.60479,414.92955,303.3949,-471.42971,421.56628,305.84644,-471.32497,404.60819,299.87075,-417.62115,406.79437,300.98772,-418.25397,409.07568,302.03693,-418.48147,460.2216,328.84393,-480.46848,445.28729,323.97763,-241.02044,390.26874,351.8322,-459.65244,385.98262,348.40335,-395.25077,564.09837,471.00662,-572.42167,466.88671,473.05936,12.1564,733.05242,601.30009,-684.76805,554.14832,589.79995,46.23047,634.74575,744.87791,-862.01593,484.29836,694.61115,-209.76575,604.72508,769.24765,-965.77209,436.35714,699.67187,-251.15819,584.42934,759.96037,-937.68838,434.53172,703.2301,-320.17623,587.48634,751.97863,-852.96884,456.52011,703.3017,-248.80517,801.79158,666.23082,-192.2839,728.74162,671.91891,192.33857,1064.47855,648.62306,187.99869,974.81167,637.83186,496.80953,1252.16836,654.0329,558.47847,1158.56409,633.01973,920.10847,1258.57365,641.1383,589.04412,1165.03483,606.12935,961.04264,1319.46802,691.6207,410.89547,1199.68656,668.77667,839.59776
496,lowcobra,nonstandard,140.02794,193.85755,-11.07145,143.37585,184.97942,-21.67696,145.24808,184.53073,-21.81598,147.29314,184.25826,-21.81518,142.54846,184.62118,3.13835,143.84935,183.83288,3.00242,145.49599,182.99296,2.99984,163.01356,185.68738,-61.89973,161.34153,184.1133,51.28857,146.54833,201.88516,-23.29794,145.62172,202.5541,7.75325,206.71948,220.5816,-127.97685,209.66392,207.74921,130.87601,280.9265,223.54191,-193.16532,282.7344,217.1888,216.96284,253.85043,293.49197,-216.13023,246.79027,275.32386,248.69706,236.83879,293.83965,-240.63979,233.12525,275.52744,261.01971,233.1626,291.33765,-222.05114,229.12218,279.55314,240.29636,238.74658,291.3573,-207.56076,233.92231,280.89483,239.50432,328.03968,259.21054,-79.8541,328.14565,250.41756,79.8528,426.54195,259.25241,-33.45821,423.73686,261.46879,124.45522,492.6365,268.48843,81.0144,480.18855,268.88724,220.42499,506.76817,262.25997,91.44844,508.591,279.15409,229.29204,492.2525,297.54873,38.92911,501.46794,299.15341,186.29863
497,lowcobra,nonstandard,338.48467,38.29831,-18.80909,332.37875,32.04088,-12.34521,331.92724,32.25693,-12.48497,331.5122,32.40923,-12.49161,330.50016,32.6917,-29.98505,328.68365,33.46577,-30.18573,326.56518,34.37133,-30.26959,320.3554,39.66222,22.3622,316.90537,42.01551,-58.01903,338.15003,47.2882,-3.38659,336.35635,48.01932,-27.59535,303.19834,75.23042,71.40963,314.82233,75.30438,-89.15437,296.21253,141.32069,65.39029,314.51168,147.15771,-101.22212,303.14466,190.60864,24.01898,305.39645,198.52664,-89.00154,313.53388,190.46943,25.66687,320.26177,198.28866,-113.20205,316.25355,192.13452,0.39215,320.59954,197.00333,-98.06026,310.87337,193.28665,13.20445,314.60108,197.18822,-84.3636,236.52129,160.03021,48.69931,243.60842,170.3697,-48.79405,147.0369,181.97269,56.57783,133.74162,190.47545,-45.07834,60.70439,203.594,82.76092,57.67543,202.94584,-30.24651,48.04918,202.83625,84.19381,47.82594,199.65108,-29.04644,38.24935,212.99804,53.30203,29.92143,212.15382,-65.61908
499,lowcobra,nonstandard,27.68259,206.73371,-7.12581,31.75317,198.35535,-18.458,33.44546,198.41164,-18.66538,34.99918,198.55127,-18.67573,31.41022,197.9341,8.47892,32.85991,197.63767,8.25923,34.45113,197.3642,8.18189,47.87639,199.50415,-49.40624,47.62305,198.17665,70.8048,36.40862,216.89057,-15.85487,36.41216,216.57708,17.16862,91.65273,228.49578,-113.02768,102.71293,213.96172,155.90261,170.38459,219.68122,-91.61009,174.19787,208.21555,108.68195,147.83415,278.49588,-15.13624,152.44851,265.07816,-54.64344,130.40891,284.42629,-22.6378,134.99975,268.89413,-71.28216,126.76117,280.65745,-12.01179,134.90616,270.94117,-86.06876,132.1947,279.08486,-6.03686,139.29665,270.27666,-67.42451,219.64967,261.35297,-86.84371,220.69764,245.45629,86.88267,332.33768,261.86047,-62.75826,330.59782,255.7492,78.79741,438.22095,263.20103,-23.24004,429.50642,259.72637,116.07222,448.28716,251.67985,-21.03524,440.88417,247.47246,116.96149,483.30241,275.2477,-82.73975,478.94144,271.16214,57.89869
501,lowcobra,nonstandard,167.18435,140.19167,-75.30835,176.77199,125.98278,-94.15412,179.64973,126.27537,-94.49955,182.26117,126.44638,-94.47699,176.33606,124.96278,-53.20231,178.72293,124.49305,-53.60713,181.0398,123.95012,-53.84109,202.19504,135.42357,-154.99194,200.39797,133.47698,30.04231,175.38455,155.56527,-93.57058,172.91216,155.50688,-42.60914,206.74246,238.9588,-245.23306,223.72164,224.82766,141.41644,150.91265,355.44075,-302.16515,172.83225,345.9017,107.95256,97.67877,458.2782,-290.81539,119.41282,432.07601,-21.57129,67.65143,469.47001,-335.76858,97.5837,433.4739,-33.41607,65.95049,462.83518,-312.80212,93.60322,436.51427,-70.81871,79.62065,459.72664,-280.76547,103.6784,438.60564,-42.81985,290.81409,415.39627,-113.00521,293.46784,399.29226,112.84664,480.115,446.42138,-85.43426,482.62581,428.08938,194.38986,645.81883,435.39938,-23.31106,630.17473,421.10795,280.68449,664.43202,415.42671,-19.30036,644.78612,407.64657,289.82852,690.16621,467.52292,-125.56861,628.04027,477.27241,197.26441
503,lowcobra,nonstandard,885.74738,308.54698,-397.85614,871.36475,298.19793,-379.02134,869.5665,298.50087,-379.45465,867.575,299.00199,-379.49688,869.42566,299.90123,-416.38103,865.87204,301.64878,-416.88484,861.37268,303.89237,-417.22828,845.45807,311.312,-266.208,838.88931,317.18853,-437.328,883.82965,328.03476,-350.87147,880.74333,330.23418,-402.16682,842.3745,416.82072,-109.74645,774.11499,423.84768,-473.98964,818.03947,516.06511,-68.00736,700.10895,549.56129,-544.56154,871.93558,601.33683,-179.51548,782.41791,654.52138,-646.48666,902.84401,606.60964,-199.19798,804.73038,680.01802,-739.93416,901.69647,610.88819,-256.85694,820.07782,666.93976,-716.03088,885.62866,612.89763,-206.17914,816.23756,656.97754,-643.77655,684.50233,563.07368,117.2196,640.00038,566.76786,-117.07304,543.57861,561.47194,467.98878,481.55174,579.13316,99.79991,461.51924,538.79377,824.0963,367.43828,553.01496,413.61912,442.43698,521.20009,855.65666,365.24162,528.24998,444.83368,404.29222,560.54289,797.12624,309.24097,560.24664,359.99645
506,lowcobra,nonstandard,1959.03157,403.85187,-349.97488,1925.29369,376.58255,-286.82001,1916.88303,378.6607,-287.86537,1908.8748,380.44103,-287.7187,1925.20019,378.57972,-398.76177,1916.55471,382.08639,-400.26443,1907.67542,385.40802,-401.17598,1861.37638,406.16375,-17.87726,1860.91551,412.80497,-514.03926,1939.98824,451.23671,-234.67298,1938.36166,452.19368,-383.14746,1668.99898,524.57259,393.32837,1724.39924,575.67952,-768.79075,1351.95601,545.98613,352.8771,1352.23401,569.37318,-833.49288,1483.7873,792.12894,-103.09803,1511.57799,841.27159,-816.28253,1535.94604,797.1984,-139.21206,1592.29571,873.16952,-945.73047,1554.85793,804.58459,-246.79494,1614.6902,852.23705,-842.22472,1539.36818,806.20011,-159.9038,1585.60939,846.04857,-776.15342,1131.90596,752.20205,370.6093,1136.4893,786.28101,-371.26795,704.02141,797.66796,724.71222,683.60022,841.71928,-19.42385,318.11543,804.49922,1102.61335,288.69546,834.73297,308.51572,273.81735,754.47705,1123.86693,237.56506,780.30758,344.45953,119.83202,888.50223,927.94804,95.27721,923.79659,118.05354
508,lowcobra,nonstandard,63.28287,135.63863,-11.71949,67.39179,129.18936,-19.46806,68.8264,129.34614,-19.64485,70.36833,129.69638,-19.64158,67.22887,128.39969,-0.61083,68.73316,128.16264,-0.78793,70.41845,128.15854,-0.84821,80.96793,132.33411,-42.46413,80.88227,130.78773,41.80085,67.79502,142.35489,-18.59709,68.00921,142.06991,4.39903,108.61708,161.95173,-91.17339,113.90836,153.30546,104.21421,164.55099,175.19371,-64.947,164.19348,167.74471,49.72252,131.19337,213.76328,3.30389,137.13868,200.8312,-86.76597,116.81664,215.39402,0.41362,123.6294,199.94743,-99.7311,115.17149,211.22448,9.03696,122.52889,201.54169,-107.76284,119.05339,211.28496,10.90094,125.78871,202.59239,-95.32905,198.30011,196.49719,-66.75458,199.8215,185.45389,66.78818,280.85161,199.9309,-54.09985,280.23824,188.30622,82.26927,363.4169,200.7999,-36.69087,352.63898,191.34329,119.21995,371.63245,191.68066,-35.80004,362.3357,182.40519,121.52054,402.20397,212.69583,-80.20846,389.08097,202.55919,87.48425
509,lowcobra,nonstandard,1190.15835,408.13506,-125.87779,1173.36093,384.74143,-99.12517,1169.82408,384.72655,-99.66423,1166.28366,384.88303,-99.55019,1172.09488,384.45162,-151.86951,1167.63207,384.54404,-152.72875,1162.34133,384.92918,-153.03276,1135.16372,392.39987,23.33527,1130.85952,393.43871,-208.63468,1175.8263,432.26297,-70.85222,1173.34179,432.88145,-141.19734,1023.33021,467.22945,189.69681,1041.35269,512.76093,-296.51669,856.20569,523.8486,209.22623,862.89103,550.65518,-307.18344,958.08666,629.89207,72.08544,944.8391,689.50656,-298.2135,991.2589,633.16916,65.30271,981.47179,710.36239,-355.23536,998.37754,639.67634,3.27444,999.00014,693.93111,-305.2812,989.05178,641.04488,44.63094,987.36731,688.19848,-280.92292,744.95821,601.74169,167.59409,746.41479,643.27048,-167.99707,474.88062,629.17233,265.06418,466.88244,657.86905,-152.45754,247.81252,618.76593,414.79586,209.05559,652.68278,-117.73161,221.8774,591.02285,421.72051,181.23833,618.02277,-110.78491,154.11461,649.68905,326.0979,101.15558,675.86917,-230.97528
510,lowcobra,nonstandard,88.30735,74.59085,-70.41196,98.59263,72.00539,-80.77022,99.9359,73.28413,-81.00158,101.43159,74.51066,-81.00312,98.19804,70.91651,-52.38183,99.22811,71.43289,-52.58375,100.44208,72.00947,-52.67246,110.83978,85.09054,-116.38211,108.76563,82.44864,13.28241,87.27111,84.82913,-82.05189,86.47274,84.29029,-46.19023,124.61465,141.42656,-182.28614,111.51688,136.50063,100.06218,120.98136,210.54935,-231.69603,102.61859,205.79809,104.42063,76.71836,262.26709,-259.79638,69.37308,247.86367,14.76376,61.92211,265.9412,-297.66989,57.00115,250.34281,6.86921,57.45534,263.52509,-280.35994,53.94399,251.09108,-24.20929,62.44983,262.94226,-253.14128,58.86491,250.90513,-2.15272,168.27588,235.33392,-87.08748,161.91833,230.01242,87.0716,280.8319,254.82342,-59.81711,277.7716,248.90888,115.02763,380.85198,258.81994,-28.72696,367.30028,253.44189,192.60026,387.4871,249.08882,-27.08784,377.52483,244.2577,201.1309,419.98313,278.25068,-100.22301,382.3593,290.08419,148.8044
511,lowcobra,nonstandard,690.8594,283.28723,-720.86555,694.98925,262.58337,-704.26022,699.99818,262.35148,-704.79704,704.62471,261.80374,-704.86879,676.25459,259.31934,-722.52468,666.5373,259.78471,-723.05167,656.4917,260.68732,-723.4353,696.59941,264.75981,-559.42796,629.88509,266.55145,-634.82471,693.82471,303.11177,-657.83477,671.90538,302.46335,-682.00979,718.45829,367.44867,-432.85165,534.51295,364.55494,-559.60734,741.31939,485.22647,-527.38625,521.6722,537.01763,-628.52064,769.90802,574.16067,-785.35377,642.86071,594.91174,-733.32887,794.69518,593.66255,-855.31313,681.78756,610.8083,-819.93091,775.36265,594.06975,-890.78414,693.22241,596.61483,-809.55933,759.43927,590.25611,-805.84581,686.87165,592.55255,-735.909,551.80756,509.85023,27.86914,469.41914,480.13582,-28.155,472.67053,463.1596,404.81748,351.74074,462.62595,326.26643,391.32658,413.93702,804.56907,263.02975,406.87156,701.07159,382.2776,394.28303,842.14965,253.64834,388.0308,739.08322,336.40118,426.52195,753.19219,229.87091,417.12112,646.14867
512,lowcobra,nonstandard,166.96429,132.33388,-65.10398,173.79078,128.83975,-76.31903,174.74217,129.52475,-76.47299,175.76768,130.41326,-76.48077,173.59141,128.3298,-56.28162,174.31793,128.65521,-56.41814,175.16059,129.0858,-56.50865,182.39043,138.33129,-114.42457,182.68778,138.37032,-23.46052,166.88043,139.50647,-77.34322,166.40322,139.71517,-52.00135,180.24036,183.50793,-149.09164,180.69283,176.43882,22.10338,149.22807,233.95563,-174.33803,150.11895,224.27154,15.59366,119.26758,276.93564,-167.96073,121.81381,262.44193,-40.86473,108.63171,279.68342,-187.23382,111.6106,263.79919,-49.0854,106.59218,276.28769,-182.84286,109.44043,263.92442,-65.94417,110.70802,275.86041,-165.40673,113.16879,264.62972,-50.4945,180.24961,258.17496,-48.89467,183.55989,250.36378,48.80559,238.16937,275.97346,3.23455,230.14269,272.71873,134.78414,285.67512,275.70294,48.60265,279.7675,269.69822,196.16788,297.55886,267.08217,51.33277,287.44008,267.48112,202.22298,296.42937,270.92424,9.44502,277.52864,279.45129,174.75431
513,lowcobra,nonstandard,188.84947,68.25682,-277.6071,198.52115,57.44083,-275.62074,202.46132,57.16841,-275.82767,206.18609,57.32295,-275.83355,188.30191,58.98965,-263.54452,185.94157,59.20559,-263.78396,184.233,59.20689,-263.94439,217.84974,63.6218,-247.07013,188.83897,63.59724,-191.68849,197.81705,79.38985,-264.6151,187.34567,78.83902,-250.02686,242.20924,131.54683,-235.17595,194.35437,129.81289,-120.06972,221.59583,222.35946,-266.3628,167.77987,208.14147,-122.69537,150.55212,261.56879,-280.84563,105.11572,240.47066,-190.30037,125.85343,266.10119,-305.60014,86.25999,246.15204,-207.02319,121.78011,260.17248,-304.85282,82.47062,245.19022,-230.42796,125.52414,256.64684,-280.4029,91.55598,244.77962,-202.92512,249.51228,218.72546,-30.62217,225.33125,217.94249,30.4502,346.70244,238.36227,-32.39083,310.41513,250.64898,85.40099,406.59606,228.80232,-48.51233,379.33187,248.38619,80.01172,415.36665,230.05642,-52.12138,391.08568,254.65409,79.48202,421.15987,230.08298,-111.09916,389.10806,238.68007,19.61489
514,lowcobra,nonstandard,50.06316,284.13737,-145.67915,63.51873,267.48572,-170.43869,66.71578,268.15402,-170.95084,69.2367,268.68,-170.88678,63.79274,266.76333,-118.92393,67.55876,267.06701,-119.42275,71.06382,266.97936,-119.57956,97.44139,277.66874,-243.02632,95.62474,277.08997,-9.46017,60.5489,306.42948,-165.81236,60.44731,307.29913,-101.94955,152.63385,392.42583,-366.60892,149.55254,372.65379,192.0424,219.97213,522.8515,-461.77325,206.62344,490.60457,229.55683,149.69474,634.77124,-543.86151,152.74084,571.62126,59.29238,113.10352,636.55888,-616.56147,125.05603,572.4926,48.98666,105.55294,628.12593,-574.19437,119.49115,573.883,-6.40182,119.34017,627.9287,-526.72744,128.6362,574.99037,29.44311,310.48924,570.57579,-185.2079,311.81315,546.82717,185.22945,513.41867,602.73454,-91.59829,502.96694,581.91246,285.02631,708.05854,611.23388,64.18745,679.11732,589.26769,473.41579,722.54288,584.1086,77.50199,695.20235,562.59551,494.3817,782.31549,647.9712,-30.45902,758.24142,623.78634,421.7163
516,lowcobra,nonstandard,227.44244,309.0805,-233.19032,242.32569,285.81981,-262.47677,246.38228,286.18529,-263.13705,250.3021,287.06942,-263.02386,242.51882,284.64062,-204.31604,247.00449,284.60991,-205.07534,252.51371,284.8147,-205.38597,289.65095,301.00438,-343.02558,292.51032,299.1785,-79.13218,242.23964,334.90624,-254.76842,241.73401,336.19276,-183.22151,371.48085,456.67555,-445.02514,375.34853,416.62624,131.39917,473.47755,638.35652,-547.40391,434.60183,577.34044,113.7632,330.86004,752.98518,-630.71822,336.34233,683.01944,-107.16251,278.59146,760.49217,-708.43183,289.4162,682.0801,-125.8117,268.39035,745.32081,-656.7292,281.64674,684.97342,-180.80828,287.91003,740.72732,-609.06366,300.82288,687.31908,-138.30605,582.41218,692.43761,-187.39861,573.7224,645.10587,187.28939,849.03707,710.62548,-97.81437,829.33059,667.62181,373.43873,1135.91378,717.62652,-29.61335,1050.04933,658.53204,599.46229,1159.37074,679.04045,-28.48752,1083.5192,637.76864,622.79035,1226.03431,747.36807,-193.0863,1112.52609,714.30783,531.71074
518,lowcobra,nonstandard,480.43087,171.81898,-587.89697,488.98339,146.29443,-599.44531,497.40248,143.58191,-599.87574,506.88786,140.84449,-599.77488,474.31314,148.5098,-574.00446,470.8127,147.24284,-574.57958,466.91686,145.62745,-575.0102,537.67535,131.87621,-557.07272,482.62341,138.47323,-442.53807,503.12177,185.02203,-560.92149,482.25547,184.85051,-530.13604,646.27861,217.18644,-487.78994,480.14573,215.52892,-312.46213,675.21329,376.36617,-519.02471,459.72207,338.6055,-279.42047,602.71998,496.87418,-593.69782,422.08942,464.55256,-384.66969,589.18279,531.24043,-654.05056,389.73745,477.93696,-426.37616,565.86676,519.03795,-664.01098,388.38624,479.70675,-463.9966,567.08135,509.11524,-600.00345,408.34792,479.36965,-404.3109,677.36978,390.1587,-53.73547,591.44848,398.38475,53.34107,799.41235,380.93877,251.89625,700.31338,364.19402,409.88493,918.28462,348.49641,568.04703,755.51289,338.82616,796.39264,921.77412,331.08698,596.2156,771.87091,317.92974,838.10737,952.15337,362.1991,488.3931,789.30762,367.39075,774.67712
519,lowcobra,nonstandard,674.85722,252.30446,-151.93026,672.25338,236.84571,-139.10797,670.24901,236.05838,-139.41032,668.18011,235.39777,-139.34718,671.48528,237.7032,-173.302,668.90413,237.62406,-173.73271,666.14579,237.6017,-173.91632,648.92395,233.71735,-65.78908,648.24366,236.29854,-218.75127,662.64793,263.11065,-117.86549,661.20722,264.57061,-163.86017,569.18831,262.83762,55.18197,585.49477,296.09665,-257.95471,476.94118,307.34326,131.21943,492.49276,353.15337,-248.30168,539.4088,361.52551,131.76734,557.98973,415.83664,-208.27018,553.76793,360.95448,139.57631,585.78303,430.38606,-242.5165,560.40028,362.14499,103.49117,592.42586,420.15148,-212.78116,556.18587,364.04194,117.46703,583.70391,415.95517,-197.46884,426.46068,348.98644,102.4655,429.37961,383.98011,-102.63116,282.90336,357.26189,200.99919,273.75106,392.04394,-59.2516,141.96872,354.4657,296.96146,114.3987,391.54389,-62.05102,116.19216,346.4804,304.01427,92.19692,366.84427,-60.0791,91.44277,372.27593,247.53783,62.07683,421.9077,-146.56477
520,lowcobra,nonstandard,560.38713,138.14346,-47.27018,559.06202,126.189,-36.65269,557.7649,125.51884,-36.93924,556.26494,124.88344,-36.90373,558.40924,125.89454,-59.45895,556.40084,125.34138,-59.85451,553.95563,124.81243,-60.00865,541.61278,121.99046,15.01365,539.38783,122.64234,-85.0154,550.90474,146.85056,-23.43035,549.49908,146.15219,-53.95331,486.85913,149.49633,73.46996,490.78288,155.33921,-112.4581,400.94916,162.3863,102.18338,408.26039,168.21379,-135.14041,438.3276,218.49768,82.59452,454.00972,234.17659,-159.97244,456.34207,220.1597,84.0557,473.65901,240.45632,-188.65235,460.30658,220.55646,54.76231,478.96657,233.96462,-167.08769,455.94338,221.30438,70.66014,473.64796,233.45511,-154.24948,351.45353,196.88251,63.19063,353.48221,205.4175,-63.36,235.8789,211.71958,96.395,232.28585,217.4997,-51.37595,132.44289,213.44533,144.1028,125.42791,218.25516,-10.47892,119.18058,201.83619,145.71255,112.14725,204.63633,-4.1376,81.82107,235.99119,103.10184,73.26763,240.89558,-44.8473
521,lowcobra,nonstandard,98.37153,168.22791,-19.93924,100.53866,159.18083,-32.401,102.00574,158.75381,-32.57392,103.46741,158.41385,-32.60098,100.4138,158.75884,-3.75259,101.83293,158.12672,-3.97223,103.39842,157.42996,-4.05055,117.63678,158.82676,-71.97846,117.20027,157.96968,57.84089,105.16213,175.49004,-32.13786,105.16223,175.52744,3.906,164.48955,204.35615,-109.018,168.8777,186.90692,124.12302,232.43426,233.87361,-107.01243,218.98275,229.69551,112.7221,178.94011,279.91825,-37.74218,175.12066,267.60605,-0.77987,158.38998,281.12386,-42.24584,160.83941,268.46432,-9.7995,155.86434,278.14876,-27.68015,158.11301,269.94314,-24.39561,162.98026,277.37292,-27.35039,164.79576,270.14896,-11.77913,256.37686,261.8399,-65.95548,253.05177,254.64612,65.82816,380.78242,265.98929,-73.26344,375.86121,263.36378,73.0846,470.03274,267.73959,-51.99861,448.5386,277.03964,76.25752,475.02002,260.65683,-51.0771,462.71124,281.81534,77.7487,473.25868,294.98773,-101.89069,459.75374,278.48495,41.18583
522,lowcobra,nonstandard,366.697,146.87704,-2.10192,360.91021,142.55524,10.40823,359.82558,142.93033,10.26274,358.91232,143.21567,10.29882,360.13143,142.84574,-10.01069,358.6898,143.36637,-10.24812,357.2329,143.82693,-10.33779,349.32205,148.1106,54.69055,348.31826,148.80877,-36.45193,365.02225,155.3303,15.87319,364.11752,155.6866,-11.41416,321.76251,178.13217,111.75684,327.56982,183.22227,-88.97573,283.61496,210.39108,94.66528,288.20695,218.49567,-101.42807,317.51682,237.10693,13.96651,323.54994,245.1202,-91.78478,327.72528,235.52818,10.21794,336.66208,245.02407,-112.4117,329.69053,236.46906,-8.38422,338.49193,242.23492,-93.78609,326.59073,237.14247,4.28669,333.60071,242.25685,-85.25158,249.97509,222.70302,66.75585,251.43647,230.88783,-66.8694,168.96884,233.59983,76.92404,167.30161,238.34164,-66.57498,96.7253,233.83982,116.61144,89.8144,237.90009,-57.8212,89.53753,224.08606,118.05083,82.67595,228.89214,-56.17039,60.8128,246.09793,80.20269,52.95126,249.10002,-101.17737
523,lowcobra,nonstandard,129.47175,80.72383,-226.86452,137.6772,68.04838,-235.59714,141.50905,68.77935,-235.86996,146.46023,69.58128,-235.83397,132.64476,67.83843,-214.47517,132.1647,67.66074,-214.85241,131.47685,67.2736,-215.08643,167.70765,74.29073,-248.01945,152.88815,71.99095,-153.50692,139.57112,95.10837,-227.95122,130.84127,94.09651,-202.15433,224.80746,143.8072,-257.79846,145.20068,138.41748,-99.21479,227.843,259.69066,-288.24802,104.96746,235.67712,-120.45575,197.99842,362.89475,-294.9036,55.77546,324.2934,-182.10733,186.82817,378.91513,-327.68335,32.24449,333.26554,-196.84422,170.55861,371.32006,-324.96085,34.31807,336.63822,-223.95776,173.23926,367.65991,-294.72314,49.18827,336.26822,-195.9413,279.12643,277.71072,-47.29329,246.57161,268.2284,47.03653,414.28821,292.56672,27.97147,359.48608,288.13087,179.11082,519.3979,284.0507,101.81478,463.89459,250.45527,289.44767,532.68805,278.75161,107.03535,480.32058,280.73626,302.37572,517.02686,305.73266,29.41412,461.13703,279.16843,243.80503
524,lowcobra,nonstandard,350.41241,360.01644,-25.06341,363.68219,345.1043,-45.43979,367.40815,346.42978,-45.86043,371.57214,348.36392,-45.85007,363.80511,343.31048,4.95701,367.32999,343.29396,4.43494,371.61082,343.50628,4.26084,402.09846,363.72373,-110.63253,398.45054,360.72323,117.7542,357.50819,381.57356,-44.14299,355.70023,380.05672,18.26614,439.57712,453.99231,-226.16611,457.43358,442.66029,279.0395,513.86848,567.94243,-302.57318,525.73168,548.50669,289.34668,466.36038,688.07258,-360.27921,479.75857,653.99614,133.89331,433.65283,692.42071,-421.25563,450.42208,660.12365,124.13485,426.91267,688.26695,-380.5963,445.03105,666.40905,70.71726,440.87127,688.24764,-343.42838,458.44403,666.07676,104.27858,601.58483,631.9951,-159.01408,605.56459,610.14953,159.02245,818.23733,661.29515,-128.62155,816.55437,651.18983,161.91407,1064.18991,662.71971,-72.02583,1038.65213,655.59804,247.90648,1079.40504,641.84175,-69.0218,1059.02366,633.21175,256.49658,1163.25743,687.07488,-201.54423,1130.8838,675.64376,145.53988
528,lowcobra,nonstandard,175.56461,86.38413,-343.60671,186.22495,77.71031,-342.81892,190.6542,78.47909,-343.13984,195.00147,79.86647,-343.13742,177.23932,77.66505,-314.80963,174.7098,77.71997,-315.0576,172.40714,77.62356,-315.19542,205.47071,90.30138,-312.68354,176.69691,84.97101,-185.92125,182.07302,100.11291,-330.93493,171.05133,97.58755,-296.23198,224.99796,151.9026,-343.02975,168.39934,149.80037,-52.81301,187.21305,242.48477,-394.85398,134.70781,226.53639,-57.10741,163.64098,322.82287,-431.64428,92.11489,298.81567,-180.72621,144.83244,329.82535,-481.28374,69.01852,303.95526,-203.07282,137.95153,328.31476,-476.02975,71.2341,308.39274,-244.07649,141.23915,327.7749,-430.69569,83.52542,310.25789,-203.21095,256.34992,278.99047,-89.57966,231.31728,274.10835,89.43208,376.86618,296.76376,-0.79255,360.58961,284.90409,223.62016,484.70268,292.65162,92.162,446.88969,287.90032,365.72392,498.69057,286.19407,98.70278,454.38198,282.54627,379.23866,514.15233,314.23345,8.4423,443.77622,327.71102,305.39566
530,lowcobra,nonstandard,632.78956,357.12278,-326.02546,644.73915,342.16562,-305.89838,646.71092,341.66035,-306.32415,649.12539,341.23373,-306.25579,637.59003,338.49379,-336.23686,634.39512,335.88995,-336.71811,630.797,332.34469,-336.97546,631.20174,327.89664,-187.35827,609.56893,314.07472,-321.95923,620.63918,362.26244,-274.06781,611.02839,356.75263,-315.46493,582.07698,347.26485,-48.82286,488.07883,343.67458,-293.98153,518.12935,381.31612,131.01225,360.37765,366.65071,-267.64426,552.35319,433.36108,233.13947,428.5984,441.04427,-180.2382,563.44967,433.91035,248.92199,450.1193,463.79253,-207.81763,567.48214,437.59968,216.86726,461.35626,456.77103,-185.18004,561.72523,438.61026,223.33338,456.70505,450.86637,-171.14595,364.63132,406.25099,88.40435,320.77291,399.31913,-88.5298,233.6693,398.42345,306.94964,200.71201,396.6694,122.85342,139.8082,382.66495,532.10979,93.47772,383.33783,340.07037,126.72565,370.74094,553.07631,82.86436,366.01512,363.93752,82.49478,403.08392,522.684,46.70057,409.68321,319.46726
531,lowcobra,nonstandard,228.52104,78.85278,-102.79409,231.67379,71.95033,-95.55838,234.3313,71.85125,-95.71783,236.4794,71.77882,-95.66403,223.58562,73.46268,-103.17521,221.88799,73.87149,-103.37935,220.44031,74.31921,-103.48732,239.91125,74.56923,-43.4608,220.0598,76.7085,-78.84711,234.8386,84.28958,-80.63324,226.5303,84.72833,-91.70569,238.90717,107.09694,22.86324,219.41763,108.49789,-91.97685,240.63822,153.01154,19.32516,245.40543,151.37996,-129.1994,261.6396,184.1242,-11.57992,273.13206,186.32484,-163.59797,270.32318,185.03804,-10.66019,286.56256,188.85039,-191.1602,273.06524,186.04423,-29.84472,288.50361,187.9618,-174.92937,269.0951,187.00686,-19.36792,284.1062,188.28422,-159.53947,189.50327,170.42273,36.7964,184.88087,171.71459,-36.88859,117.10348,175.67796,64.86234,110.25463,178.11649,-50.64829,54.35585,165.33363,91.42129,39.73228,164.84361,-58.9465,45.52998,157.00197,93.69723,28.77827,160.25253,-59.23042,45.14268,184.52128,67.27279,30.33597,188.42325,-98.92624
532,lowcobra,nonstandard,461.08645,96.54473,-47.36038,456.85503,87.56264,-38.16275,455.32873,87.46872,-38.3426,453.54101,87.33851,-38.33276,456.28834,87.5097,-58.99368,454.48038,87.44161,-59.30229,452.40515,87.26006,-59.41506,439.66171,89.51532,7.49937,439.67605,89.58526,-84.06918,455.257,105.85764,-26.45693,454.64057,105.71431,-54.25286,393.05359,124.08861,76.05013,397.98564,138.10932,-115.39992,323.2038,158.02125,78.42989,322.73749,164.20904,-107.37294,372.46212,200.2041,14.63933,372.10658,216.2911,-77.97322,387.71623,197.69098,10.19173,390.58739,218.31602,-98.2162,390.2663,199.98769,-12.14976,393.12297,214.15818,-78.96357,385.43296,201.75706,4.14035,387.25051,213.66668,-70.8904,280.83572,182.88567,63.99985,282.3956,196.71066,-64.11918,167.28301,187.83903,90.54105,163.91107,194.36603,-44.50836,71.28398,194.11126,140.30431,57.97108,203.35968,-15.21125,59.21789,181.59311,142.66647,50.03965,188.32279,-11.3274,23.31623,210.11899,98.40588,16.33295,214.98489,-61.03896
533,lowcobra,nonstandard,34.33763,154.6706,-218.5899,41.71486,140.45768,-233.51813,44.54697,140.43918,-233.84798,47.65548,140.75792,-233.79658,41.01764,139.34447,-200.88183,43.23024,138.58235,-201.29102,45.61814,138.0426,-201.42381,71.51427,142.85107,-264.129,68.01055,140.46919,-118.81572,45.18805,169.10352,-224.63564,43.91765,167.79653,-185.34617,161.19681,217.29836,-305.39203,126.09276,178.9579,34.84216,279.44684,266.66071,-272.68726,199.3026,212.22367,173.43197,178.64542,305.80259,-196.42841,139.10911,267.01482,206.80517,151.81532,317.45419,-211.90645,117.11739,271.24584,221.57898,146.66131,305.27793,-198.72316,114.9865,273.64755,193.46755,154.04068,302.6776,-186.16155,124.70457,274.67639,193.99607,322.06802,264.85607,-120.70037,299.82682,246.92089,120.82297,463.43579,271.75139,40.68922,455.80461,261.56599,240.3367,594.93107,273.39697,215.15878,581.75158,271.78604,399.20121,600.16295,257.55405,232.28908,589.2024,254.57023,414.12517,656.73359,289.76623,178.58992,640.02497,284.657,365.2119
534,lowcobra,nonstandard,329.36377,1170.97292,-40.8949,338.16312,1153.01046,-55.84288,342.25647,1152.61917,-56.26853,346.93119,1152.49939,-56.27458,336.07539,1153.12634,-3.60447,337.89926,1152.83928,-4.03838,339.96748,1152.63205,-4.20053,374.85122,1157.92818,-96.36645,365.09092,1157.00254,136.81186,342.57026,1188.54227,-52.82887,339.89206,1187.96883,11.08065,438.07842,1231.09303,-236.62064,431.15898,1225.60329,322.22295,553.7433,1307.10278,-235.32538,524.19878,1300.55714,161.30995,454.78629,1389.85424,-99.21521,451.0226,1361.50808,-268.36277,421.9607,1391.93535,-117.32767,417.05243,1362.52584,-315.78061,415.71239,1383.16431,-95.66776,410.23026,1363.26656,-336.32874,426.09089,1383.63066,-81.13638,422.06332,1365.12594,-293.24754,648.4589,1338.05513,-182.59223,646.8946,1321.45109,182.50465,851.85099,1358.354,-261.09791,843.77266,1345.9301,152.18045,1034.92147,1295.889,-142.52631,1014.24771,1285.06784,215.9836,1053.68954,1272.4515,-133.15276,1036.82272,1258.85782,220.638,1091.05969,1351.27516,-257.64669,1061.94105,1337.77657,117.91511
535,lowcobra,nonstandard,171.77942,451.86074,-33.31116,172.25201,436.91771,-52.82286,174.73358,436.6336,-53.06692,176.93651,436.56257,-52.96871,172.15125,435.83711,-16.74117,174.62157,435.00159,-17.1753,176.96547,434.30346,-17.2516,195.52759,434.69741,-109.62464,195.29913,433.37675,52.16705,184.71789,460.14907,-49.19352,185.57334,461.40793,-5.32753,262.3591,479.21297,-210.13536,275.59071,446.35475,172.69772,368.40959,528.73326,-195.27725,371.35966,474.8009,249.82869,282.89819,572.32653,-82.87745,305.59407,506.73524,246.92522,248.56031,587.10093,-91.76747,287.32081,513.50457,260.8022,245.03584,575.71352,-77.17925,285.40158,513.03962,240.29382,256.94473,571.56983,-70.32327,287.65257,515.03224,235.27576,452.14519,520.57666,-127.96133,455.22637,491.21609,127.97999,624.87749,523.78697,-100.4576,618.30506,490.76154,150.79903,785.27565,531.77507,-67.90324,763.52727,505.45188,192.5643,804.66409,510.2567,-64.72508,784.05902,491.06559,195.06916,859.15519,558.18541,-128.98729,841.23804,535.12243,142.061
537,lowcobra,nonstandard,577.9745,196.08488,-27.81951,573.83732,184.45712,-12.2699,571.96321,183.54321,-12.55357,570.31581,182.69914,-12.47937,574.14528,185.63105,-41.91007,572.54307,185.53723,-42.29963,571.05043,185.38079,-42.41385,553.93676,181.81665,48.36218,557.16017,185.50021,-83.13154,567.27631,203.33637,-1.10247,567.3174,204.4593,-40.76779,497.23249,213.20782,122.43652,509.85245,239.06751,-138.05828,425.44343,249.78804,143.49588,432.33191,276.61214,-126.62085,468.86443,296.70011,94.93779,480.82082,333.05214,-84.23624,481.93614,294.32114,98.18558,501.42739,341.41019,-106.84343,484.96218,296.7569,65.61332,507.9981,336.99345,-80.83226,480.54396,298.92703,81.15758,500.43843,334.5464,-74.42321,385.43875,282.89341,89.36129,387.72137,309.61218,-89.62395,257.40493,300.17927,132.87297,254.62256,316.36423,-69.05492,158.25824,301.52122,175.23546,136.4716,326.30232,-73.16913,145.82324,293.95348,176.22853,123.53629,313.32945,-71.15533,104.56345,324.12095,137.36626,78.22398,343.60219,-117.96626
538,lowcobra,nonstandard,41.10252,99.84597,-3.37347,42.74282,91.88609,-16.79121,43.54739,91.61175,-16.97133,44.45653,91.43137,-16.98518,42.70164,91.58382,9.44467,43.57316,91.06455,9.22587,44.71304,90.42702,9.14868,57.04596,91.07556,-54.35013,57.55775,90.34359,63.47213,47.57517,106.09466,-14.48552,47.04583,105.97592,18.09554,92.70798,123.02116,-114.13899,97.61679,114.70884,146.1334,125.80215,168.68349,-138.96094,132.43509,159.95205,96.91562,80.23546,200.70239,-104.32943,93.57366,187.92008,-63.16108,63.8632,203.47172,-120.63877,77.25538,188.83168,-79.4374,59.70073,201.06929,-105.54389,73.5447,190.63479,-93.05742,65.93709,200.59334,-95.71934,78.47651,191.011,-75.33007,196.87385,181.07133,-82.92001,198.51194,172.73696,82.91767,294.59099,191.06518,-74.37941,293.27515,187.55943,80.65818,392.27288,177.70252,-43.05089,386.11407,179.2765,105.83063,404.06004,167.44369,-41.47704,398.25995,167.78702,107.54189,437.0294,199.19359,-96.44493,430.18218,198.41634,59.70912
539,lowcobra,nonstandard,231.61349,59.26094,-186.46646,232.54701,51.30696,-174.05831,234.20462,51.15625,-174.17625,235.58465,51.05356,-174.13744,225.69595,52.13847,-186.7582,222.48416,52.36959,-186.89739,219.53211,52.68627,-186.981,231.90716,52.7237,-104.75995,213.10512,53.86948,-163.32763,232.95768,64.77782,-158.73114,225.80456,65.7452,-176.30945,213.7502,76.12975,-22.3794,202.22278,87.88781,-162.00826,200.68434,106.11492,35.49504,195.03961,125.0724,-203.70405,207.77726,129.80214,41.67101,193.38851,156.21474,-245.84029,211.26667,133.22028,46.95519,199.41928,161.0116,-273.4239,211.82253,134.57896,27.41776,202.76514,158.2523,-266.056,209.89068,134.2566,34.69335,200.75752,156.75471,-244.53272,163.27787,124.31723,46.24145,159.49831,137.94626,-46.25392,120.93931,128.51725,157.49843,102.18681,151.45907,-33.35029,82.82767,125.32721,271.94097,54.05903,160.14616,33.07653,79.28952,122.14283,282.34322,48.09417,152.80447,39.99674,62.9017,128.61902,280.51855,23.00675,171.12007,15.98369
540,lowcobra,nonstandard,213.86607,98.13815,-533.79358,227.40034,79.26663,-567.05029,231.28801,79.93134,-567.5498,234.84239,80.46513,-567.54761,227.64529,78.75162,-503.18393,231.86012,79.13552,-503.69525,235.9772,79.44292,-503.85812,258.48282,91.05179,-636.65167,258.41431,89.85485,-344.03366,221.64531,118.02969,-550.47791,220.77664,118.19699,-469.3721,284.58337,213.83714,-741.41077,301.44742,195.17833,-49.48314,289.36588,365.82391,-894.31372,295.42798,329.74529,14.82492,183.92188,481.61482,-994.22546,211.90256,413.86909,-166.61293,142.28372,487.45474,-1092.32214,180.72992,413.22519,-180.74026,133.90463,475.80736,-1050.36255,175.3875,412.961,-254.06223,150.77136,473.87087,-978.53253,186.13277,415.86516,-204.64233,416.70145,393.28108,-223.95697,423.98538,357.66432,223.86438,653.87177,414.52945,-255.27452,643.4845,381.93357,289.11282,874.93848,412.71476,-205.58621,860.42114,389.61392,397.81369,886.68811,382.12742,-206.51431,874.67676,361.76005,407.14923,970.06665,441.06191,-383.43408,956.82227,417.67442,268.95239
541,lowcobra,nonstandard,766.92688,127.27617,-132.72961,749.55249,122.46103,-115.75456,747.31433,123.98389,-116.15553,744.98657,125.53471,-116.03024,750.09595,125.95046,-157.65108,748.36121,130.25285,-158.22614,746.43835,135.08597,-158.47345,729.82275,152.01061,-30.96477,731.36267,159.74221,-224.55594,771.03821,143.91034,-97.53608,773.22784,149.70712,-156.02809,697.02478,238.69006,142.43944,751.8161,283.98266,-358.80655,725.82526,332.05535,242.31201,793.57697,416.26984,-456.09824,801.4314,399.60777,270.00528,864.66638,500.21353,-497.26465,827.65338,396.5372,300.80075,893.20386,514.03725,-590.10583,833.32825,401.76803,234.12274,896.87512,499.27536,-532.18146,824.86499,405.36111,245.89549,884.81903,495.81278,-482.9072,518.40765,372.78046,166.18581,531.03534,418.82901,-166.25276,321.37973,407.94149,267.47775,317.66388,461.17639,-207.90535,132.48254,409.35443,392.76984,112.71918,443.96693,-181.69821,108.09952,391.81253,402.50308,93.62204,419.16505,-174.75168,57.16608,437.25249,330.48022,32.22858,462.10704,-262.04858
542,lowcobra,standard,114.30169,49.10353,-134.46626,119.72647,44.32836,-138.63189,121.54381,44.76265,-138.78746,123.45243,45.34032,-138.76502,118.23877,43.51324,-123.0244,118.50072,43.3051,-123.18795,118.7702,43.01329,-123.28114,134.12446,51.92467,-145.86018,127.13604,48.73005,-75.09726,117.06023,57.3181,-135.79069,113.5936,55.33359,-116.30395,144.79116,97.59851,-151.31144,127.9225,90.96012,-35.65131,147.00825,159.86108,-171.7699,124.37194,151.97917,-37.07409,152.55883,217.99499,-188.32341,113.13517,199.85031,-77.7366,143.83706,225.69808,-207.45591,104.37174,205.52182,-89.65271,140.7934,221.54077,-211.73517,103.20527,206.43725,-104.68991,142.63485,219.44751,-189.96632,107.59213,205.86725,-86.05208,159.96133,172.78371,-32.21172,145.57217,170.01312,32.12543,239.18425,183.49931,17.10947,204.45024,187.04512,108.87052,289.87478,185.16935,82.36238,258.64312,173.52151,202.37638,293.56894,182.41404,87.03082,265.07027,169.87081,211.48437,296.25947,191.10128,35.27938,255.27626,182.19269,175.20024
543,lowcobra,standard,216.41757,541.99974,-188.12622,239.04389,541.55304,-215.11601,241.39584,545.76927,-215.72488,243.63894,550.10204,-215.67441,240.58931,538.25645,-151.57987,244.00924,540.56252,-152.10089,247.45674,542.86602,-152.3256,255.09267,580.2935,-309.35932,258.92169,575.51563,-20.64984,208.94061,565.46776,-216.90029,209.15078,562.65057,-137.79749,214.00055,713.53333,-490.83344,266.16703,682.12387,189.76107,186.13821,905.83054,-582.22143,247.05216,847.92114,151.80525,158.74323,1051.34079,-600.37319,224.29686,983.06511,-67.68795,119.91385,1053.84789,-674.48742,195.46155,983.77075,-78.47827,117.90012,1051.05331,-638.80503,189.35636,984.34029,-140.67163,135.48042,1051.29112,-584.14238,205.16459,987.81425,-102.00313,339.58251,956.11908,-223.85493,365.33804,915.96901,223.8807,598.18525,1016.08017,-191.38537,598.36275,979.26865,366.00011,840.96445,1010.62263,-59.27325,810.65992,980.95497,558.80487,851.27913,984.45473,-46.94216,829.01058,959.10095,579.97805,937.94363,1042.99828,-181.30624,898.74338,1020.6636,482.11939
544,lowcobra,standard,511.69853,138.86898,-141.95443,501.98336,133.73987,-125.39935,500.0567,134.44062,-125.54071,497.92843,135.52671,-125.55766,502.58675,134.10625,-161.50932,501.26762,135.07878,-161.7786,499.59726,136.4065,-161.92647,487.81996,146.68407,-54.09054,489.27245,147.87929,-220.39983,512.84289,150.51806,-112.88978,513.13014,150.61752,-161.98388,473.25873,209.24474,42.84056,491.31823,219.77955,-292.34076,473.05017,308.91506,55.85756,488.57379,312.41461,-334.96149,471.72809,383.57442,-21.373,477.82288,397.75324,-322.21632,481.64263,394.31367,-28.39142,490.7804,404.55294,-363.75968,487.98661,395.73862,-65.44774,496.17834,402.74533,-357.57663,483.97837,394.73573,-39.38953,490.13963,401.10884,-319.87247,455.25851,340.00997,102.88156,463.82055,352.7627,-103.02747,334.86826,382.60263,144.0761,323.31862,391.58431,-113.28371,213.38143,380.82539,227.82621,203.00572,384.52232,-59.21855,207.78635,376.81738,234.74035,199.89743,383.1489,-54.59868,184.23817,404.63761,196.99286,189.22105,420.40937,-122.86638
545,lowcobra,standard,443.87376,68.51478,-75.64558,432.5099,66.0707,-66.8742,430.75171,67.36234,-67.06417,428.90379,68.857,-67.06732,433.33384,66.07058,-92.54976,432.39111,67.33008,-92.834,431.42253,68.94251,-92.97618,420.18968,82.3709,-28.01825,422.41105,83.12185,-146.39398,447.20009,81.23588,-58.31376,447.44328,82.24714,-93.81636,404.6616,151.61432,35.35035,429.94434,160.33046,-198.50065,399.68628,244.70996,43.50061,423.15522,266.1687,-234.19859,416.6244,324.41619,10.07369,431.69418,357.27171,-242.91666,426.50175,326.15542,8.5433,451.37653,364.54077,-284.84491,431.12528,326.80946,-26.99309,453.65286,361.26568,-268.78312,425.84431,328.88415,-4.97727,445.28511,359.34223,-238.44527,359.84868,271.61795,72.78191,375.97537,289.85343,-72.86249,218.28936,305.45355,112.55365,221.69483,326.2888,-73.61906,121.56525,322.00736,168.2076,79.5505,335.60779,-35.92235,108.01691,318.53443,172.45828,74.61622,330.92547,-32.32786,78.81674,319.6118,138.09575,62.68132,364.76604,-87.40153
546,lowcobra,standard,1076.17284,697.65482,-323.35799,1095.92819,685.1722,-359.92809,1100.07804,687.29107,-360.69793,1104.75026,689.77447,-360.57349,1095.7377,683.76387,-277.58893,1099.77455,684.78955,-278.17293,1104.74099,685.9683,-278.39113,1135.75503,712.95215,-474.07414,1134.00692,711.1667,-97.52336,1082.20178,730.38664,-358.13022,1082.30239,727.38855,-254.06904,1116.81806,847.16178,-679.18847,1147.76167,821.95731,173.83945,1112.28874,1024.63805,-863.03372,1140.65157,980.64876,155.71875,1089.57432,1191.90793,-988.45764,1101.88842,1106.01771,-147.27088,1042.97093,1203.75259,-1097.82887,1064.93765,1108.75612,-171.35116,1040.71719,1192.63955,-1059.00833,1060.17032,1107.78162,-252.3708,1058.95114,1191.37977,-973.26887,1072.6953,1111.75271,-192.50244,1231.5344,1118.36401,-291.92205,1259.25147,1064.2203,291.919,1507.9587,1188.58041,-272.54514,1500.17147,1125.96195,601.05619,1755.11124,1207.94394,-122.58739,1710.90071,1129.97312,957.43837,1785.70602,1177.48083,-110.21893,1745.41744,1118.00223,995.19806,1849.41588,1230.30639,-285.19033,1798.90635,1175.11534,917.44408
547,lowcobra,standard,447.56224,182.35218,-13.87034,442.0658,172.74828,0.50557,441.20557,172.67347,0.29573,440.29154,172.52746,0.37306,440.79636,172.96246,-28.86227,438.98767,173.11159,-29.12678,436.99433,173.23773,-29.28036,425.73203,176.28676,58.90229,423.26301,177.20812,-75.94083,444.48057,192.65087,10.34524,442.52214,193.03418,-30.05179,399.14767,229.52377,134.38565,407.96984,232.53782,-139.34863,387.06289,303.99891,171.72161,399.80548,309.83435,-168.2385,390.85139,362.69687,135.53534,398.49289,381.51185,-153.40465,400.0459,366.48278,144.79995,414.39972,384.30005,-185.84968,402.68294,369.95502,110.27009,415.78902,383.48947,-162.72388,397.67895,371.11542,121.58534,409.08921,383.65588,-145.06796,342.85844,329.76234,83.18079,349.58528,342.86923,-83.22938,241.64522,349.61705,134.52945,238.33429,357.91449,-110.92219,155.45517,355.99411,222.4554,136.03786,362.2978,-75.69106,144.98204,344.25077,229.24852,127.8129,350.17206,-71.69241,111.62239,371.62867,191.68071,90.06181,379.51238,-126.35046
548,lowcobra,standard,390.95429,140.72233,-39.66222,384.95886,133.25967,-32.86464,383.40926,133.26071,-33.05626,381.6843,133.2687,-33.01385,385.17949,133.41694,-52.91755,384.01243,133.59184,-53.16578,382.6634,133.69502,-53.28589,369.5468,138.51073,4.93128,371.13166,138.86077,-87.28482,387.14913,151.16889,-22.76375,387.47799,150.9229,-50.65355,350.60295,178.93235,66.43613,358.33007,182.5779,-130.57327,340.4364,243.44838,82.84385,344.67548,253.83749,-184.25369,368.5998,285.4185,63.45481,384.09692,315.23688,-223.44437,382.81876,283.79401,69.80814,401.78484,320.34048,-264.5016,384.6724,285.34853,38.57747,404.77365,315.46433,-235.23423,379.56914,287.13217,51.10848,398.01359,314.02087,-215.31135,279.74942,265.57811,60.81448,282.11996,279.44248,-60.84433,178.29031,274.59529,92.00609,166.27368,285.70533,-69.14781,86.87413,278.88706,140.74257,68.72885,284.95208,-55.38778,78.27996,267.63622,144.1202,58.43551,274.17823,-53.49292,36.92071,289.99297,103.06814,21.7148,297.01163,-104.22948
549,lowcobra,standard,124.87155,212.12264,-89.81061,133.23548,207.72552,-96.42293,134.82101,208.61183,-96.61053,136.27815,209.49475,-96.57347,133.27216,206.68485,-78.25383,135.03396,206.97953,-78.52211,136.99801,207.49989,-78.62255,146.28624,217.11451,-114.75959,147.00233,215.88564,-32.23349,126.46329,222.63878,-94.16716,126.41706,222.07298,-72.0185,153.15788,276.83507,-148.6911,172.45929,258.01454,41.46118,157.67082,342.81263,-157.59211,181.0795,314.70322,60.91685,168.37172,395.78877,-164.58552,184.28542,360.03903,25.55567,152.82999,399.90303,-185.59541,175.6065,365.08371,27.41097,152.7557,397.84455,-177.4995,174.86079,366.62401,4.87923,159.59857,397.56931,-160.59597,179.01264,367.41042,14.80764,222.05187,354.44587,-60.90932,227.95887,336.26405,60.85975,328.22827,359.52859,-65.91732,321.95345,342.13598,81.07796,422.10686,361.42053,-56.37864,409.27032,339.74248,121.17215,429.08243,351.06315,-57.00013,417.03095,332.38149,125.69383,462.82836,364.41019,-113.90374,440.29256,357.48056,89.07767
553,lowcobra,standard,128.52939,65.72891,-129.71825,136.39553,61.53146,-137.24898,137.99116,62.21888,-137.50192,139.65798,63.03477,-137.46655,135.14847,61.11071,-115.99012,135.70969,61.60157,-116.18829,136.25624,62.11495,-116.29539,149.43949,71.9237,-155.91551,144.68011,70.63342,-59.80664,128.46685,74.71804,-134.8901,127.61556,74.28693,-108.47288,168.66488,117.42849,-193.41482,137.33873,118.1276,10.70045,189.84871,173.4579,-212.97867,150.05944,168.64155,15.33638,195.92606,227.8661,-232.39016,149.17921,215.63376,-74.43371,188.66108,236.4022,-262.10375,140.03278,221.09582,-91.53301,183.70864,234.89313,-260.48056,139.74722,222.63064,-114.50298,184.40116,232.37952,-231.54325,144.94943,222.20033,-87.62319,213.75952,202.58679,-64.16366,194.23615,203.96608,64.14634,282.72527,209.76863,75.01061,267.62151,203.58296,190.13626,344.66163,206.31491,215.36835,319.6804,202.36625,358.9996,351.30281,199.77918,227.07764,324.28127,209.48638,375.67832,365.07552,215.42198,172.98587,335.85307,212.36112,342.87995
554,lowcobra,standard,785.13201,246.26983,-373.55337,775.3869,226.64074,-341.61312,777.94719,226.68299,-342.29783,780.59931,226.50033,-342.15657,764.75148,227.40937,-381.78874,758.25342,229.31676,-382.54659,751.70019,232.22874,-383.09826,754.46714,241.37846,-196.12418,722.76396,248.86148,-379.48655,789.41319,270.58133,-315.10062,776.533,272.37857,-371.33828,795.04619,380.43871,-85.28986,671.59048,384.94468,-405.47793,796.21786,561.67533,-47.04243,652.54921,575.90432,-446.27258,786.55303,714.53917,-135.76691,637.92097,733.74058,-502.4698,809.56413,723.23845,-147.63628,645.03838,754.6388,-577.35304,805.90857,730.54885,-211.28874,667.44962,749.17668,-575.83331,786.83639,730.60173,-161.63642,671.68571,744.98553,-506.54088,660.3626,670.54579,90.91192,594.53046,663.32326,-91.33705,445.71135,673.4325,506.70767,386.10069,674.45727,192.99362,313.67545,681.50646,901.67,206.84305,681.96585,534.67497,297.14954,675.94706,934.77878,186.79036,663.47603,567.58302,233.41755,686.58925,830.95609,138.42439,703.13735,435.44325
556,lowcobra,standard,292.28531,148.30917,-33.1909,286.5365,143.74814,-22.9472,286.07747,144.13896,-23.10122,285.63694,144.48381,-23.05523,285.42258,144.73331,-42.54635,284.0605,145.95704,-42.7299,282.67455,146.87689,-42.84456,277.23825,151.99124,16.32656,274.88045,154.07799,-73.86566,292.28176,156.39629,-17.59792,291.21041,157.09756,-44.59635,278.52015,189.27726,66.26656,276.82661,194.52734,-124.67475,284.13311,235.41414,67.18157,292.00051,241.24203,-170.72951,298.16133,274.86201,20.64249,305.74908,285.56427,-195.18946,310.65602,275.19161,21.85897,319.21482,286.53065,-227.43663,312.07547,276.8678,-4.14764,318.95118,285.00149,-209.91554,307.43992,278.539,9.10416,313.72525,285.80866,-190.23672,243.84209,255.32729,56.65945,244.66016,265.31207,-56.68914,169.86958,269.05884,100.63621,166.47468,276.66624,-48.76478,106.36146,271.81701,159.51997,96.7301,277.45219,-5.74386,100.52398,265.29427,163.98288,91.3838,270.56649,-1.41151,80.02641,279.39264,136.97683,71.12408,283.04199,-38.29037
557,lowcobra,standard,362.57436,83.24447,-290.47503,361.87778,69.26258,-269.26242,364.69113,69.11931,-269.53733,367.25546,69.19136,-269.53717,352.24961,68.5557,-288.60599,348.25122,68.5895,-288.93102,342.38033,68.62967,-289.1495,356.69596,74.72511,-170.16599,323.51335,76.46565,-258.94654,365.3296,94.51568,-252.14725,352.8819,95.33904,-279.18232,380.53472,148.85782,-109.74189,283.86154,150.2084,-256.86445,395.35317,245.33217,-113.53525,297.22327,254.03852,-297.22162,416.4245,333.78287,-169.74499,295.43161,346.74718,-328.36715,423.85705,349.99003,-185.69993,293.87457,369.94434,-368.40277,424.24593,351.51252,-217.07177,305.42232,369.46076,-374.72298,418.68961,346.89949,-184.10531,307.29092,362.05104,-333.47676,318.21417,300.64353,41.61597,282.00046,294.66007,-41.93441,246.04897,317.51947,280.5758,196.90597,318.2283,134.19971,185.17381,291.24125,514.30714,125.91543,299.15223,316.24353,178.10869,284.30287,535.98847,123.72231,293.44036,334.21805,150.24247,301.26422,507.35285,92.86471,306.43125,287.16483
558,lowcobra,standard,346.60811,75.72834,-46.42353,338.33945,76.04072,-38.45236,337.50402,76.6805,-38.63861,336.67852,77.2981,-38.57259,337.99554,76.577,-55.51893,336.83554,77.6781,-55.74029,335.49591,79.04985,-55.86132,331.37719,86.95684,-5.56918,330.19535,89.03017,-84.13624,349.54242,83.53036,-33.01174,349.01805,84.14479,-56.7719,331.48228,124.82289,42.23641,332.03022,132.77971,-121.56045,322.95819,184.20135,55.3468,326.32141,192.98391,-153.31334,325.68707,230.70681,37.4706,329.7898,242.1151,-179.33221,337.39429,233.61639,43.38288,342.16444,244.46842,-210.2042,339.19229,235.72823,16.24272,343.29625,243.70022,-190.84218,334.35414,235.65273,27.2262,339.15798,243.48347,-173.97999,288.12193,204.16334,56.91212,290.63972,212.73149,-56.99065,202.48826,221.98944,95.71957,200.68725,229.68351,-57.31039,131.5965,228.21354,146.36149,120.14773,235.92735,-35.63318,123.88386,220.58661,149.8732,112.82142,229.03631,-32.52946,99.95515,238.60123,113.99459,87.83587,244.91608,-74.50074
559,lowcobra,standard,115.535,61.21437,-37.80575,123.83913,59.11419,-46.51925,124.97089,60.40655,-46.70968,125.99847,61.8341,-46.69593,124.13557,58.35551,-23.70241,125.56543,59.37858,-23.87609,127.01137,60.6009,-23.93396,132.74054,72.71792,-77.82476,133.75679,71.86031,26.42973,114.45664,70.59454,-47.7296,114.65128,70.11924,-19.10881,134.59727,116.52267,-140.3518,141.42514,113.31437,98.01047,149.81723,175.89418,-169.31234,155.25506,166.9345,95.96847,148.64835,227.18793,-180.24074,153.25224,213.394,23.72005,135.18591,228.2355,-205.38998,143.57248,216.45176,20.00833,131.14767,226.71243,-194.73853,140.85112,217.3888,-1.62869,136.96126,226.3485,-175.25594,144.7171,217.88238,11.67389,181.06636,198.46772,-77.87613,184.92862,190.92999,77.89767,269.85488,214.43542,-77.26344,268.96615,204.74003,103.0848,362.13228,221.49974,-31.98713,346.18478,210.75348,158.42391,366.4818,211.74374,-28.17128,351.09295,199.95687,164.22156,387.90936,230.54814,-83.50185,372.47198,221.28774,123.72568
560,lowcobra,standard,109.4416,112.68489,-21.27672,114.68511,106.39606,-29.56083,116.00174,106.81384,-29.7283,117.15793,107.10679,-29.67859,114.48014,105.84373,-9.03013,115.49124,106.07036,-9.30335,116.46471,106.10907,-9.4045,127.99547,112.1182,-53.99754,126.80677,111.51841,39.07612,112.60532,121.55057,-27.33813,111.90366,120.99242,-2.08098,129.68501,155.42527,-99.52767,150.5953,151.07111,106.0658,132.06246,219.40845,-128.24321,155.00377,209.73225,108.89981,124.80542,279.40934,-145.89974,147.84718,259.60598,52.5949,109.6964,282.32313,-168.78037,140.91134,259.42892,51.25067,108.89437,280.49732,-155.1869,137.84568,260.95031,30.40437,115.34524,281.25408,-139.79075,141.53011,262.94492,41.57539,180.77075,241.22173,-65.94579,191.24627,231.16646,65.88259,277.49354,280.25907,-80.33769,280.81975,262.56617,79.01085,374.89564,286.35242,-72.03777,362.64868,271.08822,104.42126,381.30052,271.78922,-72.36863,374.54576,261.69891,107.21283,418.81148,297.58924,-124.79727,404.94953,286.60327,67.00482
561,lowcobra,standard,473.44154,102.90301,-179.6706,461.70731,99.09732,-164.19533,460.63393,99.5773,-164.41206,459.39346,99.92999,-164.39322,461.03249,100.57718,-198.90223,459.28188,102.37354,-199.20752,457.04414,104.73404,-199.34879,445.23552,115.59837,-90.07787,444.12807,120.05777,-250.41557,476.72245,116.73036,-149.97172,475.36224,119.25919,-197.57225,431.28727,190.55294,20.18018,450.31334,198.3523,-319.34744,436.38954,292.96741,46.46593,467.57439,301.2174,-384.18335,461.10298,374.17732,-1.63259,473.24364,391.63455,-417.73067,478.31837,373.49594,0.11759,494.74953,395.81499,-476.56193,482.00134,377.01342,-47.76259,496.68007,392.39588,-453.59409,471.10332,379.05227,-22.03967,486.36349,391.58294,-411.90159,378.21251,311.79909,108.00716,386.52992,328.93456,-108.06986,250.56351,351.29133,148.12536,250.04326,361.21667,-132.18425,116.43499,367.47419,228.0892,108.82431,372.0279,-91.33925,102.60239,350.83352,233.41368,96.93666,355.94596,-87.70247,49.71539,384.0924,164.18552,40.33009,388.63636,-175.81417
564,lowcobra,standard,172.35027,158.40896,-22.08216,177.33673,150.12268,-32.38212,178.67657,149.92306,-32.58383,179.8503,149.82591,-32.52797,177.56758,150.07337,-9.06164,179.05364,149.91547,-9.41217,180.41905,149.77337,-9.54138,191.93495,153.9071,-61.55055,192.30079,153.70859,43.55476,177.58241,169.21701,-28.97443,177.78805,169.30226,-0.65971,202.3713,208.99798,-112.05522,225.54264,203.17045,118.20107,209.94295,286.35621,-143.78235,237.20296,275.75107,111.57084,215.71586,355.4482,-157.57022,241.2823,333.96548,39.97453,210.33269,363.59134,-180.68337,239.41712,342.06805,36.57036,209.02555,362.01447,-169.80868,232.71012,341.7488,14.15736,213.14018,359.91691,-152.17015,235.40862,340.86129,27.43347,261.6392,313.80633,-72.77849,276.38919,301.5169,72.64802,382.39626,355.96042,-75.75984,386.75057,338.19119,79.27662,496.17543,361.05894,-59.86384,492.57647,347.64613,105.81195,507.49497,347.63144,-60.29963,504.06162,336.66449,108.47004,544.36486,373.90071,-124.7144,530.68654,379.42291,59.55918
565,lowcobra,standard,210.88695,154.3618,-38.21036,215.08913,149.82033,-44.66233,216.35535,150.14381,-44.79196,217.62024,150.50244,-44.76303,213.90295,149.40944,-28.31014,214.2864,149.48285,-28.45581,214.59247,149.52124,-28.51562,224.1092,154.42881,-63.69147,219.8898,152.98607,10.12797,213.26582,160.07086,-43.65183,212.02856,159.45175,-23.29316,233.90598,181.94742,-104.5222,234.31284,176.76311,64.77018,232.6837,223.37343,-124.57917,235.03307,216.44218,68.9244,228.96221,262.17884,-124.7061,228.29182,250.03208,15.24552,219.56036,263.46676,-143.74147,219.09874,250.65403,11.38159,218.04978,262.55093,-135.69329,217.59983,251.74097,-5.78967,222.1704,262.53901,-121.28107,221.81002,252.5844,5.96576,283.125,234.57079,-55.11422,281.57524,227.93465,55.10421,342.65706,241.94679,-21.0194,339.44396,237.91683,90.30176,396.53926,242.45802,20.86601,390.36047,240.2968,144.10094,403.84605,237.72894,23.68528,397.07784,234.88626,149.5401,406.0505,255.04803,-14.1915,395.81246,251.47774,123.56528
566,lowcobra,standard,588.1499,346.01914,-1552.97452,642.10887,317.85684,-1591.45454,654.47109,325.09174,-1592.56004,666.59254,336.5128,-1592.59023,624.03785,299.35811,-1507.68884,621.09899,293.28972,-1508.72058,617.58763,287.32782,-1509.46949,740.69731,396.44776,-1582.22082,667.34349,290.23725,-1206.62696,594.01134,417.86666,-1524.49933,562.9123,393.86128,-1421.04875,853.47634,766.4055,-1483.12631,636.54457,541.91202,-796.28818,947.62662,1163.49495,-1483.83312,613.32838,879.06321,-488.42132,724.3215,1505.91062,-1642.34425,494.33809,1078.94066,-603.62429,647.34474,1584.63886,-1858.68541,416.40508,1105.85191,-721.27909,612.89207,1511.85259,-1878.32003,408.67172,1115.88038,-855.66572,639.72497,1485.00242,-1659.23454,440.48654,1117.41875,-668.95046,890.53336,1129.49243,-221.88135,765.62916,1017.60251,221.33831,970.15938,1196.30538,1012.90114,932.24534,1031.67351,1287.58541,1068.33411,1132.68809,2254.356,957.64385,1147.75381,2549.79981,1113.13436,1133.94058,2373.83518,974.19191,1177.9917,2684.89063,980.95523,1125.37794,2240.58196,862.19835,1170.27026,2630.02983
567,lowcobra,standard,26.55712,46.54692,52.72754,32.05177,39.80157,37.9821,32.31711,40.291,37.80794,32.34837,40.7024,37.79722,35.58474,38.78465,52.97334,38.30918,38.74129,52.64273,40.94013,38.49658,52.51599,40.68261,45.30752,-7.34199,53.24928,43.37799,60.61634,33.31368,58.7673,41.12868,38.14114,58.16852,59.03509,42.20436,107.56174,-52.66144,86.47312,85.76569,96.63137,52.8823,210.31423,-55.93858,124.04765,172.6883,102.22334,69.81925,288.00973,-25.9251,114.53359,237.37131,82.1408,50.37395,290.44556,-38.04338,105.50772,241.67306,85.4621,52.39678,287.53242,-30.67405,101.7357,242.14983,64.04662,59.70213,287.34857,-21.19765,105.60186,242.43019,72.34157,148.92965,220.97708,-45.33105,165.81962,198.53412,45.08218,260.5407,270.73167,-112.45391,284.53461,232.01624,26.36799,389.37371,287.2265,-189.79897,407.98312,245.96847,-37.80811,404.8369,272.27137,-197.15693,416.28421,243.01811,-42.13505,450.93725,306.00058,-245.8588,464.6279,275.76423,-86.61419
569,lowcobra,standard,2329.65813,798.26944,-348.69433,2265.90844,778.51511,-277.01022,2259.10619,783.57561,-278.22393,2251.44632,789.30861,-278.04876,2263.0267,783.0389,-438.38367,2255.06225,790.97634,-440.20481,2245.7525,800.06181,-441.21004,2196.33381,870.20666,26.16121,2198.27415,878.94923,-719.50453,2345.30175,877.45688,-223.32159,2343.01629,885.91745,-446.2973,2115.04036,1230.21062,497.82808,2244.11406,1298.096,-1077.35502,2077.47482,1764.49349,657.17851,2182.44904,1866.04563,-1275.676,2134.45907,2138.96674,445.73008,2233.68159,2337.48733,-1365.78348,2227.5603,2126.8118,473.72279,2361.66597,2364.33738,-1625.9926,2252.57476,2135.58811,261.50983,2376.99519,2343.94843,-1482.37112,2208.35185,2153.27665,359.15241,2321.53524,2333.37475,-1319.12095,1809.65576,1946.39411,490.48368,1889.08515,2061.17531,-490.84318,1085.06938,2116.21197,792.15548,1060.13236,2244.74652,-436.2563,448.04073,2135.68659,1247.3768,325.70736,2234.82733,-188.51016,348.57535,2061.99631,1287.81095,239.68385,2164.88816,-160.74583,158.80233,2271.33843,1050.71016,36.65218,2336.1938,-520.77568
570,lowcobra,standard,115.75479,73.77456,-297.67093,128.42996,66.5395,-298.73071,131.84604,68.34594,-299.02563,135.74954,70.80234,-299.05762,123.25834,64.03558,-280.94925,122.71795,63.63297,-281.20988,121.93865,63.05779,-281.38367,151.88325,84.55416,-287.67335,135.72962,73.48743,-205.90239,118.04366,88.56115,-291.86255,111.41635,86.91325,-269.5919,177.44254,161.85639,-282.07893,142.2404,134.46674,-121.26966,201.40011,278.99359,-279.36167,145.61746,232.58838,-76.81628,185.61541,368.60973,-279.85657,121.2079,309.29879,-96.65648,171.82534,381.4519,-312.45506,105.95334,318.13337,-106.59144,160.61932,374.29484,-320.31079,102.52999,322.46308,-137.28595,162.50544,370.7002,-283.28777,112.58985,322.94923,-110.76403,217.56588,266.76,-49.35591,189.51202,262.54025,49.094,342.38686,292.1932,-0.24269,187.48881,283.5821,225.95958,413.55547,261.13886,100.82995,120.07849,306.21518,350.72762,424.605,260.2699,108.93663,122.83976,317.28371,363.26989,425.21548,258.25289,68.07263,80.76823,316.6899,352.99036
572,lowcobra,standard,708.37317,231.74905,-109.21453,703.19336,216.79622,-90.32481,701.75952,216.52275,-90.65446,699.95923,216.0455,-90.56973,702.01013,217.66688,-131.96242,699.20209,218.00652,-132.3154,695.53467,217.66547,-132.51886,680.75397,216.85799,-3.9497,673.53906,218.84545,-194.56369,700.62427,243.75263,-73.17738,699.35718,243.51364,-130.22609,652.59619,289.78384,114.30083,635.58441,300.70071,-276.1127,624.50916,385.12456,144.08893,627.60248,404.6086,-331.16165,632.44653,470.25888,63.86755,645.29376,493.75436,-338.03152,653.54456,477.27374,69.42224,665.94531,501.0443,-392.73169,658.38062,480.17331,17.34249,669.99286,500.01535,-360.06674,649.45874,480.22709,41.53905,662.10193,498.3532,-327.36368,552.03296,428.94974,118.80078,549.96735,443.43773,-118.8089,406.11029,463.15333,196.41383,397.44815,478.68703,-141.09032,273.36633,468.23613,306.7106,251.11435,480.32768,-90.78621,261.57916,452.82024,313.86462,242.08841,462.3355,-86.55146,208.2081,482.33277,244.53743,186.3378,491.4628,-182.02917
574,lowcobra,standard,238.62887,198.73332,-15.69329,234.64449,195.20295,-5.72105,233.93709,195.65771,-5.83158,233.27173,196.03238,-5.78228,234.53111,195.17439,-24.55632,233.78265,195.63582,-24.71134,233.02095,196.06499,-24.80832,227.01443,200.05082,32.38395,227.25476,200.42753,-54.53585,237.58873,205.04115,-0.58137,237.31184,204.99222,-26.37892,215.05019,225.16033,79.69662,222.22921,228.23479,-102.31918,207.79462,263.34151,92.84491,214.59197,266.35953,-148.07895,203.48738,291.8231,62.28971,206.85137,302.38684,-171.89545,208.33862,293.94153,66.3551,214.689,305.79605,-198.22753,209.47327,296.21535,45.48576,215.40685,306.18092,-183.90585,206.83873,296.72188,53.27595,211.52995,305.28959,-167.59101,184.33874,278.20893,56.26331,187.60765,285.22566,-56.25935,130.89144,290.08685,99.15942,130.01249,297.26804,-63.06158,82.93599,293.89307,153.71903,72.41417,304.30243,-29.92562,76.9033,289.15447,157.72232,68.97316,296.76094,-26.7468,59.97956,302.2712,134.93896,50.65593,309.40049,-60.84456
575,lowcobra,standard,70.48955,93.19644,12.10555,73.89563,88.39978,4.90459,74.94118,88.66993,4.78345,75.89256,88.82638,4.79688,73.6724,87.97379,22.5693,74.57805,88.02208,22.41848,75.56502,87.98858,22.34811,84.38715,90.56214,-20.8223,83.6927,90.03847,59.18517,73.27229,98.65994,3.7333,72.69143,98.27368,25.86057,93.08111,119.45678,-71.69552,96.27339,117.80155,101.92028,88.871,160.415,-114.71927,85.75602,156.33929,84.52246,76.38881,197.04535,-133.77028,77.87401,188.92866,12.03494,67.64394,197.20979,-155.46975,69.76185,190.62216,5.30371,66.45099,196.94384,-145.48084,69.20127,192.35979,-10.98999,70.37546,197.20306,-129.91127,72.9056,192.73661,2.05493,132.83335,180.0324,-52.06676,131.62192,176.61909,51.98427,197.382,190.66282,-47.24309,197.59006,185.30498,55.1139,264.9642,192.24809,-34.01138,258.36875,188.71284,85.44612,269.31961,182.73897,-33.67072,263.41819,180.05308,89.08002,293.56918,199.23673,-75.31902,281.9725,194.49565,59.97366
576,lowcobra,standard,137.09956,214.34704,-448.38943,154.01642,200.76621,-447.23031,160.52903,202.23824,-447.61112,167.66004,205.02768,-447.62955,144.17152,199.44806,-415.79386,142.11082,199.2879,-416.17593,140.29797,198.91412,-416.46323,190.00102,223.78054,-410.28793,153.14558,211.87979,-268.8644,145.73738,234.91101,-432.97005,133.2888,232.00329,-394.00251,246.49594,321.91686,-406.24152,126.01576,321.27064,-168.74025,247.78925,481.45136,-450.21209,126.24357,454.97289,-178.84327,245.11575,622.5147,-491.25899,104.30901,585.64015,-302.743,230.20015,648.02053,-546.83136,78.73053,602.89379,-345.19026,213.60151,639.90984,-564.49762,83.02774,607.08351,-385.90603,215.91167,632.75396,-499.38736,100.25847,603.79506,-325.34598,266.32248,496.0265,-62.34379,204.46911,501.24569,62.12004,392.03923,561.24886,146.96857,327.40405,525.30888,268.5852,463.80385,500.67295,435.60258,421.47222,497.6987,574.09876,482.54167,512.92656,461.97168,429.16603,488.95353,605.43463,490.23841,509.89656,368.50927,439.89134,532.23858,526.51528
577,lowcobra,standard,1732.89178,1456.25353,-78.22601,1799.51435,1414.93773,-150.3871,1809.7753,1422.86481,-152.17335,1819.64828,1432.4849,-151.73805,1803.83367,1408.2185,78.15774,1817.71415,1413.04723,75.90912,1831.5948,1419.35261,75.21765,1909.01038,1515.41576,-457.56174,1914.65978,1505.59082,578.44511,1739.45904,1551.87215,-177.35883,1743.09214,1545.41279,106.38567,1905.40875,2012.0803,-1085.26974,2052.19696,1928.30857,1203.62784,1937.43145,2639.30236,-1276.59146,2056.20747,2511.57975,1113.38779,1914.3232,3138.29925,-1205.14396,2064.10448,2971.11619,348.58257,1758.27242,3127.64092,-1416.24059,2006.66868,2957.08815,306.59954,1746.76373,3107.40925,-1294.05199,1906.03655,2983.81108,104.69337,1823.44021,3119.69263,-1143.96769,1978.53548,3002.75512,232.59377,2534.07565,2761.41316,-754.32935,2573.50313,2667.61821,753.98934,3399.17238,2915.52709,-331.87057,3431.09215,2867.41228,1114.27577,4240.17571,2958.90355,236.7722,4191.13568,2910.13622,1775.89579,4337.08553,2857.67269,284.13204,4280.83453,2816.04402,1846.02978,4532.295,3055.64265,-176.54414,4425.44375,3010.48136,1501.17794
578,lowcobra,standard,961.40856,215.97041,-330.62514,936.58955,205.22226,-300.47921,933.4385,207.49129,-301.00534,929.82913,209.83767,-300.88706,934.96475,206.89663,-368.26902,930.88139,210.5145,-368.88922,926.40076,213.86828,-369.20172,900.75861,240.12214,-161.04812,901.90843,240.39554,-475.00921,962.58046,246.10971,-274.74554,962.5504,246.83856,-368.5599,870.04516,385.61182,31.1946,917.3359,400.56848,-604.24957,894.48596,588.53482,89.48627,947.84517,613.93478,-741.88209,933.22154,753.80072,29.81087,964.64988,791.61357,-811.53809,969.57319,756.83049,41.60941,1011.57597,803.2038,-929.21737,977.90449,765.71164,-55.75495,1013.69591,798.15305,-872.56214,958.85299,768.72789,-9.57458,996.44736,795.66546,-797.17714,773.62479,636.56497,200.83201,786.24494,671.87061,-201.01814,505.00743,708.66578,333.10911,500.22344,729.81436,-244.28136,241.76578,737.37238,534.46584,219.36088,750.92091,-170.18371,210.94222,701.89716,550.36256,194.52502,713.07441,-161.88865,105.16029,789.4465,428.71932,83.11586,798.64418,-322.62579
579,lowcobra,standard,78.25456,63.47948,-52.77151,83.22846,58.84156,-61.21109,84.55789,59.61866,-61.37091,85.78263,60.23813,-61.34119,83.08197,58.46683,-45.78402,84.2939,59.00001,-46.00019,85.57694,59.49763,-46.07168,94.74308,65.18033,-84.41271,93.87588,64.09675,-14.42227,80.6202,71.38891,-58.68507,80.51319,71.52317,-39.79153,110.41018,103.35993,-114.51693,113.94669,93.67925,46.73769,133.85506,152.43871,-127.27613,131.26219,136.97374,59.01984,106.11636,190.70732,-133.13228,110.94269,168.69654,14.83614,94.10282,195.7619,-151.19209,100.86613,168.64556,13.87991,90.86477,191.32095,-139.12445,99.06395,170.73191,-3.53649,96.04851,190.06838,-127.54442,103.23412,171.04019,5.79672,169.86792,170.95113,-50.81322,170.89606,156.31004,50.80388,254.87787,179.30385,-37.54515,246.07148,162.59524,77.40954,331.23704,179.27043,-23.25858,310.6199,158.82002,131.01319,336.70324,169.14377,-23.11533,321.05708,155.03069,136.81672,364.13943,187.07113,-67.8587,333.41376,178.05879,108.86703
580,lowcobra,standard,480.20875,244.67508,-131.0948,470.83189,237.13326,-119.49789,468.88744,237.73481,-119.79338,467.03253,238.18704,-119.70632,471.175,237.565,-146.19164,469.48657,238.51245,-146.52847,467.58657,239.46952,-146.73891,452.03226,249.10684,-65.05135,452.46649,250.37046,-187.62914,476.26394,261.223,-107.12618,476.59307,261.48518,-144.24641,422.27894,302.41284,16.69501,441.25056,317.32117,-234.34081,418.79582,396.48263,30.3518,433.36329,413.54638,-289.45139,430.18008,465.30672,-9.88685,438.30628,493.93344,-303.04145,445.79526,466.48697,-6.41659,458.41219,494.17055,-344.38051,450.48594,471.34541,-44.85653,459.6409,492.69015,-321.81441,441.36661,473.69349,-25.62978,451.21633,492.82955,-296.70362,364.20443,421.89345,81.63533,368.4444,437.30961,-81.70902,254.09628,444.55758,173.17393,242.23702,452.9201,-50.63995,152.64015,446.71372,261.80082,129.89776,453.1949,1.71621,141.86789,433.13692,267.23263,119.07685,439.89837,5.94906,115.43246,458.25509,221.02409,78.42116,466.34542,-57.39414
581,lowcobra,standard,258.09514,69.52025,-48.34085,252.38124,65.99503,-42.02579,251.65585,66.44125,-42.17521,250.90533,66.98618,-42.14364,252.0014,66.48041,-55.30254,250.89191,67.53435,-55.4912,249.49179,68.82544,-55.58759,243.90686,73.54349,-13.28406,242.53301,76.1613,-73.85697,258.55634,77.17778,-36.11368,257.82206,77.7683,-54.51064,238.3657,107.34017,25.35409,247.67758,110.6224,-94.26231,245.35683,156.75162,27.76273,258.05267,161.63185,-110.96568,254.88753,194.03659,0.02451,265.56138,202.65094,-118.32318,263.93603,198.40309,0.12651,272.30515,207.21104,-139.37061,265.19776,200.16447,-20.03532,273.40589,206.61776,-129.7781,260.65226,199.96254,-8.46139,270.55122,205.98055,-115.91677,215.76046,176.65063,38.36527,218.53264,183.22825,-38.42427,144.57627,195.73739,54.14569,145.77423,200.95137,-48.00825,78.22298,201.38566,85.44347,68.38087,204.46681,-36.65755,72.37376,195.75434,87.33999,60.28244,199.32851,-35.44325,51.16396,210.33097,58.36841,37.38317,214.44705,-72.39479
583,lowcobra,standard,159.10641,158.23641,-104.31099,165.57208,147.48125,-124.82904,167.78504,147.70987,-125.07314,170.05773,147.97587,-125.04015,165.00056,146.61073,-86.07122,166.72412,146.44995,-86.3613,168.77064,146.19613,-86.49952,186.72134,153.75871,-184.77541,186.07895,152.3834,-8.49832,165.6717,170.34295,-121.9172,164.63406,170.0238,-72.87963,205.65127,221.94142,-261.05819,218.96591,205.85862,104.35917,159.58997,292.72882,-329.11279,203.81043,280.35027,103.7028,125.3311,363.66716,-346.34238,160.87936,336.94891,-23.56352,100.72288,367.75751,-392.8483,148.59398,337.8199,-36.07113,100.11409,364.90518,-372.83809,145.85285,337.84183,-73.26349,109.55737,365.41912,-338.37241,149.81381,339.71072,-44.316,263.3522,324.42912,-110.69264,271.001,308.00068,110.57261,407.94309,342.31948,-81.17933,402.61098,335.26695,166.63704,534.95996,346.54681,-63.83601,527.13177,338.16469,220.14253,547.61683,334.34964,-65.30887,539.31196,324.17012,226.29543,585.1031,369.15619,-158.29413,574.35149,358.0315,160.04672
584,lowcobra,standard,283.86108,89.08265,-356.89732,287.24127,82.73862,-337.6923,290.76664,83.39535,-337.99141,294.32434,84.1866,-337.9467,275.68951,81.6286,-346.71215,271.6045,81.95448,-346.99516,267.79547,82.59282,-347.20531,294.58981,91.76464,-233.45209,256.40507,93.78868,-274.4223,290.13437,102.37085,-316.41251,275.17071,102.22421,-329.54811,327.63977,162.98345,-168.68738,226.78373,165.64449,-246.1561,331.83849,244.49525,-156.97591,220.19722,259.48545,-265.25579,340.65071,317.71603,-253.03686,220.86025,332.09314,-349.60369,354.65858,330.33194,-288.17013,218.43239,347.34125,-399.76711,349.10408,333.23582,-320.168,230.67429,343.09575,-419.26003,339.72649,330.3308,-268.9098,234.36562,337.80144,-361.12629,288.92563,285.42457,20.30969,239.34458,289.55028,-20.62597,273.62289,282.503,342.39784,213.92109,275.15329,245.3598,250.96016,252.09319,664.69193,170.9338,268.94045,538.74229,242.53307,245.83421,695.02136,170.95869,256.91901,567.5843,231.97451,266.53531,649.32808,165.22041,276.2791,512.02251
585,lowcobra,standard,195.37713,128.22279,-24.66279,190.156,125.21499,-16.42221,189.32313,125.48351,-16.54231,188.43351,125.80091,-16.5071,190.20118,125.41624,-30.68756,189.42439,125.86652,-30.84212,188.44027,126.52512,-30.93069,182.46066,130.73185,14.55534,182.46407,131.79982,-51.4433,195.17109,134.5131,-12.58609,194.91168,135.02263,-32.37268,182.61494,161.15644,47.99802,185.88516,163.18679,-85.65142,184.20084,202.11979,50.04392,187.10613,205.47892,-116.61543,190.54338,233.7463,21.84908,194.09685,243.87006,-133.33261,198.45219,234.44181,21.96426,204.43054,245.47241,-156.28144,199.95572,235.78636,3.83598,205.46007,244.46925,-145.55651,197.31009,236.80403,13.9147,202.15882,244.24037,-130.33748,159.82271,218.5193,40.93524,162.16235,223.80147,-40.98356,101.02174,226.77199,78.9028,98.55438,231.77462,-33.84733,48.32265,229.40873,123.35742,36.00688,234.00306,-10.09249,43.38571,221.92051,126.87266,29.61695,228.18777,-7.69343,31.64642,238.93849,106.44191,11.26596,243.47811,-39.87922
588,lowcobra,standard,720.19029,297.98825,-140.9155,706.8399,297.82944,-120.37896,705.2433,299.07401,-120.69231,703.82288,300.44772,-120.6301,707.53512,299.53204,-160.30977,706.18165,302.10096,-160.72007,704.74484,304.84531,-160.99743,697.62146,317.98301,-39.86144,698.81222,321.11971,-224.82727,724.80991,310.66758,-110.00787,725.12062,311.81429,-165.04893,689.08567,383.96156,88.48632,714.57095,401.3998,-326.91014,676.75037,485.94695,113.20774,699.27664,503.76764,-430.69618,683.01008,573.45799,38.56442,698.05162,595.26915,-501.78355,701.88704,577.89092,44.53384,721.52953,602.16639,-568.83763,705.33085,580.05077,-5.50438,721.60134,598.51558,-538.08635,696.08002,580.54663,16.81878,712.65435,596.96153,-493.77168,614.20469,510.61817,137.96963,629.47826,535.73193,-138.0076,478.97093,551.09905,213.46793,480.59642,570.92015,-161.03513,352.34056,572.62737,299.98527,336.58308,586.70983,-109.60727,332.26358,556.78242,304.54853,319.95013,568.77693,-104.48224,292.07016,601.04748,230.71384,273.62205,614.06654,-202.4214
589,lowcobra,standard,299.12515,71.28206,-91.62315,292.80007,63.81593,-78.51797,291.5143,63.91255,-78.6995,290.15317,64.05958,-78.64695,292.33053,64.59081,-103.32659,290.82186,65.39769,-103.5394,289.2736,66.04435,-103.66793,278.82681,70.39052,-23.93298,277.48294,72.12848,-138.05395,295.36538,80.58515,-69.81614,294.32931,80.98521,-103.76406,264.00785,105.14623,44.94523,267.91658,111.10021,-186.78627,261.61182,159.44831,61.50544,262.61542,166.46013,-242.10298,268.72425,200.8777,17.41723,270.89574,217.31135,-276.96333,280.669,203.22736,18.4227,283.52849,220.24982,-313.5489,282.24528,204.80738,-10.80604,286.14874,219.04668,-295.62216,277.66676,205.55103,4.37269,281.38447,218.62768,-271.66495,229.72052,182.32441,70.22587,233.61363,195.08238,-70.25804,150.69954,197.95852,120.01662,147.60437,210.73248,-72.55318,81.16724,200.75734,179.5661,66.0645,211.0149,-50.53077,73.30179,188.69087,183.54294,59.21055,199.63006,-48.89743,45.339,212.74146,148.65416,26.4652,221.7549,-103.34743
590,lowcobra,standard,145.12871,92.74764,-43.94193,148.25917,91.37323,-48.91405,148.9709,91.79105,-49.02007,149.59693,92.19223,-49.00385,147.81701,90.9866,-37.11812,148.26073,91.22788,-37.18885,148.71045,91.44561,-37.20865,153.11694,95.78482,-66.02998,152.53935,95.30593,-11.79281,145.48201,96.83888,-49.4225,145.1158,96.43989,-34.40676,150.13002,114.50343,-98.08322,154.77587,110.24694,26.06853,149.65085,140.03145,-131.26596,154.82286,132.63677,32.09446,146.34463,161.42247,-156.04999,148.5578,149.52672,0.05746,139.8833,162.63902,-173.02448,144.24427,149.83529,-1.78919,139.33307,161.17897,-167.38892,143.58537,149.61208,-13.81933,141.74492,161.239,-154.05251,144.92483,150.12634,-6.3423,166.29231,150.42973,-41.89374,169.26436,142.9461,41.88179,203.17526,159.35241,-34.91225,201.4784,150.72246,92.1594,236.54863,164.06873,-8.60766,229.20095,152.58702,153.66554,240.86403,159.45497,-6.31828,234.48048,150.87731,160.17471,248.05226,165.13309,-28.95679,236.49992,163.02357,152.80173
591,lowcobra,standard,386.49796,76.53618,-106.40149,378.29229,73.45811,-93.73563,377.52148,74.02265,-93.86304,376.55107,74.67673,-93.90897,377.69374,74.51394,-122.92974,376.46341,75.86316,-123.1586,374.92444,77.3876,-123.26993,368.20599,86.68706,-40.39976,368.28755,88.74149,-175.66612,389.53886,85.8871,-84.50489,389.13955,87.32758,-124.35352,364.32707,137.71602,36.0146,375.91018,144.4673,-247.24391,370.46494,220.24105,44.33296,380.52484,225.37111,-313.77471,391.71784,273.46838,-8.63799,410.37809,295.44532,-340.92576,402.14865,277.80834,-12.75289,423.4322,299.99682,-387.63614,407.2978,278.95937,-44.74062,428.73199,296.29854,-371.92377,401.99464,279.24675,-23.69834,421.64532,294.973,-336.61952,332.1464,252.92609,86.6402,341.32828,262.39283,-86.65851,226.40924,277.51312,197.26029,222.11866,284.18655,-51.18456,144.36831,269.21355,313.44049,139.19515,278.10199,53.48504,142.82929,267.74057,324.2882,132.07731,285.88383,64.0454,138.8119,291.24475,312.26349,136.33252,293.90814,29.37736
593,lowcobra,standard,86.57552,96.09592,-20.56966,91.43198,94.10127,-24.5746,92.15405,94.80773,-24.70625,92.88413,95.5745,-24.68395,91.42054,93.43326,-10.9541,92.09113,93.71459,-11.10079,92.6953,93.96185,-11.15132,97.80359,100.93581,-38.74449,97.04746,99.5035,22.78263,85.99583,102.13258,-24.71935,85.5142,101.51936,-8.02606,98.11046,130.2399,-77.08995,101.89287,126.0272,67.14143,105.38745,166.66753,-99.26853,107.57044,162.22049,58.56251,104.72851,201.3492,-114.6201,108.38006,192.95224,4.85962,95.87964,202.95217,-130.66438,101.8635,194.3871,0.99079,95.46856,201.65624,-123.27277,100.83269,195.22615,-12.2321,98.84356,202.18321,-111.34783,103.11065,195.95631,-2.79392,128.71082,183.62028,-48.21425,131.35041,179.23941,48.20522,184.0525,193.18022,-35.22712,186.62004,187.20632,64.02385,236.99767,194.49546,-6.94779,233.64201,191.50819,101.45247,239.85238,188.32213,-4.81145,236.52395,184.79735,105.26149,256.4412,199.51615,-38.03032,252.15584,197.07829,80.60912
595,lowcobra,standard,542.11815,31.44925,9.02861,531.03941,26.1303,19.91159,529.01691,27.08364,19.6988,526.80297,28.15454,19.71884,531.03168,26.15947,-9.66266,529.15998,27.22297,-9.97774,527.17004,28.24917,-10.09169,513.47143,40.38891,73.40935,514.33812,40.8399,-62.32759,541.99726,45.53049,32.05418,541.57435,45.79079,-8.68731,484.18157,111.23848,150.78302,497.22813,114.06667,-130.12188,478.32799,210.48576,139.26941,497.85426,218.37854,-149.77965,489.21947,289.84164,73.25187,499.65725,309.2266,-137.53238,509.20582,293.28973,78.21451,523.02226,310.18167,-181.16559,514.21569,295.89832,34.75158,523.018,307.75641,-150.47747,506.11768,297.80439,55.0207,514.98677,308.95352,-127.75667,381.44854,246.92229,86.3593,389.86333,259.48007,-86.49298,233.46578,282.22721,113.00601,232.03517,288.12786,-83.87136,104.01305,280.71597,169.09834,90.12692,286.39777,-44.22267,89.38036,269.34869,173.39983,77.65045,278.23874,-38.93459,48.46061,295.10853,123.69592,37.58075,304.11962,-92.45663
596,lowcobra,standard,185.97806,39.18648,-72.91137,180.6464,35.24088,-63.11247,179.94087,35.19435,-63.24341,179.22845,35.2743,-63.21983,180.39446,36.0646,-81.09253,179.57557,36.57948,-81.25584,178.67831,37.11969,-81.36873,173.65993,41.13981,-20.9884,172.74669,42.32008,-103.50323,185.14161,45.03249,-55.89803,184.50751,45.47858,-80.47531,162.46496,66.98154,26.81889,169.0959,70.79685,-130.74331,158.91734,104.93194,24.30118,165.02318,109.65978,-159.49978,165.54223,128.2589,-30.67611,168.98388,136.59817,-168.82366,171.12875,130.39292,-35.24009,176.82163,136.7657,-189.37104,173.38864,129.7562,-52.27717,177.4078,133.70984,-182.6761,170.80461,129.67021,-39.50896,174.59359,133.70961,-166.67724,148.14193,117.63255,46.89398,152.36189,123.00852,-46.9459,85.85204,128.23862,78.79989,84.76157,131.52874,-37.53919,36.7838,128.55245,112.99695,31.87071,130.07216,-24.97318,32.64846,122.77599,115.18586,27.08074,124.66654,-24.26571,12.48652,134.05893,97.09859,6.18317,136.57325,-57.25734
597,lowcobra,standard,166.54122,80.95954,-385.49745,179.35768,68.41352,-365.13395,185.63721,70.06433,-365.44407,191.69307,72.11214,-365.41428,162.53924,66.42469,-363.65326,157.28343,65.4099,-363.95723,152.58488,64.74516,-364.12053,206.41859,83.09747,-257.59627,149.53764,76.35305,-252.88278,180.07372,101.33519,-344.54959,155.65245,97.94672,-344.97801,262.8918,161.62786,-222.06754,110.88543,155.94514,-182.88485,295.59489,223.55749,-207.56,120.10604,226.63439,-152.03087,285.24925,306.94391,-274.27285,110.77504,299.73051,-201.09573,292.03133,322.61683,-308.31109,94.80575,311.56076,-229.24833,272.04178,319.00428,-326.4841,107.70315,312.52599,-255.29107,269.39953,314.49072,-283.19207,117.35742,310.23899,-214.20262,253.09104,279.67196,-9.79757,173.54579,283.43398,9.35726,322.0418,263.79481,206.83527,171.76902,276.34186,253.49208,326.5313,233.92783,470.96051,174.49552,253.75092,548.85871,326.78333,224.16429,497.16012,180.17212,251.23692,580.51957,335.65249,251.02434,462.30991,165.79245,261.36621,563.13546
599,lowcobra,standard,454.86106,92.81965,-98.08861,445.97343,87.35588,-84.53392,444.62861,88.41735,-84.69649,443.09664,89.42202,-84.74042,445.87576,87.96995,-116.85463,444.59689,89.39669,-117.13361,443.17095,90.76729,-117.28435,430.87685,101.79383,-27.25539,432.28068,102.72909,-177.63188,455.36385,106.01594,-74.33755,455.7263,107.27645,-118.7778,421.72698,162.41571,59.93781,432.52398,171.12732,-259.83793,424.62709,250.54686,69.82143,430.76963,262.80489,-338.30091,451.15517,310.9153,9.50984,471.11857,344.28442,-384.79228,465.39438,313.97448,6.8174,492.07792,353.06582,-441.30968,468.63642,315.78639,-30.70054,496.57298,349.69976,-419.55385,463.78716,317.25013,-7.83421,487.24773,347.96538,-378.89235,365.0931,289.24046,97.05695,382.24318,303.10514,-97.04829,251.97312,311.83214,234.68998,250.01689,328.36394,-57.00824,171.7152,321.78817,380.60861,163.51376,324.002,80.93016,164.72763,316.3208,394.05059,153.98957,311.203,94.93091,135.68286,326.2501,385.53772,134.80099,335.52065,63.2584
601,lowcobra,standard,385.90246,99.97729,-88.46404,380.81735,91.18049,-78.76742,379.27371,90.62155,-78.94695,377.79969,90.18496,-78.9474,380.79628,91.96838,-102.17787,379.28998,92.04978,-102.3978,377.60934,92.16601,-102.50112,367.10739,93.71616,-31.1197,367.09034,94.78835,-139.22511,381.83337,107.64554,-68.47573,381.81373,107.83518,-100.7076,357.60784,136.62283,36.81263,341.4222,144.48788,-181.96405,357.80722,205.1,49.85831,339.34855,215.96073,-226.26927,388.92591,242.55939,-0.32933,382.24465,267.05097,-262.06571,402.76745,245.54793,-2.62502,396.8111,272.08448,-301.28977,405.31033,246.68947,-31.71003,400.09844,267.49847,-283.33181,399.1636,247.4356,-13.48717,394.98267,266.48635,-256.92344,299.92181,229.6253,65.00592,295.22079,239.46808,-65.0593,198.02111,242.53062,123.37358,188.34618,251.02658,-62.89303,106.76429,239.40206,176.61618,90.70507,250.46615,-38.47961,98.27605,226.89309,180.69623,82.38927,243.50315,-36.42631,78.74474,252.21621,149.29187,69.82747,266.30684,-90.75558
602,lowcobra,standard,119.33509,37.65251,-61.88314,115.62228,37.19302,-56.17669,115.15258,37.46004,-56.24851,114.59601,37.77364,-56.23075,115.46319,37.36508,-67.26176,114.91322,37.79104,-67.35203,114.25032,38.32427,-67.40942,111.93651,41.17675,-31.9474,111.68244,41.71599,-83.12059,120.24205,41.16572,-52.4218,119.87936,41.60782,-67.57156,110.39215,60.26779,2.36032,114.23124,61.30497,-104.86348,111.10121,85.55247,12.17573,114.61456,85.72675,-130.22703,115.54048,104.5265,-7.40387,116.7444,108.44652,-146.21187,120.45059,106.23566,-7.25329,122.7617,110.16136,-163.72871,121.58178,106.69746,-20.56196,123.29175,109.49269,-157.83699,119.57632,106.60838,-13.33553,121.09645,109.06515,-144.72613,99.32714,94.39596,33.19626,100.25773,97.50468,-33.20331,66.27611,101.86571,57.37059,65.1293,102.26521,-32.97151,34.71975,103.79162,93.09188,30.65891,104.55696,-9.32347,32.00098,99.92235,95.60032,27.6246,101.44978,-7.41662,19.39074,106.11347,76.99195,15.57186,107.4241,-32.79012
603,lowcobra,standard,341.70586,106.66604,-41.70699,334.36552,102.92481,-29.64033,333.12092,103.5888,-29.83079,331.97138,104.10566,-29.78799,333.94352,103.21839,-50.82201,332.59239,103.95097,-51.0487,331.35997,104.53452,-51.15905,322.70381,111.97632,17.73044,322.47126,111.97364,-78.67067,340.43672,116.25687,-22.71056,340.55316,115.86586,-51.52362,307.62607,152.66118,76.77972,310.6019,157.70224,-125.04118,291.44899,201.15405,81.3285,291.91476,208.2538,-156.36387,311.58831,231.43394,37.31007,321.87852,243.3419,-189.50936,324.73665,233.80974,39.3423,334.26448,245.19142,-221.82047,326.71849,235.17467,12.89115,336.08814,243.15425,-199.67743,322.66881,235.32872,25.90108,332.04015,242.5928,-182.97429,257.26526,218.49385,66.18067,259.90817,226.65339,-66.26645,171.62255,229.77847,97.5122,170.4892,236.7693,-68.20184,93.76395,233.21348,143.99962,85.08977,240.11769,-63.02901,87.47486,222.33717,146.63263,80.5631,227.13573,-61.65425,53.9919,243.5864,106.57601,43.23944,248.24414,-112.78846
604,lowcobra,standard,706.11597,125.92974,-172.38737,694.53735,109.57952,-148.26733,692.34534,109.96947,-148.65775,689.73022,110.49088,-148.57047,693.19238,109.98794,-198.97412,689.86603,110.8434,-199.42181,685.96643,111.76313,-199.69585,664.50439,118.83278,-43.2932,662.04297,120.9849,-278.63403,701.02313,142.32572,-129.76091,699.45911,143.70278,-199.87212,645.28644,204.28377,86.84599,649.32068,216.88368,-385.93719,661.09589,327.64633,105.32525,668.20563,346.83216,-501.46484,709.578,423.38514,11.68411,724.98035,466.45429,-564.90308,734.82544,424.9498,10.51686,757.05188,472.93908,-649.12732,739.1485,429.41186,-53.18146,758.00067,465.68786,-606.18713,730.52295,431.51598,-16.60708,745.98071,464.45173,-552.15894,590.34448,383.70348,138.42589,594.09991,409.99734,-138.49997,422.47113,412.61164,324.73788,402.73322,434.20207,-93.86221,258.14035,404.72675,532.32959,227.13345,423.33392,24.91088,244.86618,384.42717,550.76245,212.7081,403.50102,36.75343,198.40958,433.29127,489.48895,158.27689,448.41838,-63.26135
606,lowcobra,standard,104.74065,67.03726,-24.81858,112.46672,64.43225,-31.25105,113.07224,65.76413,-31.43053,113.8607,66.8918,-31.44803,112.9885,63.66505,-11.94252,113.91951,64.59138,-12.13932,115.24937,65.58821,-12.27712,122.42506,79.28208,-56.76464,123.05971,78.36012,30.32976,102.63245,76.85267,-32.93292,103.67327,76.84388,-8.99888,118.42111,135.31218,-87.45334,120.99305,127.73149,70.27549,114.71947,205.96272,-106.26522,114.3136,198.57737,66.41557,107.74024,267.95904,-113.49432,108.75248,259.01318,5.7882,93.2472,273.51049,-132.72355,97.90952,262.32956,-5.41516,88.02755,271.8214,-132.79406,95.48627,263.23086,-22.13332,95.72926,269.68327,-112.58385,101.15981,262.68518,-3.71087,136.75241,233.07926,-43.22099,134.91578,227.13623,43.13413,235.25307,253.09715,-14.85706,234.25271,246.7734,72.22078,311.13767,255.61937,22.65221,304.73022,251.13935,138.17742,319.70644,252.70021,24.7435,304.66515,269.08016,144.97004,318.88236,267.68513,-34.73677,301.62696,263.00274,97.31146
607,lowcobra,standard,298.16428,137.11734,-78.5556,290.66471,136.48069,-70.39194,289.76523,137.3097,-70.53093,288.85926,138.14279,-70.51514,290.35924,136.97449,-91.14404,289.31863,138.05865,-91.3581,288.19994,139.28434,-91.46624,283.38953,148.13485,-32.1542,283.99601,148.47519,-128.74054,300.65105,145.67926,-62.85755,300.41422,146.15203,-91.54716,278.47498,182.69549,39.45785,287.18416,191.0989,-180.93032,265.01982,237.89701,70.16639,270.58393,255.25684,-237.86322,290.43677,272.16495,50.9024,305.69901,300.01819,-281.91868,300.18199,274.18148,55.86219,318.93808,305.98282,-322.39386,302.2148,274.58334,28.38256,323.12359,301.6135,-301.13111,299.3129,275.47329,39.69058,318.34934,299.61251,-276.01802,224.70138,258.24883,70.38031,229.08401,275.63127,-70.38503,138.64514,267.89414,136.29654,131.67003,282.50813,-70.46654,64.89201,259.02088,206.88021,52.52083,267.67753,-35.34255,56.86501,250.46094,212.54022,42.98249,258.55682,-31.50545,40.74048,272.04365,180.82283,26.6466,285.97753,-80.7682
608,lowcobra,standard,217.91487,161.68706,-40.82673,220.00513,159.67553,-46.94463,220.37537,159.76406,-47.01453,220.6671,159.84571,-47.02824,219.91987,159.63442,-36.23022,220.26954,159.70291,-36.27657,220.63735,159.74071,-36.2966,223.44537,161.84821,-65.19281,223.76547,161.78092,-15.87649,218.85219,164.66682,-46.22613,218.95244,164.65956,-32.36374,223.57411,178.10665,-85.90205,226.46878,178.22161,12.41466,216.91051,199.02661,-100.12075,218.48266,197.65624,14.29863,212.59329,219.16112,-88.90293,213.75823,219.22996,-14.26013,209.84354,224.22965,-99.21361,210.51834,221.49062,-18.95874,208.90033,223.08751,-96.54403,211.24122,222.54283,-26.13686,210.85157,220.77815,-87.29836,211.98249,220.90344,-18.85064,230.41162,211.20871,-28.71992,229.91917,210.72713,28.6568,255.30322,213.59096,-5.79484,250.93949,212.57048,99.22907,283.10213,214.28937,40.02653,257.10649,217.27551,175.70624,285.37729,213.76383,44.4378,259.25515,217.93172,183.74771,289.67359,215.98197,30.74203,257.62515,220.51957,183.91148
609,lowcobra,standard,440.40322,297.52302,-219.44699,469.3614,277.45349,-258.76255,474.01633,280.43698,-259.48548,478.41225,283.09994,-259.3528,471.75999,276.63697,-186.93299,479.09184,279.55456,-187.94502,487.19091,282.51926,-188.59035,520.27612,308.95725,-386.4044,524.55974,308.28668,-60.89358,441.37573,334.32644,-255.99225,441.45737,334.71539,-167.60793,525.23665,532.59587,-497.0119,554.27718,512.21149,123.14284,438.44528,809.98914,-603.12285,476.69449,781.71069,103.07994,280.81675,980.01036,-635.56657,339.93883,936.42234,-68.86983,224.52657,992.73009,-712.61873,295.08104,942.66385,-87.69779,214.51824,976.17135,-676.61662,280.22628,941.44415,-149.07233,241.81814,977.06675,-618.92333,299.53942,944.49215,-101.75627,598.05493,927.57832,-180.20951,618.80774,875.2506,179.70335,975.58279,1015.99631,-146.78941,963.00068,980.72129,340.65747,1337.77332,1059.94664,-52.59101,1249.41196,1030.58883,546.70033,1402.91109,1024.13478,-46.88004,1288.1423,998.30016,572.32928,1447.41087,1097.60898,-239.8447,1348.08817,1059.38548,438.8535
610,lowcobra,standard,124.86136,137.54799,-29.31454,129.52984,131.15411,-39.36525,130.7921,131.4545,-39.52613,132.08147,131.60808,-39.52099,129.2218,130.44925,-18.11705,130.25525,130.40051,-18.32196,131.64101,130.24156,-18.43787,143.36164,135.31735,-71.74429,143.88415,134.58628,24.69633,128.56756,145.97643,-38.63061,128.11077,145.38645,-12.1655,166.50633,181.15737,-101.30027,178.5897,170.71836,81.31425,197.30353,238.62234,-134.88548,201.16437,226.31662,76.18472,160.82741,282.05451,-149.83195,167.06279,264.25312,2.10002,141.84731,288.46317,-170.04189,158.61363,267.55716,-6.66564,140.57878,281.1539,-157.51333,155.39898,266.52183,-23.75773,148.24618,279.0368,-143.6351,158.74749,266.4794,-8.44217,217.1627,261.81077,-50.97027,224.20026,247.47709,50.82261,318.31283,261.7219,-26.53367,321.99198,256.0142,76.71629,407.29677,268.95368,-18.44248,381.84712,290.38505,130.77257,415.37176,270.07311,-19.81773,403.26858,273.68955,137.20255,412.64726,288.26252,-79.52016,388.95483,296.93421,102.613
611,lowcobra,standard,238.23885,75.37926,54.25501,233.44198,72.09102,59.79831,232.70262,72.23246,59.68403,232.09082,72.42675,59.71846,234.18032,72.12082,46.06667,233.90822,72.25883,45.90766,233.7428,72.34242,45.84028,227.77679,76.29142,78.53172,231.07104,75.80737,14.94847,236.79962,81.34727,62.48249,237.35471,81.11888,43.28109,216.57267,105.15245,100.5364,228.98576,105.88655,-25.86642,216.07217,150.8091,91.27782,234.27465,156.36619,-50.54542,219.43678,187.21448,49.90932,238.55412,195.367,-48.29662,226.67823,189.30249,51.23423,245.93041,197.79373,-65.22627,228.82249,190.42465,35.1602,245.06052,196.46838,-51.85829,226.09657,190.86206,42.88151,241.93974,196.35222,-43.74727,183.7416,167.42888,37.58983,188.25968,172.20131,-37.68898,112.60683,176.85309,48.37559,115.06729,180.68377,-51.34169,51.94818,179.26729,56.61519,45.78473,182.80812,-54.46973,44.9862,171.73413,56.86413,40.80234,175.52762,-54.50483,25.02028,192.82484,33.62167,19.93132,196.81715,-85.41094
612,lowcobra,standard,1222.21622,415.45123,-59.24126,1206.16093,392.1796,-24.21898,1203.63159,392.17983,-24.8577,1201.28355,392.16439,-24.63044,1204.64859,392.9353,-107.3563,1200.92964,393.7118,-108.13752,1196.29688,395.37515,-108.60417,1166.69054,407.1423,121.92194,1166.19349,410.96436,-260.90384,1214.53438,443.40702,1.48193,1210.48222,445.25012,-113.0812,1092.25435,540.74065,328.24631,1130.70927,563.97454,-469.82436,1076.19877,754.55086,348.15497,1123.56396,774.72714,-638.38787,1107.46679,939.17203,181.49382,1150.61455,971.72677,-702.32944,1152.23866,941.08359,201.1595,1204.92125,975.11446,-826.62487,1159.94453,946.7647,88.10638,1205.20773,972.27797,-744.85264,1142.06161,954.16249,133.57867,1182.27978,975.74285,-677.25549,897.25037,848.23572,239.94594,908.4301,881.80574,-240.00065,628.91445,897.64959,462.14285,620.18032,931.21828,-284.66144,385.32047,899.68155,717.12384,332.76377,938.89221,-142.62553,356.10743,872.8665,736.23772,314.59227,897.99092,-127.67351,272.58058,945.31951,628.44658,215.7146,988.10085,-278.94156
613,lowcobra,standard,517.96039,200.46375,-621.00539,533.88891,180.98974,-621.03971,540.72523,181.23646,-621.54181,548.72422,182.65549,-621.54336,520.84047,182.24057,-586.71942,517.0412,182.79875,-587.11931,513.2636,182.98375,-587.41311,574.45926,198.37498,-566.18109,525.35894,193.85642,-410.57297,530.77068,220.70879,-596.2953,514.01361,220.15239,-553.48615,652.67885,318.5109,-545.1633,481.93972,311.0319,-263.88184,679.70528,487.09358,-556.44447,491.88494,446.06256,-256.96454,595.57683,587.57041,-602.73994,452.62863,562.74831,-438.26666,581.91617,611.42027,-676.38923,423.07057,575.85762,-497.78556,560.99796,597.40794,-688.71268,424.78653,578.16753,-549.61308,564.98272,589.65275,-609.72962,443.99453,577.88017,-467.58187,661.97064,508.31423,-88.63806,577.25839,517.23586,88.50216,763.97497,517.2177,288.17611,656.70866,499.18283,508.82202,846.16515,487.49496,711.81969,748.15678,487.05774,957.5566,850.10085,471.57994,752.34328,755.76766,467.46466,1003.33714,883.5884,507.73517,649.59525,756.60645,516.17091,928.44995
614,lowcobra,standard,1120.57199,362.36866,-253.84171,1106.44064,339.84492,-219.43059,1102.52285,339.82116,-219.99142,1098.27394,340.24731,-219.82224,1105.20821,340.36739,-291.57286,1100.3787,341.39341,-292.20171,1094.79675,342.7375,-292.63117,1060.65502,350.96136,-69.05599,1059.10721,353.06773,-400.24467,1109.99718,385.07324,-192.45038,1105.87301,386.91482,-291.2945,1016.05873,455.61783,115.94524,1038.61904,465.21381,-540.06181,1017.33599,630.11312,112.83671,1050.66719,646.11481,-686.46269,1032.72572,778.33865,-51.81926,1051.54448,801.96,-744.79146,1067.65518,783.89629,-51.01838,1092.74931,807.37533,-849.97244,1073.34719,790.91536,-140.64205,1092.92068,806.6977,-794.53864,1056.4641,792.36585,-91.85052,1075.9346,807.48664,-728.18775,914.03799,698.72484,189.72543,922.90411,721.60778,-189.77603,682.53541,733.75813,338.34755,676.43213,746.48564,-181.96367,470.42584,748.73516,509.01747,447.99104,756.87845,-67.50305,443.54253,725.92726,521.02575,425.70457,734.93868,-57.28745,378.89557,777.92001,421.93995,345.26556,799.84294,-189.22328
615,lowcobra,standard,400.43114,155.51691,-207.51024,392.23123,148.09989,-189.30383,392.41228,148.49422,-189.63491,392.81898,148.90495,-189.56449,388.80739,150.74728,-214.57152,385.75748,152.97714,-214.90483,382.66093,154.88536,-215.16118,386.79044,158.32756,-105.14998,371.11548,166.83761,-220.76164,403.59671,167.05062,-174.36211,398.47285,171.28434,-209.23187,407.41298,220.37783,-21.90978,354.68657,224.32788,-251.22618,411.98519,296.21673,4.31564,344.61932,304.75702,-287.34038,436.9292,357.13928,-71.80299,367.46831,370.23228,-338.42139,452.12636,361.93497,-81.12225,378.46671,378.1097,-389.2025,453.45721,365.79695,-119.6853,386.05604,376.31417,-380.80064,445.25048,366.82302,-88.89309,384.93497,375.02896,-338.09225,347.04913,344.70737,65.66735,313.38031,346.2831,-65.75305,257.90865,340.23384,298.12128,219.78139,347.66708,100.1204,188.25117,338.33693,532.90864,138.46509,341.88885,320.61009,180.2527,331.94599,553.31848,135.06622,333.36031,342.50592,150.8823,345.48144,508.20153,102.7163,355.35268,287.06313
616,lowcobra,standard,566.9637,223.47294,-5.8489,556.12966,215.73766,12.21188,554.15279,216.80385,11.92518,552.2177,217.9347,11.99546,556.40473,215.83085,-21.67899,554.65214,216.95212,-22.05863,552.81245,217.96286,-22.24498,538.97633,230.02917,82.44566,539.1284,229.98531,-72.81668,565.8669,239.91589,22.61315,566.87206,239.87456,-23.77653,512.22289,287.40604,164.88555,524.19525,293.38685,-152.68975,473.30113,377.16572,164.23696,473.20401,377.17258,-213.16717,499.11376,440.17298,81.08589,502.59112,450.0929,-271.7612,517.85106,446.51519,83.53717,530.07928,461.17606,-320.96437,522.80669,449.73553,41.03263,531.61894,460.79133,-287.2349,515.63851,449.62623,62.45222,521.58763,458.09485,-261.3944,426.59294,411.31079,100.93124,431.90279,423.50746,-101.06349,296.73545,432.59804,147.7334,293.96781,443.24718,-132.54737,165.5634,425.1773,225.43726,148.4061,436.5663,-103.67208,155.3097,403.46881,230.69497,141.07923,411.58536,-98.90559,102.39921,446.46728,184.44649,86.58578,453.74569,-163.08518
619,lowcobra,standard,373.92112,137.44852,-568.25014,396.43697,125.69526,-569.83845,404.24331,129.10609,-570.42928,413.66135,134.6168,-570.53175,385.97593,121.82752,-533.94703,384.2552,121.58164,-534.404,382.21782,121.10629,-534.69826,441.57879,159.28534,-522.66553,396.49873,140.97751,-363.54012,380.66822,167.71131,-546.56001,367.66149,162.21184,-503.14881,494.90092,295.02427,-507.3164,318.74107,257.13604,-201.83724,470.57046,462.08766,-521.02534,277.3851,428.25989,-160.22016,421.50158,619.90122,-578.44184,247.79828,592.31765,-290.81287,422.21154,658.74806,-651.28394,208.79719,605.16074,-336.18062,395.1237,659.31825,-674.52007,214.04561,612.5915,-400.45234,392.11802,648.87626,-588.74004,237.20917,615.99786,-323.89639,481.14491,514.51341,-57.4467,401.47271,513.01139,57.09816,646.09118,575.06928,233.73045,576.299,503.02409,313.46057,746.27369,485.08238,541.15559,740.68795,417.04402,626.50616,758.10945,481.89135,568.08153,757.36512,409.26884,658.11875,773.5315,463.85764,427.50496,747.14657,422.65748,528.43181
620,lowcobra,standard,307.14667,102.56321,-18.07749,301.49365,96.95359,-10.06387,300.2546,97.03807,-10.17788,298.85511,97.33706,-10.14987,301.43228,97.06423,-29.95911,300.24752,97.23555,-30.11642,298.83236,97.65047,-30.18384,289.25256,102.13258,28.43695,289.31189,102.72427,-63.02065,304.53552,110.04706,-1.52768,304.25099,110.56984,-28.83647,267.98446,137.03035,78.51479,277.35495,136.39285,-103.22783,256.59634,190.42033,80.10559,260.18026,191.00456,-120.60711,260.54335,234.78801,36.60862,258.75045,241.98489,-100.44742,270.07482,238.3831,36.51187,272.02025,243.52908,-122.27034,272.10233,240.47481,12.90452,272.47891,244.38085,-108.30617,266.90329,239.91572,26.0702,267.02906,244.37641,-95.33937,220.46438,213.10655,55.94706,225.73712,218.19943,-55.99501,141.48956,226.98979,67.33188,142.68467,231.16654,-66.5248,71.12143,236.50865,96.71641,70.61493,239.16492,-47.11698,61.9207,231.56438,98.31433,61.64196,234.1307,-45.48891,39.78608,247.71102,63.04557,37.70063,250.16993,-87.47195
621,lowcobra,standard,455.14435,80.56462,-218.19938,448.16227,70.56874,-198.87876,446.67116,70.92936,-199.11335,445.13095,71.25853,-199.11056,447.15925,70.69688,-237.72938,444.8372,71.20798,-238.01674,442.63211,71.55177,-238.21007,430.61774,75.07812,-107.88501,429.52287,75.97497,-286.51152,451.12479,91.36752,-181.41586,450.62302,91.58343,-234.23236,408.52263,129.4487,21.21986,409.3574,133.24246,-356.9269,403.29137,213.97348,46.04107,400.81343,217.75048,-443.57012,445.75721,261.54869,-56.59407,445.87466,275.66795,-484.76162,464.53346,266.93896,-63.06014,465.668,281.51453,-541.87255,467.79743,267.11492,-105.20364,469.3459,276.56918,-520.43568,462.48611,267.04012,-77.41403,463.95528,275.52167,-478.37796,351.49515,240.53586,111.73008,354.79515,248.18112,-111.75055,230.61435,262.4934,176.3125,226.1799,266.46841,-123.69994,118.36388,264.26715,286.75046,110.34106,267.73035,-64.12836,108.23398,247.56275,294.53402,100.84908,248.88197,-60.58581,63.60951,275.15176,235.62011,53.54931,279.43337,-152.18238
623,lowcobra,standard,1052.90512,122.88189,-169.77787,1034.13231,102.56261,-138.15172,1030.39124,103.59434,-138.67331,1025.89317,104.15254,-138.51277,1034.03198,103.38847,-205.47361,1030.5748,104.92111,-206.07031,1026.56105,105.76538,-206.39757,993.46344,122.146,-6.02893,993.23044,123.92919,-316.3213,1045.00999,148.2449,-115.29267,1043.57239,148.20333,-208.06248,959.43604,216.12631,168.51269,972.69394,230.92365,-449.3042,951.32637,385.48073,209.37599,955.6456,404.26387,-582.0335,976.19621,513.0332,92.6396,983.83156,554.3048,-640.67001,1011.0643,513.72847,96.08828,1026.97533,563.94496,-735.19218,1015.93117,521.53318,17.98242,1031.86935,558.91524,-686.42159,1003.16254,525.81232,58.40374,1018.01682,558.79066,-625.55748,854.64767,445.06422,183.19645,871.48018,478.63247,-183.38465,626.18279,499.13627,315.34779,619.17309,523.87319,-167.66333,409.96666,512.59499,498.88451,370.56011,529.40613,-106.07334,396.68842,481.48793,512.37251,352.84145,503.58689,-102.1701,317.82047,553.54726,422.0356,241.85329,568.93275,-252.75862
625,lowcobra,standard,1555.04541,149.6471,-159.41443,1518.94092,133.47123,-99.64046,1513.93494,135.38125,-100.44003,1508.59619,137.58768,-100.2339,1518.58936,134.23468,-198.19864,1513.46204,136.80224,-199.23065,1507.125,140.33377,-199.75937,1470.55164,170.53734,125.91487,1468.23181,176.52079,-322.70435,1554.64258,185.91769,-70.82821,1553.70459,188.0015,-204.47205,1400.99353,345.88143,401.06857,1415.79688,372.45318,-560.6947,1322.04065,576.01418,404.16891,1317.24927,598.91317,-744.33655,1428.59961,720.7395,169.95015,1460.20032,768.66729,-912.34326,1487.03284,728.82845,175.26895,1521.02356,779.76366,-1063.94055,1495.3291,734.12182,57.21595,1528.74585,769.09327,-959.91766,1476.79431,736.06023,116.99072,1506.68091,767.50415,-880.96747,1159.58679,657.26127,306.4841,1170.82434,698.98344,-306.8259,777.31616,705.25396,475.82947,773.07703,740.15788,-296.48721,429.81256,717.25468,730.84912,388.58087,755.45596,-226.95558,402.76398,673.80351,747.0387,366.54242,704.96006,-217.50691,261.66803,768.01722,573.11792,205.76648,794.77984,-453.4548
627,lowcobra,standard,78.51873,73.14654,-173.69691,88.17771,67.20446,-184.99777,89.48323,67.65103,-185.12979,90.64077,68.27,-185.12318,87.6275,66.78409,-168.87583,88.81671,66.94454,-168.9864,90.09642,67.29167,-169.03275,99.8971,75.87209,-213.75206,100.42232,75.29251,-141.08516,78.58186,81.52956,-180.26759,78.24253,81.19408,-160.15431,106.15414,137.11313,-225.55283,126.21303,114.52721,-89.38418,103.02155,219.71052,-241.8924,135.54519,181.65933,-63.29281,105.61833,303.15253,-220.7458,123.99638,245.54747,-52.90833,98.76815,304.69927,-244.77407,119.33602,254.04502,-63.26298,84.69846,307.37582,-248.25139,121.58363,260.91622,-81.91257,93.12478,305.65434,-221.80496,123.27264,259.82548,-61.86925,112.00333,216.01353,-42.0504,131.63552,201.68622,41.84407,112.85332,241.6063,112.49013,117.29985,217.47891,196.27544,120.28423,273.46,282.48867,124.93777,266.16232,353.73521,130.58469,286.95797,297.48791,129.49462,274.11722,369.13875,105.51901,275.57276,276.45138,106.64534,270.85882,361.39402
629,lowcobra,standard,2761.51856,432.07732,-1751.17964,2733.65298,351.18251,-1646.81007,2745.6381,345.67039,-1648.7218,2756.51312,342.70134,-1648.82665,2687.24899,364.50192,-1772.39658,2661.57765,371.92882,-1774.82195,2631.93784,381.14896,-1776.1403,2677.56152,392.9837,-1062.02499,2525.02652,443.03,-1628.96484,2777.19798,521.20153,-1513.47244,2723.92081,534.85332,-1686.68056,2688.89468,866.33617,-477.09191,2182.81833,891.33364,-1573.13243,2626.70354,1392.51448,-298.61813,1824.5655,1463.97025,-1777.28295,2847.63895,1807.35507,-639.16225,2225.20708,1940.57378,-2187.6839,2980.19009,1843.49062,-698.84958,2320.11845,2025.13184,-2499.06617,2982.97245,1863.61221,-913.43343,2403.65877,1992.48088,-2418.34694,2907.85439,1867.5802,-731.79116,2392.1052,1968.15482,-2179.31417,1953.62382,1636.8864,349.8624,1700.42651,1603.55319,-350.4656,1137.94828,1617.82526,1445.53296,927.74535,1670.99181,492.08325,539.51612,1469.57437,2456.89639,365.15156,1521.76451,1375.82027,492.58242,1367.68881,2543.57769,310.48308,1434.64554,1462.05643,364.91436,1588.34125,2205.03701,197.51454,1654.94243,1012.07926
630,lowcobra,standard,345.11662,102.84844,-65.33547,336.49111,100.14472,-50.51261,334.98017,100.93225,-50.72652,333.47628,101.53913,-50.67827,336.4695,100.65369,-76.48882,335.03309,101.8066,-76.73829,333.55549,102.78629,-76.88874,324.51146,108.09236,5.4039,324.28653,109.83217,-114.1244,344.39212,112.82627,-43.37958,343.95042,113.30516,-78.9396,305.41335,144.32483,75.27113,314.76951,155.33429,-173.53549,286.57614,205.43619,93.4258,288.83639,216.9535,-227.25896,310.32284,243.91869,49.46421,320.3719,263.73154,-265.10117,321.58533,245.78609,52.11143,334.60528,266.79147,-304.21413,325.70142,247.84318,22.01806,336.84554,263.24635,-280.08107,321.18672,247.85923,36.22647,331.7373,262.04169,-257.73558,256.8655,227.71288,79.65504,262.03849,240.92153,-79.68181,169.2847,240.66761,156.7794,162.25238,255.9437,-73.75963,96.55608,238.58627,244.07547,71.01525,251.44856,-46.24645,87.73177,226.82975,250.61029,61.65052,240.33393,-43.39443,63.11132,251.93631,213.37822,31.57067,266.22458,-104.30566
631,lowcobra,standard,145.42337,67.30714,-71.07446,155.19823,64.30967,-81.10405,156.37134,65.60752,-81.34255,157.60624,67.16671,-81.3292,156.46316,63.32979,-58.50823,158.65753,64.09519,-58.79967,160.91595,65.28873,-58.933,166.76416,80.47763,-115.51069,169.93454,80.30266,-12.91222,144.09379,82.19112,-80.91606,144.20732,81.3854,-53.29784,166.50435,155.38884,-164.02368,176.62713,148.9787,65.31131,173.41007,257.16138,-188.89824,174.26015,243.91189,62.82847,112.52292,320.08703,-197.42893,128.62619,299.28045,0.40726,86.92129,328.79477,-226.4188,111.92095,300.80676,-4.81489,81.25656,322.54064,-207.96928,105.8209,301.71752,-29.67582,91.09413,319.94989,-189.07968,111.40112,302.67575,-12.69301,224.06902,283.23946,-68.1951,228.98406,269.55783,68.1357,357.8422,303.28796,-74.814,359.22053,290.24019,98.71015,499.30801,301.1621,-48.42098,484.4808,286.24427,133.27582,510.33969,286.31623,-46.19934,497.83992,272.97828,137.56961,543.83293,320.49322,-112.15465,527.12384,304.51584,76.4738
633,lowcobra,standard,501.78865,160.83694,12.67169,493.91136,152.27458,26.79035,492.15111,152.83316,26.55484,490.34956,153.40213,26.61322,493.73218,152.32798,-3.63068,492.04123,153.10547,-3.9038,490.30727,153.86067,-4.02399,477.7464,158.51882,87.35919,478.84163,159.4799,-52.46878,497.48674,171.62961,37.96301,497.25075,172.14753,-4.00406,449.98629,209.39961,163.34899,461.9628,212.1558,-128.99553,445.36901,280.06116,191.22081,464.63563,288.34713,-195.88459,472.56111,333.73237,138.71794,510.29268,358.19158,-229.19577,480.29342,343.30028,144.50142,518.61414,375.72119,-276.66903,483.15713,346.16271,105.17045,523.13018,375.893,-243.66235,480.70063,345.95346,122.28754,519.11531,372.22973,-219.05731,378.23743,324.44635,85.57967,387.07906,338.64051,-85.63296,259.44201,351.28504,107.34299,254.35558,361.87568,-105.93222,149.33521,352.82797,188.006,132.51474,360.59669,-97.49006,138.44609,337.00866,194.65537,124.91763,345.38758,-96.62076,100.65622,368.90173,143.97027,80.36806,377.43619,-171.84341
634,lowcobra,standard,91.71688,81.77121,-246.24909,99.21842,74.86095,-245.07238,102.978,75.71236,-245.31028,105.87042,76.46159,-245.31176,92.63379,72.97803,-231.4113,90.97291,72.81692,-231.60821,89.33904,72.59721,-231.74121,115.98779,81.04268,-219.37063,94.31639,76.72587,-157.79389,98.06486,91.94024,-235.08811,88.86757,89.6047,-218.44549,144.74045,136.38773,-206.6121,75.8494,125.11802,-93.31261,167.29726,199.4675,-217.97061,81.21823,185.39371,-93.10248,140.02759,240.00015,-255.02354,60.06385,231.58318,-171.34731,130.60121,248.41737,-283.07717,46.54914,235.43978,-190.97505,123.97393,244.81696,-287.01639,45.88172,236.55782,-212.26843,126.06866,241.97541,-257.3731,52.9915,237.01989,-183.07487,158.7344,211.40696,-33.07924,123.21658,213.63332,32.99943,231.19036,216.0506,53.88137,179.93724,208.07793,150.73292,282.4281,203.06035,178.46632,227.00207,196.84963,320.51064,286.51847,198.83738,189.80632,231.94265,192.39905,338.16279,294.23874,209.49919,140.68962,240.10334,202.99351,309.09054
636,lowcobra,standard,575.12385,83.99081,-129.46924,567.91332,71.17628,-108.30206,566.78337,70.94288,-108.56986,565.45269,70.76124,-108.54957,566.38667,71.41506,-150.86969,563.97398,71.54753,-151.2053,561.21345,72.01963,-151.39647,544.06536,77.79558,-11.40918,542.17158,78.7281,-207.50782,570.25788,98.16795,-90.77864,568.28645,98.32537,-148.97056,533.48622,151.33857,105.44621,512.68797,151.82885,-300.83672,526.72338,249.99627,104.31094,502.95923,251.19413,-409.61656,569.45546,317.25699,-2.86248,559.63105,326.89471,-470.2969,590.95036,323.78678,-5.99254,583.57819,332.27995,-539.37141,594.49425,324.91995,-56.91934,589.99043,329.70902,-503.28117,585.57574,324.01666,-26.95309,581.54277,328.25,-460.22536,456.9445,289.17618,120.89253,448.16158,294.36609,-120.88556,300.67838,305.29873,189.54324,294.92435,310.19477,-143.38571,157.20541,302.24088,280.62923,143.86278,305.79643,-116.95759,140.03956,283.00562,286.73309,129.65465,287.97582,-115.90658,86.86804,330.32995,212.27647,76.28517,334.56901,-219.84127
637,lowcobra,standard,159.99709,234.03981,-466.85107,175.46012,224.51599,-471.65458,180.69633,226.92573,-471.9988,186.69943,230.14882,-472.00752,167.30318,222.01135,-450.28467,166.05787,221.90592,-450.56173,164.83803,221.7128,-450.70313,207.17511,246.82326,-450.44256,173.68972,238.995,-354.63638,165.67522,253.77648,-454.3367,154.58701,249.69847,-428.67004,232.0096,349.06211,-430.27571,180.08809,297.55845,-201.51526,294.39075,439.38866,-401.50988,209.10523,371.26479,-105.07277,299.17313,525.08793,-423.44896,203.9242,437.43467,-121.1266,280.39997,545.94283,-471.78873,187.44704,448.34347,-129.46375,274.0806,529.31237,-473.80242,183.17699,450.14548,-174.26634,278.49548,522.57872,-425.31885,191.98147,447.2302,-140.3501,310.51229,434.56163,-79.88892,283.18807,403.45883,79.84462,435.5479,410.51416,91.37675,394.58835,373.98989,295.16795,537.63982,382.39775,286.18741,477.08623,340.92934,547.10627,551.5636,371.68593,304.18818,482.77348,331.48339,574.14343,561.90026,384.7965,225.62925,510.5729,351.33944,527.38856
638,lowcobra,standard,401.25866,215.61431,-51.98842,424.76134,215.17239,-73.42695,427.61623,219.30587,-73.9486,430.59348,223.93667,-73.89884,425.16934,212.56164,-12.18074,428.80529,215.10546,-12.6653,432.59967,217.94152,-12.79873,446.8318,254.91377,-157.77187,449.74396,250.75198,122.20469,397.11447,245.11526,-79.57368,396.87969,242.05398,-2.87628,445.78896,378.26502,-350.23151,462.00446,358.54279,324.20321,479.56558,533.93853,-445.12684,483.54101,501.86528,329.51066,401.98947,660.09021,-491.78157,418.71278,608.83265,123.85426,361.03256,659.76724,-567.87038,386.30877,605.15257,114.74304,351.05247,655.0514,-521.96443,378.86589,611.01642,50.71677,369.14248,654.95887,-471.97583,392.69703,614.95086,88.37003,589.03089,593.58135,-219.62807,593.05408,562.84808,219.63435,841.06197,626.25388,-205.24831,834.48604,594.67705,302.65491,1099.20431,628.84109,-69.72623,1047.23899,600.4666,494.11646,1110.65674,606.32777,-57.02369,1066.31125,574.51082,515.43837,1181.06947,662.42323,-203.81077,1128.03322,632.15505,409.34944
645,lowcobra,standard,131.16945,98.24067,15.7502,144.4384,93.54837,2.98186,146.69291,95.0943,2.70732,149.10421,96.85567,2.73115,143.39715,91.89115,39.0261,144.95484,92.56201,38.67044,146.79671,93.37896,38.53375,160.66361,109.8159,-46.76423,160.08322,107.96868,117.2113,131.15737,113.9027,0.07127,129.52413,111.79578,45.08202,150.77857,167.01792,-147.94777,176.4594,162.1239,215.24281,148.67984,268.91291,-192.60884,180.09881,255.54594,205.07153,138.1556,358.38529,-199.85817,164.76403,339.13886,112.32176,113.03947,365.05007,-238.90344,143.62488,339.75035,112.70335,112.56729,362.03878,-211.3726,140.76794,342.39015,79.10287,122.42593,362.19604,-187.94754,147.35602,344.82071,94.24634,267.72119,309.16343,-115.56735,277.70402,297.03737,115.51305,438.54575,346.14436,-89.24485,429.02488,330.82913,140.14347,579.63368,343.95012,-23.45881,553.04712,327.56158,233.59008,589.88341,327.27622,-17.13974,564.15156,312.61328,244.93762,636.4489,357.55101,-103.07425,604.56073,344.86607,180.79206
647,lowcobra,standard,378.26706,48.88304,-59.21347,370.8055,43.92122,-46.45922,370.10445,44.62313,-46.58047,369.34758,45.33733,-46.57952,370.01612,44.59278,-74.80869,368.83354,45.73805,-75.03262,367.42482,47.21819,-75.11451,358.8514,56.56653,8.91453,359.11472,57.21727,-121.98088,379.42604,59.6336,-37.02663,378.55794,60.14156,-75.7456,351.02128,113.95334,83.19296,349.17598,119.23111,-187.16776,356.05311,183.95958,86.54199,359.7287,194.92668,-235.97673,377.6462,235.88186,33.89859,389.59593,265.69408,-263.13694,391.26469,237.043,33.85908,405.36059,270.23981,-310.46811,393.4309,238.38379,-2.5565,408.08933,265.42973,-287.61161,387.70964,240.33527,17.80901,400.71076,262.62577,-256.71962,297.99516,217.52651,81.64076,302.84857,228.24348,-81.63255,192.21036,238.93282,126.44837,187.4551,245.3764,-87.27567,111.57954,258.19477,201.01319,101.46306,246.73773,-5.87742,100.96395,255.02602,207.2989,99.55346,251.56898,2.41477,85.46845,264.17995,171.86297,78.35851,265.12121,-40.27229
648,lowcobra,standard,178.45014,119.47489,-172.55605,202.13234,110.31559,-193.75389,206.81471,114.77437,-194.28781,211.79305,119.83935,-194.25952,200.51767,107.14649,-134.80445,203.75386,108.68009,-135.47055,207.45719,110.90013,-135.77112,240.03063,155.27409,-269.10934,234.16911,147.36583,-3.43879,176.48944,149.95517,-195.86154,172.49032,146.10942,-123.37599,255.17895,322.98403,-379.35487,277.82425,299.90074,169.68327,267.50525,545.27261,-413.45176,277.91272,510.42775,205.94557,251.34038,731.6059,-423.77132,267.79971,679.56565,111.3485,205.09969,746.82283,-492.10711,221.37231,680.91961,107.32622,198.8348,738.79427,-466.07004,214.73043,684.16256,45.39603,216.39587,737.37705,-412.04739,235.67939,689.2542,81.24673,419.89639,603.12951,-162.9955,423.85858,569.39732,162.80011,714.51974,644.62566,-104.69711,706.41947,625.88788,246.8263,1004.80578,671.97345,38.43894,962.79016,651.23102,449.34018,1015.37383,637.7007,51.59883,981.48408,620.3677,473.66645,1096.10116,697.42991,-89.9832,1037.70204,678.15195,371.62489
649,lowcobra,standard,245.00241,66.63809,-233.53309,240.77407,63.10123,-223.16628,241.13338,62.94451,-223.29562,241.55994,62.64356,-223.28778,238.62967,64.38653,-239.11906,237.1354,65.57018,-239.27551,235.2295,67.26427,-239.38741,236.95781,69.05021,-160.28385,229.96312,74.25908,-233.77036,248.36699,73.32377,-208.05552,245.08519,74.78861,-229.75865,255.33369,110.3527,-86.17629,218.3294,111.33697,-234.84565,262.2499,153.0116,-46.41219,219.53698,162.80324,-242.98091,273.88117,194.07655,-76.04835,226.38556,206.45117,-260.01021,282.90255,195.37959,-87.19735,229.52745,213.29487,-294.12479,282.61395,196.86388,-112.41269,235.91711,210.82555,-297.2543,276.68471,197.59034,-87.75017,235.79161,208.76925,-262.91599,232.98426,177.89478,45.48772,214.33198,175.57732,-45.49861,201.14129,186.9213,224.15271,159.64075,188.06191,53.61385,168.24259,177.07703,404.03336,117.66851,181.16982,193.62826,164.00051,173.40379,421.8343,114.0915,176.5026,208.3874,157.03931,182.70969,404.28762,105.56556,190.67698,175.15284
652,lowcobra,standard,130.85324,47.44119,-71.02126,127.9967,44.87172,-65.18701,127.39632,45.04019,-65.27373,126.73502,45.21353,-65.2671,127.92373,44.94931,-77.49436,127.27048,45.20653,-77.57877,126.52457,45.46364,-77.63411,121.8752,47.87931,-38.30641,121.52449,48.32485,-94.97351,129.51663,51.05207,-60.27055,129.39833,51.57231,-77.02765,116.86807,64.32236,0.9591,114.83763,68.62604,-121.27254,123.86439,84.10162,14.80004,115.33857,94.26059,-147.17807,127.39751,103.90819,-16.62739,122.26685,119.02859,-161.65053,130.31593,106.62138,-19.65686,127.72547,120.24662,-182.81767,130.36794,107.36426,-34.10804,129.00456,118.62634,-177.4373,128.90608,106.99444,-23.40947,127.2264,118.35582,-160.45622,91.52325,98.6618,37.1482,89.56037,103.58706,-37.14767,54.81649,100.18487,106.133,50.96691,103.53804,2.37735,26.69963,98.48171,177.83141,20.39487,100.17579,64.17285,24.66584,93.81176,183.95063,17.30383,96.70434,69.62808,16.34759,101.41657,170.04061,8.00069,104.71441,46.54498
654,lowcobra,standard,419.71433,53.10269,-36.63363,411.73369,47.79977,-23.94958,410.95328,48.59453,-24.08338,409.99177,49.47458,-24.07367,410.9242,48.58334,-53.56142,409.57844,50.03505,-53.81177,407.86007,51.733,-53.91264,398.35078,62.54075,31.86929,398.45285,63.32542,-104.84009,420.97321,65.31788,-14.21658,420.00818,65.87051,-54.77908,390.92082,127.10833,101.97441,389.12559,133.3093,-171.79292,394.83178,204.73339,95.12322,400.64913,218.05153,-219.09295,419.5174,263.80918,37.11797,432.42979,296.30137,-247.64955,433.87508,264.89779,37.75742,449.88316,301.85571,-299.09262,436.72094,266.19495,-3.46898,453.7428,297.12753,-271.20405,430.62443,268.57461,19.26286,444.24909,294.17295,-239.79691,330.8228,241.16558,81.85929,337.17078,252.96556,-81.90145,211.85035,266.61471,123.39173,205.29003,272.97729,-76.20438,121.54277,296.1379,202.11743,106.34419,285.81671,-8.36099,109.18525,294.24123,209.36567,104.53305,287.87079,-0.93191,91.8932,306.65006,173.5023,79.34025,301.9772,-43.94086
655,lowcobra,standard,339.2981,70.58746,-288.31822,337.82721,58.91801,-269.61777,340.14732,58.578,-269.79491,341.96687,58.23398,-269.80937,328.03115,59.51614,-285.51134,323.90827,59.92148,-285.7531,318.81949,60.68446,-285.91168,332.18274,64.43877,-177.10948,304.71733,69.59388,-250.42486,343.86176,81.85546,-252.40111,329.95024,85.56045,-274.48162,347.54556,133.39995,-118.38865,272.53947,139.71275,-237.10616,358.455,216.71396,-112.51468,282.20654,232.65278,-258.56477,396.69901,287.82467,-153.62187,324.50849,303.34887,-272.50612,410.68766,297.691,-171.86131,332.84235,315.12491,-307.14789,412.97308,297.25561,-197.15273,344.12324,308.78222,-311.00404,402.98057,296.06043,-165.78239,342.84341,305.38833,-275.69166,312.81379,242.42442,33.41591,281.35392,244.57487,-33.62936,259.12452,254.53053,232.29463,213.42072,273.32899,104.84375,178.48629,248.9745,418.8078,156.204,253.48493,299.64414,179.88762,238.35112,437.19724,150.64737,240.5386,320.67886,173.25048,250.07852,406.83812,130.35515,254.32231,288.25459
656,lowcobra,standard,512.95848,134.26022,-87.1229,504.774,121.37615,-65.53802,502.89271,121.21306,-65.76667,500.91232,121.32647,-65.72528,504.24979,121.42577,-111.44875,502.074,121.3849,-111.77169,499.51436,121.70764,-111.9383,484.89523,126.29041,31.20705,482.5453,127.06084,-181.36673,507.33888,145.65435,-47.81088,506.35039,146.96647,-110.73087,452.47834,184.87918,162.72139,466.48283,186.50213,-288.40461,472.68323,276.12015,181.97076,484.92242,278.14633,-399.75521,512.95977,346.49455,77.13376,524.98833,359.97084,-442.91136,535.13154,346.9183,78.59949,551.23902,362.77812,-511.88184,535.99965,349.32334,26.27496,551.78168,361.53354,-472.23251,528.15313,352.09768,52.86871,541.4068,362.36721,-430.79292,382.78047,313.3213,136.09685,383.4309,327.12211,-136.13545,235.5349,336.82613,210.81805,230.38819,348.19153,-156.97584,106.90507,338.40763,335.31112,81.54073,349.96597,-114.07084,98.92542,322.07084,345.43249,71.8641,331.83419,-111.27947,47.30524,356.79175,274.51824,22.40709,370.99385,-220.79216
657,lowcobra,standard,1147.48532,358.52343,-214.04909,1122.02257,344.03371,-172.00238,1117.51941,346.05817,-172.68075,1112.87919,348.13266,-172.49304,1121.41129,345.70057,-251.6769,1116.39449,349.23374,-252.45456,1111.03687,352.5678,-252.91146,1082.37943,368.619,-5.16387,1080.88025,372.88189,-371.13697,1142.79887,390.04764,-147.41054,1141.94486,394.75404,-256.64178,1016.62087,490.82087,215.6098,1048.40577,531.25807,-541.76201,955.86964,688.0133,280.40019,959.6056,724.26875,-694.89549,1029.48502,820.12323,148.86354,1057.33645,872.14324,-808.47484,1068.47388,823.75091,160.55504,1106.07925,887.10446,-930.72054,1078.26734,829.90086,61.7381,1113.3213,878.60056,-858.0443,1060.01025,831.73643,106.63169,1093.32713,875.2413,-786.81502,844.7181,764.81006,238.12956,858.39728,810.1935,-238.27178,564.75346,800.54529,472.54367,527.821,843.50829,-249.54236,317.78938,792.54422,716.8116,226.81783,847.8609,-179.34806,290.87278,759.29553,733.92177,199.69484,813.28541,-172.48394,202.6231,841.84725,615.90059,107.04754,892.04292,-364.65155
658,lowcobra,standard,291.17144,179.25099,-222.97656,317.3976,166.73394,-262.20361,321.0205,171.34525,-262.99316,324.08653,175.72154,-262.95358,320.59517,162.86153,-165.69142,327.01591,165.66731,-166.30759,333.03749,168.90231,-166.54909,354.16492,211.00679,-406.88425,360.83372,209.50744,33.02184,288.74879,214.41963,-270.74779,290.67268,212.91389,-149.0126,354.53998,414.31193,-646.9123,393.76168,388.03635,314.77934,359.24633,673.59607,-794.36329,397.13502,622.71408,296.20286,353.94033,909.04778,-863.40867,372.50492,824.10869,4.76413,298.24372,924.75961,-985.06536,326.70565,811.69916,-21.05404,289.47077,906.25657,-938.53912,319.3414,820.51134,-112.0816,313.74426,906.18409,-844.92386,339.03326,831.41489,-45.42849,519.20976,779.39583,-308.01221,538.06175,729.41493,308.0812,873.9487,839.51363,-173.46904,848.95738,790.99229,503.85089,1184.03308,845.91218,80.47707,1117.28502,797.52925,893.86283,1206.05649,803.37756,103.79273,1140.68599,762.75281,936.07805,1322.71,876.96051,-81.04836,1190.11633,901.98491,823.52502
660,lowcobra,standard,973.76735,236.51957,-225.11885,955.06865,210.3953,-197.20088,951.25084,209.76577,-197.83084,946.67451,209.4331,-197.64124,953.22441,213.9314,-258.92318,948.04741,216.65338,-259.61941,942.5979,218.71909,-260.00469,908.32512,231.45362,-68.90649,901.60453,237.98189,-351.89075,960.98758,265.42824,-170.47064,957.69489,267.49045,-255.80549,864.71125,348.73563,102.82636,872.72773,366.56548,-449.76414,859.95563,523.93285,155.90523,854.00702,547.8511,-547.57105,884.06812,660.45617,64.9914,888.01805,712.38727,-609.31599,922.36273,666.05271,72.77765,931.12198,721.80218,-701.80748,928.92905,671.50394,-13.32523,936.99961,715.52037,-648.51823,916.1998,674.17818,30.01157,922.77426,714.43463,-593.32811,752.74284,593.16389,172.74662,763.45529,631.30532,-172.94396,499.02295,641.81716,294.60418,493.312,686.80741,-183.70944,261.58756,653.44279,420.67135,220.69566,691.23244,-177.88756,236.71121,622.88981,427.79379,197.5037,657.54512,-178.11233,142.49876,699.63131,314.96732,92.89367,732.71004,-341.76593
664,lowcobra,standard,942.62585,180.04855,-243.19467,925.96366,159.28403,-210.88191,922.74463,159.64574,-211.32387,919.60062,159.84614,-211.24262,924.0867,161.386,-284.06918,919.59348,163.11229,-284.71264,914.99189,164.61953,-285.09153,888.47753,173.91382,-60.08523,887.3122,178.08961,-399.54461,936.19288,204.52702,-180.90284,933.51195,204.60495,-281.69641,833.34735,294.11941,191.16914,862.39798,320.00899,-590.15199,801.26135,459.97659,290.80093,827.92356,504.80791,-734.1178,803.23133,597.87565,175.60534,809.88955,675.653,-800.81805,832.04415,602.57888,187.19132,850.47403,696.53395,-923.33416,839.21762,611.72363,93.85425,857.42294,690.58767,-871.87942,824.92795,615.12766,135.90949,838.66132,683.65765,-786.05097,647.75356,544.79579,251.88092,647.08345,582.32152,-251.81745,434.69308,563.01744,628.67721,389.49134,615.85064,-165.96177,226.30387,552.97961,1014.39885,170.34606,599.29652,87.64912,199.89973,530.53845,1047.19981,148.63643,568.59209,112.10128,139.55171,589.86629,967.47164,75.98702,633.42799,-29.80157
665,lowcobra,standard,158.81941,121.28412,-165.06165,170.22881,106.18002,-191.47141,172.86255,106.26136,-191.9686,175.1774,106.41822,-191.90407,171.3497,105.816,-140.47832,175.09061,105.77159,-140.9875,178.98129,106.15012,-141.17026,200.01991,117.15118,-268.35648,202.48499,117.55958,-36.43653,166.30283,142.10119,-186.25848,167.41151,142.48431,-122.81299,231.30095,226.64195,-381.31464,265.27017,208.41506,157.38257,293.0274,362.09051,-453.28802,328.9043,330.74624,173.823,221.75899,482.63308,-499.4809,258.07196,414.51927,-12.12523,182.65422,489.83277,-566.17279,232.66733,409.75498,-27.22159,175.97417,482.35507,-525.07922,227.71323,412.19972,-79.04626,190.68681,481.26276,-481.9436,235.037,415.56353,-40.82618,385.50772,416.283,-175.36082,396.39188,384.76496,175.3168,594.04388,428.29503,-85.66584,588.87939,404.73089,305.40323,796.01221,434.68679,62.99813,762.77173,418.2004,478.22324,804.23291,407.00758,75.55215,776.6792,395.82827,496.88159,865.65173,462.35365,-24.60336,840.99915,450.39663,423.29984
667,lowcobra,standard,144.62479,223.65716,-58.64809,157.37341,203.10511,-90.85245,162.07435,202.90384,-91.31761,166.40582,202.65739,-91.28777,155.52302,202.44706,-24.26718,158.33566,201.79906,-24.8733,160.87341,200.98915,-25.16418,198.11995,211.41882,-193.1573,192.05363,210.15987,108.8578,159.95752,244.30933,-89.67535,155.49315,244.31295,-6.10733,238.11654,331.5527,-343.57638,252.3056,321.54674,290.88572,223.1577,496.65247,-430.74543,230.98936,484.08708,278.10656,179.83214,650.81095,-429.11194,192.60837,612.09932,78.48752,143.02366,657.45536,-498.79739,157.41239,621.38845,65.40812,136.3904,653.52968,-457.70338,155.79363,628.63273,5.3101,150.88778,654.74291,-411.32558,167.57627,631.3474,44.73525,381.99319,579.14481,-196.76556,388.59967,553.72808,196.62167,619.59924,642.16221,-165.5442,614.65227,618.61864,261.95323,856.36086,645.9991,-47.32375,827.76424,625.22741,432.47848,875.49049,618.29999,-38.24915,844.43272,594.2375,451.55648,963.97464,672.18923,-170.71459,915.84822,656.5211,358.15487
668,lowcobra,standard,340.01487,110.45607,-217.54044,338.59642,102.11162,-201.63286,339.88716,102.07863,-201.82603,341.10915,101.92438,-201.80478,334.84421,101.92708,-218.78689,332.17244,101.63818,-218.99134,328.79924,101.2983,-219.13231,333.04881,105.71959,-124.58043,316.26641,105.22082,-203.559,339.80007,118.812,-187.50681,334.351,117.08249,-211.29813,336.09796,155.53188,-59.0061,280.87686,159.71103,-204.00307,334.16424,213.40357,-48.40425,266.92159,225.29405,-229.28361,332.55118,268.0156,-106.88256,260.80772,279.11913,-260.19037,345.95038,270.66205,-119.73893,258.40406,286.78329,-293.85389,344.00953,273.34381,-143.89012,269.91133,286.56829,-296.39355,334.95046,273.48951,-118.4192,272.14154,283.78539,-263.18655,290.16079,240.82898,45.06785,262.58853,244.07799,-45.19706,240.13471,247.91593,245.69515,199.91268,257.28693,83.87997,201.08986,235.24167,441.89711,145.95303,245.16587,230.85925,197.3,226.92152,459.4036,140.93807,236.72384,244.61631,185.11084,250.67596,432.89682,128.31259,250.29669,198.01795
669,lowcobra,standard,220.90176,48.68796,-146.08655,215.18877,46.13187,-135.70346,214.58307,46.60923,-135.81997,213.88071,47.02106,-135.8144,214.68873,46.64377,-157.72498,213.83336,47.34224,-157.88308,212.87938,48.08308,-157.9925,207.33295,54.90427,-85.33007,207.42527,55.21508,-186.6369,221.66113,56.03527,-125.81875,221.20433,56.44866,-155.68855,200.65439,89.57485,-5.90672,211.55527,91.97832,-225.06219,206.3665,138.1707,20.77857,219.63338,141.19821,-262.27691,216.49053,177.48361,-17.98352,222.12793,180.88034,-269.72156,224.97196,178.77669,-17.82871,233.03829,183.37262,-300.25177,226.60798,179.90251,-43.9275,233.43694,182.85481,-291.20294,222.73981,180.40588,-29.7961,229.82925,182.71539,-267.10001,177.41647,146.1755,68.5115,182.30095,151.88012,-68.51418,115.87186,164.49623,111.32134,115.84729,168.47298,-71.76711,54.1293,169.86663,180.10131,49.13048,172.96944,-29.99443,46.99963,162.37891,184.97152,43.22003,166.31463,-26.98993,24.07563,179.9209,146.25346,18.84604,183.23938,-81.85092
673,tree,nonstandard,263.37117,36.69727,-97.24858,267.32336,31.34168,-84.95699,270.32083,31.8407,-85.07861,271.96561,32.10266,-85.00605,260.15327,31.63835,-80.28622,258.06534,31.91231,-80.46172,255.58849,32.53868,-80.55507,275.06459,36.18708,-18.68224,253.17766,37.31052,1.16531,268.36084,43.60428,-72.04129,258.91189,43.8068,-67.45468,296.43784,78.67887,-4.84555,237.40927,77.55805,47.20912,308.99805,119.0394,-67.52907,217.2464,116.60663,-23.19924,268.91489,101.61374,-161.21548,255.06479,100.18422,-167.20466,263.88713,90.17957,-184.74919,259.67321,89.03441,-196.87786,266.26472,87.20936,-178.73184,260.58372,86.19168,-191.21382,267.2098,91.3231,-159.26865,260.13758,90.35253,-168.95691,276.70924,172.79623,-18.91088,241.74531,167.08667,18.82801,266.51106,244.87487,-10.96275,182.70129,204.82584,-79.1823,254.16543,305.3796,89.48558,246.97444,202.39772,106.98371,252.35577,312.99478,96.95973,256.47803,196.09282,126.73958,251.91959,325.35438,15.62831,255.01083,233.66263,83.64211
674,tree,nonstandard,360.87395,223.74226,-345.92246,370.98234,211.64268,-321.04002,376.33732,212.31337,-321.35692,381.38839,213.45969,-321.19175,352.65258,210.56105,-314.01002,346.74466,210.66062,-314.52904,341.61697,210.93506,-314.7479,390.24107,220.12645,-175.68527,336.77948,216.595,-146.0832,373.75748,239.05858,-288.26251,351.98311,238.35488,-282.56495,428.53601,293.1166,-122.81105,307.25155,288.17246,-75.40621,478.21028,195.18628,-215.81872,251.91733,206.61351,-153.05802,379.99593,143.35238,-206.14751,343.95946,139.68041,-236.54554,368.45795,113.06911,-230.98297,356.23261,105.96151,-278.23577,367.78908,115.04869,-205.75444,360.13764,109.53458,-257.55108,369.08015,129.1881,-196.51949,358.4421,123.58737,-234.63765,393.20921,504.25057,-13.78145,316.11533,490.92724,13.55401,379.64836,672.47883,-4.7214,196.2967,577.09277,-204.27667,359.30126,810.09471,185.18853,316.3931,629.9884,187.07052,350.77213,825.43856,198.23878,332.48196,619.64548,228.13987,372.62172,864.56105,23.08724,362.44578,687.11007,126.87805
677,tree,nonstandard,716.4593,320.09779,-687.05664,727.31373,302.30774,-658.24184,734.1445,303.25341,-658.79188,741.37487,304.22927,-658.61177,707.80535,301.77151,-652.03028,702.52175,302.07084,-652.76542,696.70007,302.62678,-653.08592,747.19105,309.96412,-460.96759,689.95936,311.15277,-435.9826,731.24349,338.19752,-605.50382,707.62074,336.55332,-602.43874,789.04402,396.44827,-392.34384,646.85848,391.06593,-314.71549,789.48305,259.56089,-572.1513,644.32096,251.12168,-414.84464,728.13692,133.0469,-745.93935,701.97201,136.01197,-594.6903,718.51237,101.64657,-822.39904,708.79548,101.42162,-673.62077,719.39299,99.52376,-817.45992,712.29722,99.11828,-676.69723,720.52495,111.98176,-750.90108,711.41453,112.3596,-608.14776,744.00015,666.74409,-20.60209,651.73423,646.30537,20.36359,693.23988,871.90061,43.72589,467.6935,733.73387,-205.01173,668.9606,1055.53966,383.05335,658.81884,742.41035,367.54317,656.59332,1077.51181,407.2026,688.04877,724.80469,425.87979,689.20777,1111.3085,169.78776,677.92196,829.00715,290.768
680,tree,nonstandard,544.94408,287.05993,-306.94309,564.50239,255.95822,-277.04709,577.5866,255.94443,-277.70078,590.62636,256.20176,-277.4965,521.73604,255.83253,-262.32351,509.90303,256.47701,-263.22257,499.25634,256.5519,-263.91259,601.31278,264.42399,-59.02543,479.71544,268.2334,2.05922,569.37182,316.78179,-216.01408,522.4793,314.57658,-203.75521,690.95364,456.26704,-13.47473,379.58872,444.70242,180.84733,719.17834,738.7037,-149.11716,312.06565,714.77314,-15.71219,550.3119,586.51103,-357.05824,475.61892,578.25111,-481.22302,525.5388,529.59037,-395.39183,502.65563,531.0364,-564.53444,536.23359,508.87084,-371.70539,497.59086,501.76964,-539.40868,539.66017,529.08885,-340.32841,494.84403,517.38986,-483.0574,567.48036,914.48275,-71.75948,391.0615,886.1245,71.47611,522.2021,1277.77112,-12.16544,79.25785,1098.86466,-313.44674,471.21345,1585.5841,237.32716,410.99138,1070.06729,337.69555,454.3023,1615.84103,261.80561,476.47977,1046.8812,419.77086,463.64962,1717.38335,39.10708,448.04614,1247.13535,381.51115
681,tree,nonstandard,1126.45595,622.35661,-955.29402,1168.81515,572.38385,-863.54483,1188.82778,573.90833,-864.77717,1207.03051,576.16599,-864.43643,1099.25536,570.94775,-858.44917,1079.94961,571.80939,-859.7821,1063.12296,572.97109,-860.36569,1228.43751,596.77758,-294.58314,1035.8507,588.93534,-270.95828,1161.31111,669.92284,-728.12701,1097.27232,665.14734,-731.66145,1400.00582,960.59522,36.01293,854.45559,929.76573,30.91826,1553.39917,1326.22322,-286.95995,622.86674,1287.93761,-425.74597,1152.60792,1263.90818,-1225.70756,998.74364,1267.10714,-1292.83004,1099.63864,1177.83293,-1418.02132,1042.55445,1184.8943,-1499.57514,1111.81638,1148.05757,-1388.14782,1058.98427,1159.85701,-1441.82119,1118.66429,1180.49781,-1218.03647,1050.74464,1188.28586,-1287.5735,1266.49572,1754.02165,88.56401,952.47974,1768.30209,-90.43171,1759.0783,2176.29142,-354.52223,1001.47284,2411.55,-99.26656,1159.3656,2058.66568,1183.01996,1097.54247,2960.67524,709.01059,1085.98618,1986.45045,1342.32003,1126.78673,3021.28922,792.23279,1068.65541,2301.66959,1037.15037,1088.73598,3132.35469,242.92471
682,tree,nonstandard,381.94883,278.09838,-141.06733,390.05579,267.64805,-102.66551,398.23992,269.40487,-103.02411,406.16789,271.27645,-102.92199,374.11504,265.99655,-113.22642,368.40714,266.53196,-113.75314,361.71045,267.61491,-113.85124,411.05002,284.64068,70.76849,351.45385,282.05367,22.46963,395.90772,299.57086,-72.65878,370.56486,297.44775,-90.83595,451.08202,369.0672,104.46187,305.61105,353.22239,18.07729,510.45051,247.08434,32.63454,257.03108,227.93208,-133.07893,415.12739,147.31556,-22.75062,358.26788,131.68132,-203.31211,399.1816,113.66512,-50.8837,377.54636,107.23889,-251.39531,393.41486,116.77777,-37.47071,382.10963,115.89966,-224.73086,396.42141,130.53818,-19.27309,380.28304,128.59595,-199.84449,442.59268,633.32942,49.84768,345.11955,644.06011,-50.3714,606.18082,766.78107,-118.88248,368.04387,860.37428,-251.29277,434.23822,885.12828,205.74268,398.40891,1051.59851,-132.99809,393.55615,878.18825,236.3434,400.46443,1073.96463,-120.99993,401.1343,960.40024,134.20362,395.3375,1129.11903,-285.46665
683,tree,nonstandard,1097.26765,185.62951,-308.43553,1110.47401,163.86322,-275.68851,1120.10811,164.51941,-276.02088,1127.80861,165.15519,-275.83185,1086.38432,165.27025,-265.94356,1078.80569,166.59338,-266.41448,1070.89256,167.13829,-266.70098,1137.66666,172.48534,-75.09283,1064.5015,174.30317,-34.00663,1113.71395,204.77037,-229.12301,1082.52308,205.5967,-220.49284,1187.62436,288.25979,-11.12818,1005.81116,272.73402,119.0693,1238.24558,411.51944,-186.51279,935.47737,387.05454,-68.17325,1120.34191,354.50696,-458.71719,1065.58182,352.60854,-451.3815,1104.23367,323.54599,-522.30892,1084.75445,320.89356,-529.85327,1103.47115,316.23502,-498.82359,1090.04574,317.90846,-509.15571,1104.44687,331.71711,-449.91611,1086.53538,332.32367,-452.98694,1132.3431,551.01126,-46.66709,1014.37191,542.77313,46.42944,1101.08871,765.87526,-119.06921,862.76682,671.91885,-291.531,1084.20776,967.24062,98.377,1038.3704,789.47338,208.13347,1079.07246,992.2122,113.01538,1069.785,782.70494,261.41759,1070.79002,1035.43186,-127.91017,1065.1403,894.61936,126.48412
685,tree,nonstandard,643.90671,184.31522,-332.12807,650.26749,173.91203,-308.1105,655.02022,174.7297,-308.43231,659.51973,175.502,-308.43731,636.21529,173.51659,-313.72997,632.3103,173.71113,-314.01257,627.62169,173.8095,-314.11825,664.14078,181.30739,-159.1387,620.53581,177.51941,-182.97195,650.81558,197.12099,-273.27215,635.28221,195.42487,-282.13995,692.61017,247.37087,-62.1272,584.00856,246.98454,-121.812,721.44272,320.19503,-160.52431,561.66481,327.53527,-271.56811,742.91054,322.14731,-476.87313,546.82667,320.15875,-581.66801,734.58649,331.38544,-544.78699,542.46441,316.28922,-658.45497,735.87097,312.23638,-573.41412,543.03516,303.16815,-673.40721,735.06653,307.98974,-496.51066,548.41896,304.72864,-596.8161,684.76273,401.90645,24.77777,623.0085,413.54517,-25.03098,797.68272,455.23812,-178.75862,637.72541,538.31871,-64.04629,678.58429,466.07201,160.12066,655.7843,640.45186,109.73463,658.96194,455.84773,191.9342,662.70004,654.67649,123.67025,666.58226,518.35423,108.08232,650.36003,677.81911,-12.11356
686,tree,nonstandard,97.7258,50.95293,-63.52326,100.85818,47.26693,-53.05505,102.76419,47.50809,-53.14327,104.14958,47.51202,-53.10585,94.76497,47.02393,-52.24451,93.00581,47.12836,-52.37152,91.21599,47.08124,-52.45572,106.14618,49.82629,6.31336,88.76376,49.43746,8.92495,101.53471,56.22211,-40.31578,94.68189,55.48934,-40.43236,120.44402,77.91211,25.82414,74.97701,79.41805,47.48253,131.61145,114.23075,-24.33482,64.11273,114.44153,-9.857,103.63272,95.92023,-120.32349,93.08242,95.37368,-119.14909,100.31224,86.89877,-141.33109,96.46103,86.70055,-142.62073,100.94898,83.95249,-138.2648,95.81931,83.81752,-138.22377,101.16396,86.91304,-120.25551,95.71335,86.52747,-120.23399,113.82939,151.51788,-9.46189,86.73188,151.80647,9.38857,106.96839,210.96944,-12.60067,61.18269,206.35353,-52.03619,97.41585,262.30738,71.50604,87.8942,250.70983,69.38495,96.94055,266.09849,77.2265,93.0691,253.38997,80.7445,94.52201,279.05627,12.23367,84.58049,273.17855,29.92623
687,tree,nonstandard,535.32851,512.41255,-247.5504,549.86036,493.36557,-207.19328,560.35713,494.09714,-207.62578,565.96477,494.54236,-207.57102,523.97193,493.79244,-208.37967,516.86794,494.5909,-208.88448,508.7348,494.92507,-209.13858,574.23316,503.16749,13.71939,502.7686,503.84803,9.74539,555.03448,531.67543,-160.98935,524.76811,530.43408,-166.05307,650.68932,628.9989,119.75576,441.91164,638.77273,91.50995,668.34018,799.67823,-22.01623,411.77073,801.75266,-139.29669,565.35523,713.32469,-372.59281,516.26033,712.21189,-511.33225,546.62726,679.78125,-439.09997,531.90626,679.03485,-589.96961,552.25825,665.43813,-425.55943,528.61726,664.22248,-567.06254,554.95806,676.26061,-370.41525,527.59502,674.97311,-510.489,624.23344,909.408,37.05101,503.82478,935.78739,-37.57953,831.52385,1032.11555,-229.35669,560.06713,1159.13095,-110.86919,609.90322,1035.24637,378.38076,589.93621,1359.97953,222.44866,570.76918,1011.5818,441.72832,606.82039,1375.68474,257.23019,584.51214,1136.04574,346.25026,592.34859,1445.93086,69.8518
688,tree,nonstandard,154.96337,139.91051,-49.98951,159.03688,134.35715,-37.41036,161.80272,134.47433,-37.55303,163.59581,134.76183,-37.47929,151.52709,134.94214,-36.49703,148.95607,135.31337,-36.72384,146.84819,135.50272,-36.83037,165.72413,137.8088,17.99091,144.94126,138.762,22.28823,160.68687,146.85294,-28.69024,152.03878,146.03532,-28.88545,182.39275,165.55601,21.62182,132.11869,165.75132,29.90834,202.08213,126.41171,-15.69735,109.88848,124.919,-3.21024,168.52816,102.62558,-17.88324,143.48222,102.51283,-14.73439,161.63698,91.76317,-25.13461,150.52773,93.3175,-26.19624,160.03928,92.16605,-16.41734,152.30899,94.09319,-17.05166,161.53518,97.16472,-14.62463,151.16149,98.16843,-13.29635,162.48178,261.06463,-4.52651,129.84527,255.89704,4.35065,152.6244,339.95599,-11.41695,69.91499,290.38056,-72.63252,141.86343,399.97991,26.2749,127.29323,319.95959,55.27209,137.31087,407.81347,28.30729,136.32487,317.30302,69.52153,145.53142,423.53067,-29.89279,142.00638,351.19933,45.08662
690,tree,nonstandard,213.60502,125.19931,-131.9454,220.54377,115.71462,-112.00279,226.61426,116.18853,-112.22854,230.33221,116.13398,-112.10649,207.06059,115.34524,-104.73973,203.56772,115.66491,-105.08653,198.67605,115.83265,-105.30286,234.2634,120.55272,-1.73041,194.65986,120.2137,28.4175,220.57313,136.08992,-89.28825,206.85122,135.66301,-82.76953,273.89904,196.83244,18.4081,158.3333,195.06233,98.98357,305.43165,278.45954,-80.09984,127.21042,277.34344,-20.32428,231.69342,240.09073,-230.09342,196.95361,238.32768,-260.24564,222.56192,220.49336,-261.32876,209.26282,218.48996,-308.08788,225.17141,214.1304,-250.30395,209.57314,211.47972,-295.54887,226.47725,221.1925,-225.12938,208.09457,219.53874,-261.64363,235.33118,375.7185,-30.38987,171.49985,363.673,30.27195,210.86812,509.67146,-49.57225,54.52609,424.22667,-201.97856,195.9311,634.65605,82.03107,191.04577,438.10257,64.21662,192.23192,643.58073,92.56767,211.45533,428.32364,94.72649,185.35049,675.1178,-39.83672,204.54353,491.79697,29.19373
691,tree,nonstandard,115.95543,62.00582,-52.17826,119.9053,56.15766,-48.16136,121.83191,56.2771,-48.30445,124.49239,56.46378,-48.29519,112.19721,56.31286,-47.42957,109.64315,56.62955,-47.56875,107.9531,56.95326,-47.62186,126.71008,59.74481,-16.69844,104.65822,60.10064,-12.7107,120.73058,67.88193,-38.70275,111.58179,67.94466,-38.53604,143.90299,99.76834,-5.10967,87.10103,100.141,11.68736,162.65089,140.95126,-27.33824,71.57186,146.94946,-29.47934,124.60811,129.70398,-75.13837,110.0173,129.62779,-85.24372,119.89698,117.59108,-82.72841,113.99852,117.93917,-94.74622,119.54181,114.29194,-74.84575,112.98437,114.48095,-85.6014,119.70089,118.4901,-70.67928,112.58322,118.79347,-82.39262,137.34913,182.17081,-0.50852,104.06074,183.64404,0.30496,178.40148,238.51879,-11.59196,110.61803,251.50726,-6.19899,115.70609,210.30094,69.19119,119.78871,317.0118,21.0852,113.09505,202.27593,78.14891,122.56688,322.97376,24.90618,88.33753,216.98763,65.64106,120.55788,339.62226,-8.77253
694,tree,nonstandard,286.11297,112.5694,-152.21093,291.87402,107.4543,-133.5137,295.54932,107.6028,-133.66623,297.87594,108.00788,-133.63702,284.16746,107.86895,-133.97815,281.83508,108.24763,-134.19603,279.9934,108.52246,-134.25921,303.5996,113.13343,-54.06021,279.51974,111.60853,-55.17799,292.91165,120.6552,-122.13898,283.82633,120.46092,-124.13902,318.33966,145.59932,-35.61875,264.4134,143.75699,-55.46638,331.53477,97.71297,-94.88748,257.74525,97.96001,-132.74452,329.0097,49.38097,-157.10925,265.29499,53.41098,-188.27348,330.32262,40.45514,-179.18669,265.28644,43.06997,-216.43336,329.22224,37.96615,-180.85515,268.1421,40.92008,-210.86948,327.58416,41.47823,-160.91434,269.60925,45.14123,-190.88593,320.84684,247.07005,14.16863,279.62537,254.71338,-14.35668,360.17518,297.42839,-152.9541,289.07896,324.24632,-66.89921,315.81101,332.36759,76.6415,303.95064,381.28604,94.12952,305.13496,331.06479,98.3942,306.11991,389.56565,109.06364,306.07789,363.94631,42.62041,300.52893,397.91072,38.18546
695,tree,nonstandard,363.38078,79.1153,-126.2994,367.70123,71.33675,-106.90676,370.82738,71.5507,-107.07256,373.68142,71.66579,-107.02154,358.36124,71.6596,-109.9979,355.25428,72.05124,-110.21798,352.67744,72.31119,-110.31873,378.35354,76.73144,-2.89395,348.17838,78.13001,-17.31761,370.39245,88.48088,-86.3144,359.20434,88.35081,-91.9622,408.78618,131.10556,57.96411,329.28259,132.44999,-1.05131,419.60063,187.95986,-31.10897,317.76482,188.50498,-126.2843,377.62071,141.35625,-216.62411,366.02749,139.75574,-288.54383,372.06151,125.64457,-248.94097,370.81045,123.93383,-328.30702,374.09401,121.61538,-244.76442,368.48394,119.19702,-312.75299,375.20771,126.6935,-217.88638,368.16679,125.51478,-286.52959,394.50111,251.60391,34.07913,349.90548,255.62127,-34.30891,481.20737,297.60419,-24.87221,365.4107,359.77125,-56.83965,388.1372,292.67228,196.6074,383.4689,452.25045,25.08706,374.50034,284.41134,218.36784,384.59889,462.44784,32.05617,378.79488,329.42361,163.44264,391.18292,475.34506,-77.12011
696,tree,nonstandard,178.10929,66.25432,-107.15366,181.76629,62.39375,-92.94557,184.13431,62.71619,-93.06522,185.39054,62.99646,-93.0059,175.03796,62.36053,-90.1081,172.79474,62.77941,-90.24615,170.87644,63.08364,-90.34137,186.7791,65.89466,-18.85042,167.20008,66.33115,-6.65862,182.12516,71.8946,-78.89856,174.25139,71.86735,-76.51472,205.38795,104.71998,0.9517,149.55698,103.89087,41.22433,221.25616,145.86636,-70.3247,133.76519,146.29812,-35.44713,183.57468,129.4534,-205.98599,168.65827,128.97793,-203.80492,180.03473,118.38497,-237.41551,173.01402,117.79368,-241.07715,180.69505,114.47147,-234.9462,172.31936,114.03099,-236.77031,180.91336,118.10517,-206.56114,171.44506,117.49213,-206.79868,187.88388,187.74685,-15.44404,158.19124,185.6037,15.38084,178.98178,256.12307,-29.65618,104.50708,225.86391,-85.22032,166.14337,317.05441,75.7878,168.86784,215.61699,83.32345,165.6687,322.40636,83.61772,177.31022,213.09454,100.68142,161.05041,334.79185,-5.18441,178.28944,239.25362,46.89638
697,tree,nonstandard,230.38971,140.11107,-164.79686,234.2826,132.68034,-149.13831,237.31543,132.7784,-149.32947,240.27104,132.6347,-149.25245,225.14524,132.88472,-145.81562,221.94522,133.01968,-146.05997,218.66411,133.31084,-146.21998,241.3929,135.87637,-59.45129,214.3097,136.79042,-45.63756,235.6648,148.97444,-129.71525,225.42983,150.05606,-127.43003,268.8404,186.25703,-37.47113,187.86334,188.20134,19.41159,284.12956,242.19602,-123.25087,172.72011,249.53437,-74.01704,235.99683,214.10481,-264.21192,217.92285,216.99558,-272.27862,229.12799,196.99146,-296.37356,224.66933,201.07933,-314.6292,227.95799,193.69415,-291.40618,224.41409,195.88687,-308.41465,229.98975,199.84864,-263.05061,223.71991,201.66119,-275.35267,241.38776,312.04432,-25.87599,197.03623,307.33613,25.74796,226.90815,401.95348,-60.73908,116.14705,358.99491,-104.97262,216.84157,493.27643,14.91253,207.5219,352.52153,114.97035,216.10347,501.27101,19.92936,221.47307,344.31216,139.22631,213.59461,522.18213,-77.78629,220.36233,385.33408,102.97499
698,tree,nonstandard,475.22274,170.80269,12.77398,479.12943,162.76379,31.31023,482.80889,162.73602,31.15345,485.17749,162.79778,31.26093,469.80425,164.04299,34.80014,467.3201,164.61636,34.5869,464.17633,165.08964,34.50593,486.80248,166.19214,113.3129,460.61645,168.62887,129.1767,481.62035,178.14885,43.55087,470.57823,178.55306,46.65487,512.39757,214.17777,111.07716,441.37133,212.81582,165.16849,538.33442,260.29803,28.23716,408.36616,258.94123,70.40343,483.18257,241.57802,-87.46075,465.80792,240.09077,-97.703,477.79799,226.37583,-114.09039,472.07045,224.41127,-131.33938,477.94524,222.95111,-100.70224,471.17958,220.6584,-120.48697,477.87738,227.75441,-82.52006,469.90027,225.69115,-97.97896,487.8273,330.51721,-22.54122,445.00087,320.01468,22.35129,471.29266,429.79338,-67.01286,365.18541,346.48726,-127.4602,462.09864,523.88817,19.12639,436.13368,401.86844,81.42026,458.27048,532.1728,24.89416,451.15721,397.9748,103.63209,460.08081,560.23647,-81.16004,451.6149,429.77171,48.74593
699,tree,nonstandard,540.46993,207.23172,-228.74935,539.71539,202.88593,-219.84725,539.16388,202.9781,-220.04821,538.56063,203.05771,-220.06748,540.99846,202.61571,-227.58393,541.33282,202.54096,-227.81689,541.54096,202.42728,-227.93682,537.9272,205.69338,-154.46572,542.18092,205.29605,-189.71717,539.52274,212.56638,-200.50452,540.31587,212.56995,-212.21468,572.76959,237.67786,-98.54977,504.6742,234.4594,-164.05449,614.4784,208.33679,-115.58222,461.42139,206.24895,-253.67982,614.82086,154.46305,-198.18599,462.5248,150.31581,-343.63008,612.99767,143.21666,-216.93873,460.82745,137.06654,-377.42956,607.57952,141.07376,-229.66077,469.31267,136.11279,-372.08757,606.05149,144.85997,-205.91075,472.2414,141.60913,-346.43359,560.63175,350.84771,23.34815,530.45678,353.86229,-23.52155,578.43227,432.83521,50.19538,543.10303,443.40736,-46.72861,556.5959,404.52407,277.80886,563.05265,516.25221,15.16794,561.10439,431.50299,298.74353,567.32478,530.68602,18.89061,552.71783,446.79154,281.40855,555.09768,540.30225,-45.61119
701,tree,nonstandard,130.50069,97.52169,-45.25737,133.64464,93.32078,-33.85368,136.15289,93.82498,-33.97975,138.80194,94.4329,-33.95118,127.14956,92.88723,-36.07713,125.23389,93.15733,-36.2626,122.77505,93.52966,-36.29583,139.8189,98.73378,18.55268,118.25373,97.2545,8.63428,135.78316,104.50687,-24.62549,127.29876,104.61891,-28.95157,154.30103,127.31485,24.16526,103.52738,124.34711,6.64391,176.84196,85.18428,-0.81207,86.61051,77.28941,-41.22198,143.49147,50.88667,-7.95889,121.94966,46.58128,-60.70971,137.84814,38.68133,-16.05423,130.46132,36.99099,-75.60683,135.98559,40.35711,-11.72602,132.18522,40.71699,-67.08024,136.47388,45.48082,-6.6536,131.11133,45.59956,-59.74931,154.94832,219.32029,11.83814,120.05154,223.27318,-12.01881,210.0683,263.44087,-46.14854,126.46424,296.8031,-72.71869,150.41022,303.12892,53.70852,138.5154,362.52616,-43.24358,137.48176,300.00985,63.55429,139.29647,369.49329,-39.9804,137.00009,329.75439,36.89674,137.86829,387.94528,-88.00482
702,tree,nonstandard,230.53358,45.37237,-87.03941,233.06661,39.81984,-75.39057,235.48151,39.86671,-75.50751,237.55223,40.01622,-75.49329,226.73582,39.78065,-76.78773,224.48648,39.95041,-76.90958,222.72012,40.19067,-76.9599,239.19825,42.40265,-11.5787,219.33009,43.3914,-17.79754,234.22911,50.12069,-62.29685,226.88288,50.50478,-65.01028,256.26528,75.22166,16.08411,206.79288,75.61448,0.72282,254.80752,111.61486,-47.44885,208.31536,112.22087,-87.32886,236.27504,83.19942,-166.7585,228.59682,83.36721,-209.10381,233.2634,74.71161,-190.52732,231.58938,74.87943,-237.05527,235.6352,71.78782,-189.33874,230.4848,72.1058,-230.3163,236.04617,74.7074,-168.47257,230.11079,75.22124,-209.82826,249.33509,147.70907,10.66597,221.73817,149.98991,-10.80547,301.88024,176.62058,-45.20843,231.21087,213.85464,-30.75044,243.55496,177.90964,98.74345,239.82835,271.75272,35.66364,236.57649,173.07878,112.55706,242.28509,279.05014,41.3084,237.26631,201.21885,78.98335,238.484,286.07197,-20.3479
703,tree,nonstandard,147.44631,82.55371,-178.75059,152.75402,75.62427,-165.11802,155.93775,76.33824,-165.26821,157.81261,76.74159,-165.24629,144.08464,74.80325,-165.09793,141.87256,74.4341,-165.27677,139.5137,73.94461,-165.32463,160.25237,79.35354,-88.28258,136.38815,75.59826,-85.85611,151.67859,89.91733,-147.32796,142.93049,87.47691,-148.20014,178.72223,122.63357,-29.58036,114.12019,109.1714,-34.66091,209.02247,168.24346,3.25178,65.24219,77.38596,-9.25371,183.57626,203.89098,-32.45535,114.69984,59.25581,13.78851,175.55005,211.11351,-43.03897,127.11737,57.57493,5.36886,170.66962,203.742,-51.245,128.83931,60.64285,11.77719,171.79844,201.91601,-34.47322,124.96165,63.68974,16.46813,160.2966,219.555,7.10203,123.38546,224.7349,-7.27058,234.53293,253.20378,-108.50678,132.98279,304.82443,-36.2214,155.13113,258.61708,80.91693,137.94403,377.55964,59.40803,144.15986,251.32524,99.84694,143.1337,387.06737,68.48347,141.12539,291.75052,59.49272,133.95747,406.92007,0.41982
704,tree,nonstandard,1000.91622,707.00485,-760.92264,1021.25106,672.97325,-719.7113,1035.71007,674.60701,-720.62606,1047.64537,676.38145,-720.35111,985.61735,672.69974,-701.04706,973.35825,673.47504,-702.39671,960.17674,675.66162,-703.01965,1058.17871,691.78391,-456.15491,942.16265,692.4688,-372.14446,1027.71741,742.79312,-649.0401,983.00388,740.41916,-632.66722,1126.68571,860.38841,-458.84344,884.33759,847.63168,-201.98733,1163.02994,566.48872,-687.92305,813.25601,574.72801,-352.39958,1016.12183,343.45383,-742.94378,936.52003,348.33237,-548.00197,998.50762,290.36484,-821.7322,950.70542,287.63208,-636.72529,996.01075,286.89667,-796.93782,961.14137,281.15759,-626.18314,997.3655,304.47906,-736.56644,959.28702,300.93103,-562.57212,1042.98764,1352.33658,-75.66103,866.16526,1322.41821,74.91505,987.42852,1744.26239,-41.00371,598.0009,1557.74933,-209.77175,941.92542,2069.25003,390.39827,951.23749,1573.10837,623.99507,939.64637,2100.01511,425.18225,989.32351,1543.23914,718.45401,926.4637,2192.58514,134.60627,1080.81074,1699.4101,620.38816
705,tree,nonstandard,191.72716,98.88131,-248.50665,195.81648,92.68257,-233.48835,198.94967,93.04237,-233.66134,201.61629,93.56286,-233.58584,186.76094,92.44043,-231.24917,183.64105,92.7033,-231.51119,180.63213,93.07644,-231.62547,204.84838,97.2978,-145.99496,177.50287,96.49476,-137.12997,197.96423,106.83024,-214.09925,186.37589,107.00828,-213.02118,223.95548,134.97726,-111.05422,161.22186,131.17731,-89.69033,247.85737,84.18189,-167.34189,134.34914,87.51094,-129.48703,200.04526,56.77436,-179.3865,181.82334,55.84766,-174.64271,193.78322,41.69855,-197.11613,187.44355,39.4402,-198.6336,192.98018,42.69405,-185.07257,189.27834,41.15939,-190.02618,193.83016,49.30527,-175.38135,188.46039,47.82843,-174.44937,201.96066,242.04907,-5.0109,161.04804,233.40336,4.91419,197.13684,322.77768,-15.67227,99.72821,268.89383,-135.4516,184.75674,392.17775,111.64598,157.22598,296.81831,89.61259,180.1108,400.0081,120.72524,167.74296,291.45936,112.65808,192.53889,420.18672,24.12346,182.50108,324.14107,51.58124
706,tree,nonstandard,385.53583,147.06282,-165.48422,388.70732,141.92747,-155.67158,390.93347,141.89507,-155.81686,393.30484,141.9307,-155.76818,382.3089,141.6115,-156.40661,380.32196,141.32393,-156.62807,378.2092,141.19896,-156.72139,394.77593,144.46973,-90.04761,374.07675,142.07459,-94.23692,389.9062,152.42719,-137.8335,382.13166,152.42115,-140.32406,407.14967,165.99963,-60.23198,360.71621,163.36892,-57.34218,421.10617,121.20438,-78.12356,356.34881,119.67904,-84.84206,406.51877,80.88966,-105.88648,370.72407,79.679,-131.43088,401.84177,68.11162,-122.52007,373.21496,67.60154,-154.43253,397.38914,68.4691,-124.0079,379.07686,68.50212,-154.60098,397.34017,73.82044,-107.76441,379.73599,73.28054,-134.84394,396.06455,261.9009,-3.35539,363.92246,259.22582,3.24207,380.48234,331.33913,-10.89011,320.99841,313.44835,-68.08081,373.19823,388.22179,93.94222,362.33241,350.33964,98.45331,370.6082,396.55415,101.32843,370.03296,349.39939,115.00857,373.3174,408.00931,30.08196,369.70273,376.7985,67.47106
708,tree,nonstandard,182.92311,70.17487,-185.57677,189.42413,62.75408,-173.39306,192.30219,62.9226,-173.56723,195.65381,62.97206,-173.48498,179.48104,62.07991,-169.3114,176.56419,61.99509,-169.54578,174.17076,61.75973,-169.68309,200.61826,65.99626,-88.72139,170.51026,64.89032,-72.46059,189.19271,76.65753,-151.45905,178.40261,76.86449,-148.12273,222.77364,108.57929,-40.06969,146.80228,109.22217,-3.83858,252.3036,155.52798,-97.33344,118.92489,159.45789,-60.83381,197.47315,157.74485,-230.18433,173.39433,158.25625,-228.80938,189.67019,145.15751,-261.67515,179.0617,144.44258,-266.89273,189.82396,141.02872,-257.4335,179.78899,141.41145,-264.40487,190.5353,146.27302,-229.14273,179.20074,146.394,-231.7201,200.75775,221.31726,-9.44603,155.56911,216.65442,9.37165,194.32971,311.46516,-14.22008,90.35362,271.12981,-163.76583,180.79451,384.1321,118.73269,163.5963,286.70648,67.74061,175.74863,393.24484,128.70964,174.81381,280.46402,92.09206,194.0357,411.35208,33.23622,182.79271,322.34895,32.67019
709,tree,nonstandard,139.96376,139.0524,-221.12718,144.6765,131.93196,-204.21386,148.85545,131.90661,-204.4426,151.88817,132.26106,-204.40778,136.52871,131.67252,-209.97619,133.67163,131.5284,-210.27597,131.01493,131.44174,-210.39157,154.55755,135.38395,-118.49268,126.89706,134.84297,-143.01905,146.69881,145.70007,-186.58416,136.2562,144.64593,-195.61821,170.9739,163.54575,-75.05087,114.77458,166.76,-144.0598,192.34919,108.66825,-124.16203,94.71033,111.98022,-250.53181,192.1491,52.10879,-203.74848,90.19661,49.67067,-322.54467,191.65386,35.11111,-224.46612,89.69305,35.1269,-356.7477,187.41201,33.48455,-232.60501,93.80484,31.33803,-347.07802,186.05098,41.01581,-210.20672,96.07558,37.06129,-324.43345,176.69659,280.49757,29.92346,136.14202,291.51946,-30.19089,252.50176,317.62274,-56.54454,146.29953,375.39382,-30.81173,173.93382,326.6397,151.36597,157.70829,443.37936,72.86517,158.53709,317.94146,171.94364,162.28886,450.80106,83.19251,156.0062,359.84863,146.29744,156.78904,475.61234,25.33059
710,tree,nonstandard,344.34664,597.20082,292.32708,339.05953,588.2616,268.75787,336.07722,588.38915,268.48008,332.79408,588.65148,268.45087,348.72338,587.87813,255.914,352.51802,587.82691,255.67968,356.50187,587.80021,255.62343,328.2974,594.17425,163.84002,361.4056,593.51256,106.50822,340.08403,606.86286,263.33447,350.32919,606.58605,244.81487,290.87095,659.55604,143.14805,397.84066,659.24796,-25.04029,224.84954,719.03603,157.77951,456.77754,728.82035,-105.77169,150.42191,687.09357,188.56452,538.61585,706.3683,-94.05946,131.01553,684.0772,180.63312,561.73893,698.24234,-127.4044,132.22386,674.01982,189.15868,560.23144,688.86219,-100.22987,139.84773,674.98189,194.25675,550.78083,690.75339,-84.16104,314.31806,840.32609,73.22388,380.81595,833.01606,-73.30022,325.93676,979.11141,138.33954,485.40312,896.27922,-111.44126,344.91049,1118.53297,142.09091,365.92672,919.66505,64.9836,352.85,1135.80422,139.03261,347.41282,906.66824,88.96771,351.45411,1133.61036,134.82646,343.58507,972.34099,163.79584
712,tree,nonstandard,218.97736,67.83655,-82.20329,224.06702,58.93338,-72.02209,228.66292,59.45908,-72.19738,231.674,59.60852,-72.13113,213.42916,58.3767,-67.88309,210.22372,58.24906,-68.14725,206.57685,58.52155,-68.33004,235.71794,64.62917,-8.18503,202.85714,64.17313,8.81603,226.1831,77.17793,-56.06862,211.89086,75.76068,-52.69971,261.86264,114.85056,12.21427,179.47474,119.6061,53.55824,291.29264,171.3734,-24.17899,149.08298,180.20177,7.46874,230.77376,172.83162,-94.44776,206.76477,173.70674,-109.56062,223.47009,158.70306,-108.99336,214.1062,159.78736,-133.77908,224.17865,154.14119,-100.0061,214.85348,155.51937,-125.13071,225.16162,159.67111,-89.23572,214.21869,160.01186,-108.55463,239.62562,250.65911,-14.04754,187.73209,241.84008,13.9528,228.28319,356.18192,-11.38224,105.47408,297.37973,-120.83095,220.40915,448.64559,80.22881,199.03771,291.8686,78.66774,216.74962,459.74606,88.26351,212.73057,281.50028,102.38091,222.20726,478.47313,12.87263,217.84639,335.64559,75.98931
713,tree,nonstandard,481.43262,261.40159,-320.47474,493.23183,243.74482,-284.17745,502.15578,242.79937,-284.5473,508.12131,242.68216,-284.41721,470.20206,245.74709,-274.50067,463.29883,246.04869,-275.07886,457.41397,246.17392,-275.32053,515.58918,248.28684,-111.42208,450.84071,250.95734,-66.85825,497.77639,276.52144,-253.57389,473.29298,277.1312,-244.64232,553.46113,308.83968,-121.63612,429.4892,314.15248,35.95359,606.75657,230.07792,-357.94926,363.28205,238.38964,-41.70528,658.95456,120.47282,-628.84694,305.7034,137.69385,-225.5823,682.18541,89.64455,-693.09139,282.87318,108.98131,-273.38761,678.09904,79.97262,-707.20309,291.21858,99.39045,-299.18829,665.38036,91.14432,-643.96292,303.29788,110.02594,-249.08896,537.96822,573.4424,-58.26199,450.23018,572.33423,58.01136,537.91958,714.71,-351.26793,394.38808,718.83535,-310.91198,524.34498,866.40334,-62.28358,477.27937,844.72412,33.03113,525.55388,878.03447,-39.60391,503.38316,849.55901,64.81279,500.87065,943.76862,-207.19464,477.00289,929.23582,-71.70457
714,tree,nonstandard,469.84167,358.67592,165.44722,465.37913,353.3046,141.29021,462.80915,354.16145,141.14068,460.09772,354.98579,141.08512,474.06074,351.60128,142.12337,477.74548,351.53551,141.79315,481.41119,351.5822,141.76186,456.29564,362.66314,55.27722,487.65633,358.71688,57.38541,467.48853,369.00913,142.73787,476.8473,367.18796,141.61423,437.90254,398.78345,19.95515,519.76933,398.6972,38.9965,429.66721,331.48822,31.61025,515.71867,335.04819,60.62117,467.43608,279.9187,82.98413,480.93035,279.62884,103.04477,469.59716,264.26367,86.71892,476.72034,260.28043,106.1989,472.03696,267.19345,80.84313,476.34286,263.84736,98.94192,472.17357,274.42028,81.72365,477.31926,272.49236,98.57779,429.99873,554.2545,-8.87807,480.05596,563.82295,8.45938,329.79906,605.36775,-25.87726,460.98087,680.29554,70.07312,430.97858,621.51875,-132.57938,447.24686,786.22433,-120.79746,444.52473,612.64518,-144.0019,440.32499,804.72528,-142.58593,444.71062,665.41024,-141.7012,454.42722,804.34777,-192.20578
717,tree,nonstandard,432.3725,223.20552,-50.91477,439.53186,211.5117,-22.07714,444.86429,211.24791,-22.2915,449.30823,211.49393,-22.25924,426.71762,213.73274,-18.56231,423.28589,214.67276,-18.87327,420.66751,215.52887,-18.95031,456.75159,216.00199,92.77508,419.97952,218.94866,109.453,443.64297,234.03099,-7.8666,430.91302,235.34253,-5.56095,489.57938,269.81909,86.49306,404.17807,272.04803,122.03699,494.24075,193.40824,21.79038,366.1875,201.44398,15.2958,429.29169,137.52045,2.2499,416.40738,137.5291,-71.40952,421.50024,117.79507,-17.82246,416.9473,115.8891,-102.94944,421.16089,118.72231,-4.44601,418.56323,116.47527,-88.40214,422.86218,126.51764,6.77123,419.31299,124.89649,-71.69959,475.98697,420.3734,1.86178,420.87787,423.43469,-2.14046,531.75562,487.07899,-178.68973,438.42426,557.6548,-148.93813,455.74451,501.71379,120.24845,470.11252,680.90904,-94.39564,441.73996,494.53372,149.04176,479.22678,700.50018,-91.14328,452.55396,547.13086,92.07557,446.98746,714.73389,-217.63365
718,tree,nonstandard,108.78966,34.27515,-89.84132,112.824,29.59667,-77.20654,115.22177,30.00625,-77.3249,117.13241,30.18404,-77.26184,105.13482,29.05038,-73.84597,102.76534,29.43156,-74.04257,100.42506,29.79068,-74.1519,119.69328,34.07267,-10.26375,96.88168,34.33464,3.58157,113.86321,41.14254,-64.13285,105.29485,40.47591,-61.25366,140.44221,74.23012,11.3099,79.60401,77.66085,46.43297,164.82129,115.74773,-39.38969,58.86129,120.25569,-8.7139,118.97215,107.64935,-128.71278,101.6882,106.3909,-138.16401,111.97626,97.43844,-149.66901,107.05714,97.00134,-166.16173,112.19281,93.17968,-143.72743,107.66701,91.95688,-162.43024,113.9628,96.81787,-126.56758,106.95607,95.40606,-139.97653,123.3381,168.39515,-10.72497,86.54258,163.36142,10.66075,112.38584,246.87362,-45.0703,38.7917,196.48539,-178.14074,96.59432,318.49141,27.73646,87.13513,242.69376,-33.0528,92.81211,326.95214,31.93556,98.96157,241.99778,-17.95705,104.44771,333.91245,-54.78064,99.77283,276.93401,-76.15079
719,tree,nonstandard,671.91545,267.48332,-305.3057,676.68247,256.96615,-278.96618,681.69256,257.17097,-279.27655,685.64699,257.1289,-279.24961,662.53492,256.15165,-286.08746,658.17586,255.47642,-286.36368,653.4744,254.79568,-286.4677,687.90865,262.18351,-123.09647,646.16979,258.86261,-154.26783,679.17349,278.64785,-243.32239,662.94195,278.44739,-254.56418,719.73836,331.19376,-26.42978,607.38617,333.63004,-67.17512,763.35975,411.72897,-97.41003,560.49282,424.28963,-196.96542,683.74486,420.99165,-360.11388,643.65002,421.90781,-448.82191,668.99934,404.62886,-416.89209,655.71181,403.0187,-511.79001,667.6951,397.62866,-419.45188,656.18517,397.58801,-504.49269,670.37317,405.39588,-364.58781,653.62495,404.53877,-450.89083,710.4419,490.37799,18.03646,646.54804,503.69906,-18.42389,838.38878,561.52318,-119.18387,678.89175,641.60421,-79.24074,706.54497,558.00038,206.18647,706.53118,775.67659,48.42292,686.93163,544.35986,237.91637,717.93867,795.12962,59.24985,687.86518,611.76122,172.76026,670.78431,808.27932,-68.21178
720,tree,nonstandard,521.91345,155.05742,-162.79855,529.70465,143.78192,-137.5695,535.14716,144.2661,-137.77249,539.96503,144.78003,-137.73576,515.42139,143.18761,-141.28157,510.6615,143.20097,-141.54492,507.25787,143.19492,-141.67455,543.7038,149.41058,-5.62486,501.68643,147.66244,-21.67011,531.98206,166.27621,-111.41493,513.6911,164.35404,-118.07887,579.28925,226.45026,68.17678,473.27673,226.03619,23.49403,618.40063,310.8487,13.56768,433.87625,307.6962,-78.58982,540.06116,286.31577,-170.46191,512.16406,288.89294,-233.1884,529.84052,269.8344,-205.54828,521.85004,272.77888,-273.34637,530.40808,261.93501,-198.56427,519.9931,265.70178,-257.8924,532.14203,267.44495,-168.92845,518.94086,270.63554,-229.60515,561.36896,380.75292,23.21186,498.23068,385.6208,-23.5533,645.5824,455.5605,-121.19332,512.4093,524.79762,-86.2877,531.28546,442.86841,203.56822,539.94971,639.63853,64.68613,515.71088,432.50693,237.09695,549.02106,652.96385,79.80231,508.02945,482.70062,190.04997,531.25323,675.95357,-27.49137
722,tree,nonstandard,132.9528,77.10015,-64.54461,131.18397,69.13347,-56.18388,132.88228,69.05609,-56.34645,134.69023,68.8957,-56.29706,125.76006,69.41841,-63.62711,122.35403,69.766,-63.8287,118.77367,70.60335,-63.88369,129.56983,73.49066,-2.56948,109.22935,77.26136,-34.4024,135.84352,84.24417,-41.60541,128.11499,85.59693,-52.16076,146.40211,123.08981,46.42775,92.25787,119.7409,-35.70489,166.53167,174.85507,29.9672,91.2119,177.66515,-73.46696,151.82816,167.03764,-70.1106,145.1169,165.85697,-116.28882,148.17963,167.992,-84.61741,157.8769,163.99787,-132.83665,146.98154,155.17747,-86.50191,154.62545,154.94504,-124.49791,146.47462,157.08471,-71.89934,149.92392,155.90741,-113.21501,135.9086,225.08624,32.27842,100.32574,230.29245,-32.4443,207.76956,254.08834,-31.63651,111.99081,313.30111,-36.53522,142.35213,299.41321,30.49474,115.56358,391.80159,-5.66264,124.03991,296.28797,36.88351,112.42504,403.12723,-1.5677,118.72875,339.40336,3.77407,136.69983,420.489,-60.95128
723,tree,nonstandard,532.74377,203.71733,-321.24789,537.89142,193.5927,-302.53833,542.80853,193.83376,-302.76556,546.27887,193.99745,-302.60962,527.02417,193.51556,-298.9913,523.90509,193.59407,-299.30637,520.01971,193.87223,-299.45398,549.53516,196.45969,-176.18559,517.16034,197.00464,-162.56393,539.56006,213.37582,-269.83554,527.58722,213.02664,-267.69373,585.0946,260.97162,-72.18092,489.61368,257.90238,-39.16286,626.41711,319.30479,-0.02924,431.48929,308.73196,30.63228,595.15839,372.32641,-74.75764,464.30255,361.90514,-101.1013,586.38385,376.52032,-101.47427,472.86884,370.3187,-139.4706,581.01154,368.17413,-123.68136,479.97287,363.09126,-162.65117,581.48657,367.06734,-81.89353,479.48862,360.4837,-112.8924,556.82349,399.22142,-8.26307,501.0134,394.04553,8.15887,540.03143,514.43761,-21.68673,408.80408,466.12184,-192.34093,514.81958,613.32921,130.29802,506.27319,481.68539,139.16293,508.65344,626.00537,139.71861,519.14142,475.13901,172.63356,517.87372,649.01491,-11.18176,526.92651,522.73787,81.03846
724,tree,nonstandard,392.41404,299.36682,-629.77565,402.68586,284.22022,-600.70381,408.63965,284.67756,-601.07887,415.48134,285.25038,-601.07686,382.85174,284.68874,-610.63884,375.84562,285.37658,-611.14868,369.53476,286.34647,-611.34462,419.00986,296.34925,-410.55536,357.81875,298.1134,-453.8458,404.93782,316.95997,-551.53265,379.708,317.16811,-567.34918,457.79125,369.18884,-280.27509,319.5041,369.49285,-394.41341,503.50508,242.20928,-371.61602,263.30368,258.87769,-582.14711,489.57985,121.04081,-582.7299,247.09759,128.57703,-785.85707,488.91618,95.17302,-645.20995,248.20776,114.47587,-867.14257,482.88367,92.99731,-664.77791,254.65032,115.5456,-864.01371,478.20611,100.87386,-599.74084,257.70966,117.47724,-796.72888,461.84614,612.54849,54.35061,373.32491,632.86639,-54.82611,625.97595,684.47526,-179.69177,397.18248,844.66029,-112.65562,448.07575,739.45492,187.94474,424.1886,1022.28605,51.34219,417.99375,729.86989,221.82406,431.5624,1044.46043,65.21304,421.98689,825.02008,96.76115,428.69052,1086.04238,-126.30887
725,tree,nonstandard,480.8804,248.32241,-464.51219,497.45762,230.38501,-425.51202,506.9619,230.16042,-426.07727,514.42494,230.82351,-425.7982,471.21102,234.32506,-408.08751,462.90615,235.72725,-408.8724,455.79554,237.17357,-409.13936,525.2393,242.83074,-208.98527,451.52689,244.73737,-131.89591,500.7297,271.69983,-378.3213,473.39218,272.24805,-361.03899,577.09278,351.47376,-187.20074,405.93901,348.5088,-18.54984,653.26864,183.58659,-384.9936,311.84639,202.25208,-180.01813,502.54591,128.84191,-407.7359,452.01149,132.03613,-345.39851,484.14861,95.19148,-460.95459,473.88564,94.01548,-411.10396,483.21535,97.55973,-419.67107,478.40628,97.50068,-383.80953,488.369,115.05077,-392.78312,473.51516,112.89704,-347.02523,509.38794,698.06823,-45.75462,394.77955,675.61805,45.31051,476.77292,957.73813,-71.55715,207.46063,805.63218,-291.162,438.21377,1176.50244,270.11774,399.03315,882.26169,328.10306,425.81859,1200.69265,294.50519,429.293,863.21244,392.79912,439.27988,1268.60583,22.66723,448.58251,991.78456,240.25168
727,tree,nonstandard,319.13036,78.96993,-95.44757,324.02946,71.69362,-79.3701,327.85213,71.96742,-79.4955,330.71053,72.14075,-79.46574,315.0156,70.67514,-80.76687,312.10566,70.55499,-80.91442,309.17355,70.46017,-80.96067,333.40405,75.59127,6.56008,304.66312,73.22996,0.05794,324.00692,86.85029,-62.144,314.39667,84.94051,-65.33488,352.40326,120.01079,46.7261,284.96952,123.48938,27.88076,382.30495,168.01124,-24.71471,268.45713,180.53367,-66.66575,329.13227,143.72288,-165.91028,309.98266,146.94768,-200.37266,322.20047,131.98668,-193.17886,312.21878,133.85466,-229.21841,322.31499,127.76491,-183.98081,312.34985,129.99383,-218.42104,322.84378,131.94995,-164.0111,312.67315,134.55091,-198.99059,347.15565,223.72977,17.9472,309.62439,225.74992,-18.19008,415.60707,246.72949,-148.44069,318.33981,305.70364,-67.05368,334.31145,264.23925,12.03251,327.23373,385.58786,13.41795,324.93011,260.05477,28.01293,328.49277,395.26102,20.51342,320.91206,298.35049,-38.57093,335.44155,406.19215,-79.63563
728,tree,nonstandard,131.03257,103.17576,-184.05358,134.09119,94.90167,-172.35679,136.66624,94.89845,-172.50867,138.84414,94.69808,-172.43761,126.6768,94.80938,-171.56042,123.96545,94.6705,-171.77633,121.87062,94.68317,-171.85274,139.95426,95.7837,-104.07457,118.24061,95.20273,-102.08551,134.82402,108.86005,-156.46649,127.37187,108.85347,-157.28935,149.57921,124.04237,-93.14646,108.17389,117.71474,-71.1633,164.22135,83.29291,-170.60131,100.23127,78.39657,-131.67633,137.16673,45.78317,-209.01154,128.50218,44.81665,-180.56629,135.38783,34.79184,-225.50089,133.76076,33.3851,-202.01789,135.38409,34.452,-216.51877,134.13481,32.58873,-195.16432,135.55159,38.37689,-206.74981,132.99776,36.86258,-181.78974,128.15642,211.35,-1.14591,100.79076,201.73493,1.11577,125.05796,273.30932,-25.13372,64.22099,212.04907,-217.76109,119.87409,336.89817,68.50663,101.16005,249.26012,-87.21232,119.04283,340.21713,74.70327,108.08382,246.12835,-73.57086,114.03494,356.09882,0.39281,121.5637,270.44852,-125.90463
729,tree,nonstandard,202.07321,101.22369,-186.0107,206.24513,96.2884,-166.35591,209.53283,96.75596,-166.60009,212.608,97.01965,-166.53316,196.2374,96.23044,-168.69245,193.07679,96.73076,-168.99931,190.43191,97.28893,-169.13294,214.25003,103.399,-75.55725,184.79325,104.67627,-85.86712,209.27365,110.91695,-151.55032,196.5007,110.79089,-156.42099,241.40877,148.88613,-40.10073,165.65338,152.73426,-65.10828,291.42869,112.65219,-49.85337,118.17281,109.92604,-118.55544,328.95659,75.71765,-128.14911,73.8195,66.37336,-209.3603,342.8955,64.45762,-141.10676,61.40246,61.73618,-237.25311,343.97035,62.825,-165.41005,59.42265,57.17608,-251.0011,338.38912,67.53149,-141.11563,64.77919,59.66835,-221.52334,239.37275,273.03086,17.35033,194.88982,280.22041,-17.66823,310.90194,317.51969,41.96562,207.01436,372.733,2.24975,226.9868,312.52836,293.7069,216.66731,452.21521,112.17916,214.87739,304.68895,317.74778,219.22662,460.10552,121.79962,211.09135,343.83661,283.36697,221.18009,478.52381,43.87344
730,tree,nonstandard,781.05636,280.13131,-410.66718,793.00885,264.50638,-375.90454,800.18759,264.51046,-376.23785,806.2397,265.03177,-376.21844,772.80564,265.53931,-377.41423,766.57953,265.87772,-377.93775,761.60536,266.00113,-378.11258,814.5092,272.3315,-198.13155,754.5013,271.20716,-203.73261,795.91432,295.64984,-340.08436,772.57481,294.83038,-345.37702,852.54803,351.42988,-139.67946,720.35551,356.75283,-180.57754,870.6933,229.84855,-277.29375,704.06365,237.08543,-349.17643,865.29045,100.2151,-428.49331,712.87479,108.37154,-506.83484,870.51687,71.46835,-484.87644,711.63092,78.18581,-576.46074,863.50927,67.8255,-487.82616,718.19148,75.6516,-567.88692,858.03947,77.93975,-437.77018,721.67006,84.81866,-515.36021,838.49792,615.8117,41.20068,748.28172,622.17807,-41.57654,951.81093,756.13468,-247.45119,778.06306,817.2324,-135.67616,834.85661,861.2887,203.72617,805.72996,983.48858,129.3673,811.71656,854.97259,245.36316,807.44686,1002.38126,152.61492,814.64138,950.66272,83.90478,821.86289,1039.03468,-57.86566
731,tree,nonstandard,410.14945,324.30381,-319.73793,421.3463,310.30406,-283.76564,429.77217,311.38791,-284.1823,436.15873,313.02612,-284.03488,399.08306,312.2499,-275.88266,392.09237,314.86628,-276.55447,385.66489,317.98899,-276.78982,441.73369,325.33869,-92.92865,379.35383,333.79137,-58.81799,425.58669,344.752,-244.46566,400.72104,347.03296,-238.88292,499.481,438.52929,-86.56565,336.02472,435.7222,39.56481,550.27567,272.57519,-234.47695,275.8563,275.69472,-9.0233,431.23521,179.01065,-202.62861,392.33415,183.84566,-55.87495,416.13968,146.33409,-244.10079,403.66513,147.31529,-102.21174,413.82692,148.91545,-210.06056,407.29665,150.92625,-85.27351,417.03438,161.60461,-191.77069,405.38239,165.35691,-57.67879,463.96354,764.8746,-50.69731,351.62332,758.10519,50.45839,468.00554,1023.93445,-108.93831,147.01503,885.35888,-354.23666,417.12998,1245.70236,191.40454,378.27486,932.26823,261.89918,403.51388,1263.6943,217.26756,408.53737,908.70721,331.91546,411.55122,1315.21531,-4.37618,424.48467,1025.30153,245.87516
732,tree,nonstandard,355.02688,122.00735,-221.11251,358.78567,113.64218,-205.07198,363.09299,113.70975,-205.28804,366.62845,113.81015,-205.20787,349.67959,114.02611,-202.845,346.20199,114.19683,-203.17813,342.5636,114.54888,-203.34412,369.32739,117.37342,-117.79085,338.82023,119.07653,-109.67291,360.45246,131.25302,-186.27171,351.40556,131.28036,-185.78997,386.46838,161.38109,-109.66927,326.18063,157.94636,-64.05314,400.71216,96.92943,-171.55035,308.61267,98.85374,-111.31405,366.04965,46.66615,-185.05908,341.08038,46.11606,-160.018,360.16874,33.14987,-202.40419,349.84681,31.33264,-184.06425,358.98316,32.99023,-193.36895,350.71805,31.00081,-178.07223,360.02094,38.06679,-182.18263,349.32359,36.24988,-162.31501,369.32271,293.75367,-9.47183,327.8554,283.06509,9.41788,362.01282,374.23491,32.5175,271.64518,326.21744,-217.60901,356.83356,435.77259,213.98599,339.67564,348.32674,3.95147,353.95715,442.44081,230.18312,352.3715,342.77699,28.86581,350.34538,468.65321,165.5309,351.66678,390.43779,-13.2399
733,tree,nonstandard,555.46719,317.57285,-676.45591,571.32286,290.88351,-651.01445,583.88269,290.1381,-651.63505,591.87436,290.58547,-651.34388,540.27098,295.55509,-636.94566,530.91109,297.75703,-637.68774,522.32438,299.44628,-638.08,603.00058,299.70219,-437.37218,514.52857,309.28208,-377.8255,576.7715,342.88238,-586.00223,542.40882,342.45707,-573.30257,691.36548,438.52249,-287.59173,452.79852,453.37982,-121.56931,814.91947,575.12002,-177.43166,329.2442,591.83858,-3.38211,735.86708,726.27264,-336.44083,409.20991,720.2771,-284.51771,699.74756,764.58406,-394.32722,432.99425,754.22215,-361.08539,684.02165,740.12411,-430.45425,451.11594,738.81398,-410.38683,690.46843,729.83113,-345.37533,450.18291,729.37779,-310.65184,620.79352,818.03557,-45.6259,488.07925,794.75024,45.28415,582.74209,1092.10691,24.124,259.70697,950.93688,-311.03337,554.31551,1310.63578,377.55588,520.10161,933.58201,334.20306,543.14047,1336.7427,404.54397,549.34394,907.71934,403.66533,549.5221,1414.13444,147.5929,551.97155,1061.05989,274.55181
737,tree,nonstandard,455.09949,388.39179,-121.10834,460.30794,377.84815,-88.75943,465.99878,378.52875,-89.02212,471.83822,379.5294,-88.85132,443.80365,378.12671,-89.1085,437.81824,379.11958,-89.61235,431.40776,380.89831,-89.7323,472.53741,387.41373,61.25841,419.22204,392.14018,56.78137,467.74428,404.91399,-62.56414,445.83256,405.0065,-66.88648,515.44519,469.0684,67.76595,390.4573,463.81136,88.41742,565.67401,360.32356,-41.42741,334.74259,345.41416,-8.66477,476.71725,273.03083,-47.9252,418.25039,262.80661,-57.30859,454.49981,247.38971,-74.35655,436.08004,232.63447,-90.38225,450.31424,251.6404,-44.26326,441.41959,239.6014,-71.79997,453.14593,262.90404,-37.36958,438.85623,254.96436,-55.52511,495.50862,702.45681,-9.20361,404.23663,691.38227,8.77626,467.34599,892.52386,-93.15701,285.25842,814.40918,-276.72225,443.57463,1064.32614,-14.47715,411.93366,921.50209,115.04535,431.04999,1089.09974,-13.35329,436.77478,918.48587,156.73393,473.87866,1118.02977,-193.84344,433.34663,988.64444,65.95665
738,tree,nonstandard,131.89375,116.39093,-189.45566,135.57558,109.67779,-170.98217,138.67117,110.03024,-171.18389,141.797,110.55907,-171.15444,128.39483,109.69512,-172.92587,126.28258,109.87072,-173.18865,124.06388,110.15189,-173.27137,143.30841,114.4596,-80.55908,119.98048,114.45876,-88.13847,137.14,124.61205,-154.36392,128.58124,123.46355,-158.43653,161.02476,154.41806,-56.89792,101.35422,150.75562,-66.11235,176.20335,93.17426,-101.57739,81.65222,91.68115,-127.98002,137.79089,45.41728,-128.02768,122.47101,47.50142,-170.26165,133.22827,31.37335,-147.75642,126.7759,32.61837,-195.89279,132.22429,31.86911,-142.17482,128.06989,32.8787,-188.2782,133.00427,37.46621,-127.62342,127.62594,38.98577,-171.33892,149.46378,265.13057,10.8738,108.7746,267.35805,-11.09836,224.6875,306.03745,-47.17904,119.27495,364.73462,-45.46012,147.44685,334.36046,156.56384,131.8482,443.17823,49.01386,132.32183,324.72015,176.95761,138.04288,452.76684,58.7888,125.23198,370.70108,139.44891,133.35142,474.3768,-11.77352
739,tree,nonstandard,819.2829,558.6569,-267.06431,832.44674,531.10758,-206.34256,842.38878,532.74821,-207.2296,851.65328,535.0963,-206.98586,799.28766,529.52399,-217.40147,787.22511,530.64974,-218.65456,774.51597,531.72938,-219.4712,845.93448,551.32123,71.77998,751.5955,548.67669,21.19883,831.83764,597.24749,-154.69822,798.65892,594.31976,-177.06275,910.60874,706.62809,73.64029,675.64466,703.28468,61.04288,1021.08145,480.81586,-24.80457,626.16473,432.74967,-135.1057,849.63256,313.13487,-39.75574,802.85915,302.6424,-194.99818,825.68041,261.73355,-73.47387,821.5359,239.3514,-263.84515,820.19018,263.77411,-54.88647,822.48701,243.3965,-222.16318,824.34287,284.15977,-32.12306,816.55936,269.97636,-190.71344,823.1444,1247.48099,-22.66499,658.23073,1204.57848,21.80647,712.34282,1654.41458,-46.96967,394.05756,1426.97809,-311.0477,676.5039,2017.44971,95.16455,645.93199,1578.15071,425.43347,668.49565,2050.90449,99.47847,690.16816,1546.8633,506.79351,679.90632,2113.32571,-198.51921,685.63237,1718.15122,431.91969
741,tree,nonstandard,188.26447,143.11396,-128.68312,192.96449,133.39421,-116.58341,197.26443,133.53642,-116.7846,200.87878,133.73326,-116.71395,183.38114,134.10813,-111.86022,180.12154,134.3407,-112.12054,176.8525,134.51461,-112.29361,204.21454,137.45752,-41.29351,174.24743,138.44795,-22.07866,195.07233,152.00599,-98.74177,183.93266,151.32354,-94.78116,232.35845,195.98211,-18.3289,149.61671,195.69243,33.10652,254.36278,261.61771,-88.08819,131.66194,263.6102,-47.71365,199.98894,224.12074,-192.7135,184.11425,225.69008,-207.90611,193.12273,206.94788,-214.34325,190.72627,208.75481,-240.19527,194.92636,202.45525,-204.13677,188.54734,203.20051,-231.11413,196.08336,207.20136,-188.16478,188.01449,208.51364,-208.57656,206.89234,327.45012,-17.84956,159.82267,321.19271,17.76959,193.30681,426.11811,4.4346,82.55751,386.8598,-135.07879,179.72754,503.8177,139.06041,169.60161,399.4581,105.12278,176.95459,511.07869,150.18845,184.01652,392.10498,131.88696,177.71077,537.67834,67.36837,187.11318,438.15951,92.82198
742,tree,nonstandard,452.73815,59.45904,-212.90088,457.82326,50.76019,-190.59764,462.0242,50.46994,-190.81628,465.80693,50.25669,-190.76402,446.71171,51.16939,-194.41902,443.05762,51.19214,-194.65491,439.4924,51.23622,-194.74735,467.41957,53.52689,-60.23641,433.77769,54.7113,-77.85961,458.79177,68.0956,-161.50192,447.09289,67.82509,-168.40795,497.52619,113.62494,23.2348,401.4479,117.64815,-17.86445,533.81235,179.80513,-44.60004,377.60147,185.81738,-120.6949,470.75238,170.65714,-261.3406,444.45797,170.28694,-317.9492,459.83116,155.80716,-305.3009,452.91284,156.07092,-366.32487,460.7798,148.89396,-304.40814,451.60611,149.40362,-357.2475,462.42788,154.05092,-263.81399,450.01368,154.43959,-318.54571,482.24228,245.37064,26.76871,429.41622,249.90382,-27.041,579.93725,303.09104,-82.57873,445.13987,365.62689,-61.52921,470.14007,298.01955,187.23709,466.13958,466.16189,42.60727,455.7145,288.55587,213.67778,472.79184,479.11607,50.98677,458.55488,344.96868,143.46213,468.55499,499.69605,-78.55921
743,tree,nonstandard,274.52008,72.71916,-167.28249,281.79386,64.33934,-147.89181,284.71049,64.86061,-148.10148,288.38997,65.60925,-148.054,269.80231,64.05813,-149.24017,265.70823,64.27644,-149.47784,262.93699,64.23599,-149.57418,292.10302,71.43689,-41.72047,257.45578,69.84435,-47.09542,282.17374,82.41018,-125.90433,267.58128,81.96112,-129.30743,322.041,132.50791,24.47783,230.61747,133.82419,-6.75774,353.23609,191.0684,-31.01271,207.01072,197.45097,-96.31474,293.15934,182.49124,-207.00664,268.83722,182.24901,-241.38065,283.84893,165.59681,-241.30799,276.93224,166.5508,-278.18371,284.8368,159.55178,-238.4374,276.68588,161.07353,-266.93426,285.92259,165.03087,-207.49474,274.69596,166.67611,-239.97677,311.17657,261.24536,24.61472,257.86526,271.3532,-24.91118,401.93897,311.63283,-81.79377,276.68751,385.85618,-22.88808,305.32176,318.22478,181.4089,289.68127,476.27721,107.74484,289.23192,307.45483,207.64378,293.41832,487.19351,119.88231,291.91586,355.11574,147.62847,292.4079,510.1216,12.62247
744,tree,nonstandard,1804.03183,791.49226,-1611.37835,1832.40513,746.81519,-1531.40886,1848.28656,749.71703,-1532.78168,1866.97899,753.12946,-1532.30901,1783.33527,744.33397,-1516.63682,1770.33003,745.41292,-1518.47223,1755.5054,747.12157,-1519.25515,1882.42052,770.99521,-1033.13719,1738.85599,774.20263,-973.73939,1840.01344,837.44357,-1409.05147,1781.80597,833.63851,-1402.36996,1989.52212,994.50095,-897.28298,1630.98588,981.98738,-688.91576,1996.61238,653.44575,-1371.91942,1620.44483,630.97779,-961.47971,1835.61372,340.79908,-1793.04566,1762.89602,346.29556,-1417.98597,1810.31846,257.81455,-1979.35831,1780.20554,256.49107,-1613.31387,1810.89179,252.88976,-1958.02198,1788.62829,249.87258,-1613.55858,1814.72485,285.21451,-1801.30492,1788.0899,284.07856,-1448.86795,1872.21728,1684.79273,-58.66748,1639.74031,1630.22006,58.04659,1752.86402,2189.23975,62.06999,1184.13644,1847.24416,-630.85566,1683.4525,2635.75174,931.69469,1656.99708,1865.62004,720.0266,1661.80897,2695.41073,993.44226,1732.15899,1825.81977,856.79801,1718.97819,2785.64522,376.88077,1705.36829,2106.60529,472.30707
745,tree,nonstandard,481.43262,261.40159,-320.47474,493.23183,243.74482,-284.17745,502.15578,242.79937,-284.5473,508.12131,242.68216,-284.41721,470.20206,245.74709,-274.50067,463.29883,246.04869,-275.07886,457.41397,246.17392,-275.32053,515.58918,248.28684,-111.42208,450.84071,250.95734,-66.85825,497.77639,276.52144,-253.57389,473.29298,277.1312,-244.64232,553.46113,308.83968,-121.63612,429.4892,314.15248,35.95359,606.75657,230.07792,-357.94926,363.28205,238.38964,-41.70528,658.95456,120.47282,-628.84694,305.7034,137.69385,-225.5823,682.18541,89.64455,-693.09139,282.87318,108.98131,-273.38761,678.09904,79.97262,-707.20309,291.21858,99.39045,-299.18829,665.38036,91.14432,-643.96292,303.29788,110.02594,-249.08896,537.96822,573.4424,-58.26199,450.23018,572.33423,58.01136,537.91958,714.71,-351.26793,394.38808,718.83535,-310.91198,524.34498,866.40334,-62.28358,477.27937,844.72412,33.03113,525.55388,878.03447,-39.60391,503.38316,849.55901,64.81279,500.87065,943.76862,-207.19464,477.00289,929.23582,-71.70457
747,tree,nonstandard,175.58406,113.07888,-123.69898,180.35527,107.1656,-105.69404,184.17812,107.82065,-105.87076,187.41162,108.68757,-105.83036,170.94675,106.6366,-106.59249,168.08075,106.81054,-106.86196,164.95019,107.07165,-106.92921,189.34677,112.05106,-18.68672,159.54985,112.05313,-22.24096,182.71012,122.79344,-90.00545,170.37649,121.6812,-92.96905,211.4977,159.22317,3.74403,139.86326,159.95788,-13.69489,234.46052,98.59103,-32.85029,113.19616,103.85829,-81.27594,181.58859,54.28967,-28.60675,163.45702,54.76453,-112.92676,175.65163,37.08693,-40.06178,169.8304,36.6159,-136.58211,175.55171,37.51893,-30.97861,171.12476,36.85443,-121.46648,176.48114,44.35908,-25.72953,170.02676,44.0365,-110.76784,209.68511,286.56561,12.3035,163.40443,297.07664,-12.52432,288.0574,333.27914,-76.50831,169.87492,391.80372,-38.47125,202.91534,355.11823,139.53006,190.38165,464.69395,97.53144,188.43678,347.96978,162.09987,198.84744,472.65455,112.51802,187.90533,395.07852,124.20441,187.84817,499.98007,51.19733
748,tree,nonstandard,313.90831,51.85448,-115.81277,318.794,43.65168,-103.90674,321.84045,43.78534,-104.02304,324.34614,44.13178,-103.94675,309.51401,43.74808,-100.17544,306.6134,44.09135,-100.36506,303.95684,44.25316,-100.47083,328.50312,46.18125,-34.76791,301.33471,46.85431,-19.81519,319.97741,58.66802,-89.00395,308.67502,58.82141,-85.76856,346.19206,83.35812,-13.06855,289.59546,84.22281,26.97582,368.72548,120.32459,-69.61128,265.25353,119.47212,-34.07955,322.4817,101.36614,-133.99336,309.66096,102.32306,-145.2843,319.28266,90.24446,-149.48636,315.47235,90.90184,-168.26606,319.77283,87.63172,-138.37364,315.05347,88.69497,-159.57845,320.09888,92.51316,-129.11509,314.6817,93.1491,-144.68277,328.87057,180.82402,-12.19318,295.27799,173.55797,12.14252,327.68816,244.033,6.71061,247.62598,207.82284,-135.60414,319.78735,299.70872,105.4732,304.44376,208.29602,55.05586,316.64401,305.66623,113.29768,313.19523,202.81349,76.44791,317.61319,323.63868,44.38291,316.1841,237.80979,43.62651
750,tree,nonstandard,480.8804,248.32241,-464.51219,497.45762,230.38501,-425.51202,506.9619,230.16042,-426.07727,514.42494,230.82351,-425.7982,471.21102,234.32506,-408.08751,462.90615,235.72725,-408.8724,455.79554,237.17357,-409.13936,525.2393,242.83074,-208.98527,451.52689,244.73737,-131.89591,500.7297,271.69983,-378.3213,473.39218,272.24805,-361.03899,577.09278,351.47376,-187.20074,405.93901,348.5088,-18.54984,653.26864,183.58659,-384.9936,311.84639,202.25208,-180.01813,502.54591,128.84191,-407.7359,452.01149,132.03613,-345.39851,484.14861,95.19148,-460.95459,473.88564,94.01548,-411.10396,483.21535,97.55973,-419.67107,478.40628,97.50068,-383.80953,488.369,115.05077,-392.78312,473.51516,112.89704,-347.02523,509.38794,698.06823,-45.75462,394.77955,675.61805,45.31051,476.77292,957.73813,-71.55715,207.46063,805.63218,-291.162,438.21377,1176.50244,270.11774,399.03315,882.26169,328.10306,425.81859,1200.69265,294.50519,429.293,863.21244,392.79912,439.27988,1268.60583,22.66723,448.58251,991.78456,240.25168
752,tree,standard,612.14462,269.91057,-352.96189,627.03228,244.95386,-289.95354,637.52404,244.81996,-290.57081,649.98135,244.71483,-290.30683,591.39798,243.14845,-277.25912,580.95885,243.76161,-278.0768,569.96994,245.36948,-278.70013,657.87232,254.18954,46.99332,549.61384,259.60033,99.3112,632.56428,297.34696,-223.4074,594.74974,298.59527,-213.63,762.64861,445.73737,142.09445,470.56163,445.45574,308.52517,841.13156,660.76723,-118.80444,414.2203,683.55249,15.98267,664.74709,583.81761,-670.54473,575.12646,583.32167,-704.95008,637.34808,537.72435,-792.92195,599.51951,529.76658,-858.12612,638.17569,513.6601,-778.886,592.66869,509.4897,-842.81588,640.61179,530.16488,-669.61064,589.6186,525.53387,-717.9498,682.21699,882.69836,-68.00716,514.79876,863.08983,67.67747,639.62871,1245.47422,-29.75648,225.48719,1070.14807,-362.68214,593.48558,1515.37646,485.43002,549.19501,1021.6507,571.58247,584.37599,1546.92416,527.93865,598.08585,988.01166,673.12339,593.74717,1625.41468,150.42922,589.0801,1187.05643,475.18092
753,tree,standard,2257.33161,629.55254,-690.55164,2286.43465,579.40337,-591.7803,2308.25901,577.45363,-592.65298,2322.45255,576.77838,-592.03279,2232.06282,585.82878,-565.68438,2215.62552,587.68666,-566.96886,2200.37937,590.05317,-567.64853,2350.71468,596.04277,-51.42906,2183.00438,604.72539,59.29516,2294.05737,675.56199,-481.0589,2235.28743,679.71969,-457.4694,2513.00192,865.81868,142.84666,2071.21015,895.165,425.79591,2675.74406,1142.42971,-130.24004,1947.99757,1191.55526,27.14859,2356.05788,1071.72793,-667.28705,2239.42423,1069.10437,-913.8642,2320.14656,986.40794,-803.39819,2274.64747,983.7124,-1105.26168,2322.26706,961.3806,-751.51545,2275.70939,962.55201,-1061.62477,2327.93665,993.98428,-644.49865,2270.83254,992.52105,-919.81369,2393.86511,1563.2785,-117.82213,2137.60734,1537.10586,117.05212,2312.9127,2088.49812,-150.23333,1724.26105,1847.96977,-576.94745,2245.06354,2565.39381,569.22895,2195.73545,1778.64593,879.84306,2229.91419,2616.44393,625.29314,2275.11692,1735.81034,1037.33671,2248.02566,2728.92326,17.42542,2264.1995,2050.50373,718.94389
754,tree,standard,265.96078,463.71219,-352.62493,274.91707,449.55392,-333.31716,280.20191,448.45532,-333.7559,286.25409,447.62323,-333.73045,257.61339,450.29619,-333.52807,252.14379,450.21076,-334.0676,246.45173,449.57799,-334.2996,293.49378,451.9702,-207.76573,243.06486,452.51009,-206.21606,278.20765,475.14107,-299.07896,258.63496,474.84396,-301.95969,321.56681,503.76224,-167.3036,221.72462,504.81587,-171.96122,315.3207,397.15685,-223.08024,223.88451,396.27608,-289.19259,282.33851,304.004,-266.85448,262.86651,305.63769,-367.6993,277.58569,280.867,-297.25225,270.50546,283.00114,-411.70521,277.73669,278.81927,-298.66906,271.65809,280.81759,-402.2122,278.80618,287.23694,-269.6796,270.94747,288.71022,-372.00903,317.89117,713.1654,20.06106,243.86577,721.86412,-20.44024,426.52173,805.45078,9.74434,259.88111,866.62604,-46.07848,301.75426,763.72305,390.40946,284.1828,996.58356,160.3501,284.62873,753.38835,429.10492,294.71809,1007.93236,183.05149,269.37567,811.14255,396.81183,288.7533,1049.72546,95.19825
755,tree,standard,550.67506,376.18974,-73.96002,545.3794,363.87434,-85.14917,542.24672,363.08206,-85.5304,539.23826,362.41931,-85.53945,553.03407,365.41599,-117.50504,555.47023,365.54608,-117.9792,558.01878,365.53867,-118.1131,529.45833,367.77634,-91.70125,555.3062,370.79429,-237.89012,544.08779,386.30725,-62.2564,551.68886,387.853,-107.48804,471.26822,424.79224,1.41948,574.30482,429.81977,-287.56402,473.38567,316.67401,34.09739,586.30342,316.39984,-404.73104,516.69545,218.92927,-59.69668,528.90387,220.89929,-453.0057,516.23812,192.9618,-84.58276,524.94884,192.3331,-502.3437,516.96715,192.58978,-109.53242,522.55082,193.47373,-504.02498,517.98615,203.12904,-74.30035,523.7668,204.81083,-458.33259,491.62517,672.28599,100.83841,553.59316,667.483,-101.26603,502.7678,837.15995,201.55816,692.81092,737.7465,-161.48471,512.51926,997.47907,208.69212,544.53239,734.61123,68.99297,514.11815,1018.42595,199.56005,525.92897,722.09836,94.20417,528.04027,1010.08156,139.81981,515.92655,785.92401,142.28978
756,tree,standard,70.83938,53.32099,-78.16093,72.22869,50.56987,-70.77088,73.51691,50.64136,-70.84433,74.51578,50.78007,-70.848,69.26107,50.70333,-72.66646,68.1955,50.78282,-72.76834,67.15129,50.82674,-72.80551,75.30662,52.37842,-35.99442,65.0006,52.17292,-44.29957,73.40456,56.97116,-64.53182,69.74564,56.72392,-67.67527,82.36189,66.78044,-28.94723,57.77757,66.22642,-45.15302,80.21946,41.03686,-53.01173,60.44808,43.2108,-78.05387,73.05623,19.2557,-71.83902,67.6669,21.15993,-93.03078,72.18443,13.5401,-80.11428,69.3316,15.9636,-103.89151,72.15051,13.05763,-79.64187,69.32078,15.58548,-100.94168,72.31866,14.8145,-72.82805,69.20455,17.36847,-93.53862,82.91322,113.25353,8.82283,65.41709,116.10416,-8.90455,110.40633,132.31007,-58.04682,69.77534,151.4027,-35.97559,78.55529,131.0998,25.95952,74.24213,185.13516,-0.72855,74.19109,127.68383,34.55958,76.14755,189.26344,2.68553,73.50042,145.82846,17.56272,72.7879,197.22581,-30.85684
759,tree,standard,276.77732,156.89302,-232.61415,277.68232,150.50556,-217.23868,279.74924,150.4505,-217.41244,281.81607,150.35598,-217.29136,272.68237,150.45317,-213.8677,270.50604,150.27546,-214.13078,267.83919,150.13052,-214.24244,286.35724,153.797,-128.94914,265.84571,154.2821,-114.30173,280.31364,163.79259,-197.69513,273.08985,163.17753,-195.06097,305.94162,185.51924,-96.13198,249.09232,189.72019,-34.7384,345.23398,151.24849,-149.30553,205.07987,155.40998,-20.8808,374.58775,107.14457,-266.70777,171.73053,113.8585,-118.75333,381.84629,95.11379,-296.55344,161.50811,106.7209,-144.83287,381.55421,91.62297,-312.13825,161.85382,101.13088,-166.63173,377.75272,95.83208,-276.73191,166.40565,105.04499,-133.11545,289.49552,298.65485,-20.46773,253.17468,288.50692,20.36117,273.62827,376.91139,-18.16443,183.25423,312.66353,-122.69666,260.11578,450.22886,107.42617,255.75686,321.23065,81.70917,256.62818,459.84981,115.46658,269.10924,317.10275,101.75036,262.97522,473.1279,2.45784,267.0741,354.32288,30.96328
760,tree,standard,70.83938,53.32099,-78.16093,72.22869,50.56987,-70.77088,73.51691,50.64136,-70.84433,74.51578,50.78007,-70.848,69.26107,50.70333,-72.66646,68.1955,50.78282,-72.76834,67.15129,50.82674,-72.80551,75.30662,52.37842,-35.99442,65.0006,52.17292,-44.29957,73.40456,56.97116,-64.53182,69.74564,56.72392,-67.67527,82.36189,66.78044,-28.94723,57.77757,66.22642,-45.15302,80.21946,41.03686,-53.01173,60.44808,43.2108,-78.05387,73.05623,19.2557,-71.83902,67.6669,21.15993,-93.03078,72.18443,13.5401,-80.11428,69.3316,15.9636,-103.89151,72.15051,13.05763,-79.64187,69.32078,15.58548,-100.94168,72.31866,14.8145,-72.82805,69.20455,17.36847,-93.53862,82.91322,113.25353,8.82283,65.41709,116.10416,-8.90455,110.40633,132.31007,-58.04682,69.77534,151.4027,-35.97559,78.55529,131.0998,25.95952,74.24213,185.13516,-0.72855,74.19109,127.68383,34.55958,76.14755,189.26344,2.68553,73.50042,145.82846,17.56272,72.7879,197.22581,-30.85684
762,tree,standard,550.67506,376.18974,-73.96002,545.3794,363.87434,-85.14917,542.24672,363.08206,-85.5304,539.23826,362.41931,-85.53945,553.03407,365.41599,-117.50504,555.47023,365.54608,-117.9792,558.01878,365.53867,-118.1131,529.45833,367.77634,-91.70125,555.3062,370.79429,-237.89012,544.08779,386.30725,-62.2564,551.68886,387.853,-107.48804,471.26822,424.79224,1.41948,574.30482,429.81977,-287.56402,473.38567,316.67401,34.09739,586.30342,316.39984,-404.73104,516.69545,218.92927,-59.69668,528.90387,220.89929,-453.0057,516.23812,192.9618,-84.58276,524.94884,192.3331,-502.3437,516.96715,192.58978,-109.53242,522.55082,193.47373,-504.02498,517.98615,203.12904,-74.30035,523.7668,204.81083,-458.33259,491.62517,672.28599,100.83841,553.59316,667.483,-101.26603,502.7678,837.15995,201.55816,692.81092,737.7465,-161.48471,512.51926,997.47907,208.69212,544.53239,734.61123,68.99297,514.11815,1018.42595,199.56005,525.92897,722.09836,94.20417,528.04027,1010.08156,139.81981,515.92655,785.92401,142.28978
763,tree,standard,152.9217,142.35979,-128.58014,155.75462,134.55611,-112.08902,158.86297,134.75229,-112.28794,161.35847,134.94162,-112.28715,149.80684,135.07003,-117.02329,147.50409,135.01528,-117.27378,145.18385,134.98844,-117.38924,163.6668,138.00828,-35.38709,140.76501,137.57239,-56.53428,158.29355,150.99844,-98.17797,150.34164,150.25744,-106.10961,177.59062,175.94416,-21.42645,127.21105,169.54219,-62.58798,175.59142,114.85299,-48.00835,128.8516,112.95788,-139.62299,160.01139,62.92105,-84.31703,145.66637,63.47923,-177.92973,156.40564,51.37154,-99.0278,149.6277,51.23189,-202.94708,156.44077,49.29525,-103.20306,150.17941,49.92655,-196.99296,157.16006,53.83568,-87.78157,150.40496,54.34048,-179.73412,174.0934,284.91324,17.93077,138.63897,291.16732,-18.13192,234.85687,316.95706,-73.8138,147.47969,376.72064,-51.9205,158.38554,315.09191,87.70864,158.39629,454.28896,-1.59076,146.16999,308.88906,104.55019,163.74239,461.28386,3.82923,142.34113,340.26265,82.56326,156.88769,476.48883,-55.99166
764,tree,standard,2317.1619,846.67202,139.21679,2296.00703,825.56879,271.8782,2301.38251,833.0785,270.38926,2306.6738,840.56462,271.03903,2273.16083,823.02436,133.92595,2260.71483,828.20551,131.71553,2247.10236,832.98647,130.46141,2290.82149,886.44661,763.56038,2186.02071,879.30399,128.39918,2334.12341,913.83172,337.71317,2303.6082,905.34962,140.97509,2447.52402,1155.55538,964.56397,2069.5556,1118.60228,-145.35019,2535.64426,757.4674,1243.89322,2229.14232,685.95536,-328.51315,2420.44437,368.81052,1026.41061,2310.98071,316.02145,-233.35569,2400.09714,267.36987,994.31969,2324.59882,191.18724,-397.8789,2388.47882,258.67097,906.70427,2316.71832,180.87685,-354.50872,2393.09528,293.87611,981.40505,2320.3092,222.83096,-231.24265,2386.88525,2056.72549,282.23331,2092.84181,1979.35016,-283.16583,2199.33916,2651.48623,506.81542,1604.18106,2325.8632,-923.71529,2063.58989,3196.11285,1257.95805,2099.78984,2252.96102,777.98769,2004.91109,3281.64471,1321.54829,2154.61739,2210.05996,973.03471,2238.93169,3367.66498,879.71663,2174.11153,2465.98153,848.58941
766,tree,standard,437.36319,482.24404,-427.39719,447.40548,466.34538,-398.45612,454.73808,465.6656,-398.96484,460.9746,465.04424,-398.77567,430.59866,466.44766,-392.20262,425.38188,466.0531,-392.87787,420.33094,465.75943,-393.09401,467.36038,469.74803,-230.8091,411.57014,471.7842,-206.52323,450.76003,497.29745,-359.06982,430.61973,495.64409,-356.19095,505.73595,543.47471,-235.96577,371.09538,541.52443,-125.88201,489.91668,415.52981,-450.63423,376.69133,411.9231,-252.64973,448.52542,291.7316,-592.49259,418.24427,294.36806,-417.47781,442.12984,260.05841,-653.56211,426.21742,263.29539,-482.29844,441.82745,257.81587,-640.79195,429.74691,258.2161,-482.24214,442.49439,268.94747,-593.17603,428.92018,269.56808,-430.43909,456.03327,814.85651,-22.25678,374.45404,796.44892,22.16217,428.93055,1012.56508,35.11859,215.78345,872.30845,-445.64845,393.44943,1181.11844,325.98077,399.80845,881.63947,-35.24256,381.1954,1204.83761,346.41361,431.64477,863.11512,8.49633,408.82847,1244.06864,131.61779,425.57122,970.74036,-133.47949
767,tree,standard,144.18725,166.15919,-183.24382,150.41336,157.81676,-171.26883,154.16351,157.25409,-171.50511,156.62024,156.89519,-171.42244,140.32933,158.61247,-167.31532,137.31431,158.69407,-167.67559,135.08489,158.84768,-167.86049,162.43501,159.28933,-101.8549,132.95955,160.86579,-85.94722,152.7498,174.0369,-154.8294,141.71493,173.48502,-152.13223,179.51092,197.15365,-99.90329,121.74937,195.40043,-60.78333,179.92118,134.66506,-165.27466,111.95898,136.80022,-114.52513,151.3721,79.11291,-188.75657,132.71284,80.43448,-168.17474,146.40382,64.39751,-205.50093,135.99043,64.329,-192.71016,146.73482,63.05677,-200.67668,137.11144,62.5723,-187.24903,147.84271,68.06139,-187.95109,137.58056,67.72307,-171.03345,168.47218,323.04426,-9.4286,129.75575,316.0862,9.35131,160.6727,405.68844,2.78398,62.26666,362.08161,-135.61839,152.247,475.47903,131.11322,139.58743,350.21624,46.98309,148.72671,482.33545,142.59969,151.82845,341.9006,67.96523,152.75325,506.01296,75.07862,152.08784,389.3245,32.20485
770,tree,standard,630.05592,230.65055,-46.2032,637.96013,216.81115,-23.59642,643.91823,217.17547,-23.80215,647.40265,217.42114,-23.66497,621.38344,218.42756,-12.6595,616.97865,219.28236,-13.03774,612.44331,219.64475,-13.22848,654.09134,224.38957,99.40617,608.17822,225.27632,145.47765,642.117,241.96624,2.09643,621.768,242.10394,13.03201,698.00713,305.61384,112.57133,574.66541,302.6512,237.79873,754.4278,383.33708,40.98421,514.93519,377.26942,149.24405,650.85114,374.8106,-65.82382,613.57758,372.34869,-88.91098,640.25063,349.72429,-95.03714,627.12666,347.59761,-132.98808,640.61592,345.12772,-77.38855,629.3507,344.46662,-119.18968,642.63031,356.26957,-56.39949,627.57763,354.31257,-89.02504,653.48221,516.72895,-45.08377,579.71123,503.62959,44.83581,634.84142,680.62946,-94.57772,441.22208,574.16422,-203.83003,621.72394,820.10571,85.08583,590.10387,638.58055,111.92311,620.0935,830.73801,100.68321,615.16155,628.87705,147.63019,607.62077,871.49088,-55.77246,624.46495,699.9,56.42794
772,tree,standard,386.09683,111.08826,71.7619,384.11894,107.95486,65.89873,382.6951,108.20021,65.78229,381.23367,108.48874,65.79188,388.2761,107.36913,58.65181,389.6991,107.27889,58.46864,390.99151,107.16858,58.43314,379.5537,112.14418,44.09352,394.02775,110.29961,10.5135,383.90803,116.02634,67.82704,388.32385,115.6537,57.13739,370.38305,130.93257,57.23056,406.65809,128.95306,-28.98618,373.17575,93.88633,77.09783,406.973,90.99951,-46.63971,382.20048,60.83059,87.35686,395.56755,56.37729,-25.86914,384.95178,50.61424,90.57429,392.59335,47.64152,-32.50823,386.31218,51.43272,81.64424,391.25676,48.6578,-29.39119,386.40785,54.99237,83.5967,391.45668,52.33726,-25.35462,381.76096,218.36121,32.8508,406.70755,213.3597,-33.01287,388.35724,279.10813,60.34075,454.65072,245.35821,-55.47835,401.67683,337.93012,12.94504,403.30332,244.06779,-68.10722,405.62863,347.1893,5.25204,397.53587,237.07025,-67.99737,398.32655,346.19971,-11.68855,393.89064,261.97278,-51.3124
773,tree,standard,486.90934,291.39878,-464.9737,501.37584,275.29694,-418.24442,509.2721,277.07083,-418.73606,514.8887,278.81643,-418.45921,476.90304,274.83151,-416.00839,468.91467,276.05499,-416.78167,460.96804,277.2573,-417.13414,519.94128,292.72199,-193.95614,448.12739,294.40774,-188.38412,505.20356,313.55077,-379.21621,469.33052,311.52481,-382.24279,582.45531,393.74757,-166.42697,395.98498,391.74592,-75.48509,678.61851,278.93198,-311.4753,295.89567,278.42941,-167.94675,767.39427,155.62688,-532.23529,209.95131,159.38394,-400.03375,789.00182,127.48958,-580.79304,189.20233,130.5376,-460.83822,789.83095,115.68393,-617.80854,186.17022,120.95164,-494.16322,778.82246,125.47106,-555.69014,197.55277,135.1815,-429.70654,537.1955,702.93117,-30.87575,425.92693,682.99091,30.5791,510.10112,902.6154,-106.79782,240.04387,752.34997,-504.19194,472.14453,1087.48856,184.04913,450.52142,767.10727,-67.54024,464.99521,1107.99208,204.69804,481.02833,754.07896,-22.1865,468.33869,1149.90506,-43.2984,481.84152,861.3272,-178.51844
775,tree,standard,373.66687,180.09966,-221.41824,384.79184,164.47674,-194.64045,393.64701,164.79791,-194.97843,398.5157,164.89068,-194.84615,365.92236,163.74234,-183.84571,360.67774,163.79682,-184.38169,354.93555,163.21412,-184.6799,406.39164,171.88096,-36.07989,346.0779,170.13863,8.40184,387.08993,198.9057,-158.66888,366.13325,196.46231,-149.04391,463.70677,284.46355,-2.14921,297.68037,289.81166,116.59409,514.12367,382.56074,-151.0234,245.9801,390.74625,-46.53086,386.48791,329.43925,-313.41776,363.00597,327.39023,-334.06896,375.85891,298.01654,-355.30468,376.46905,295.76648,-390.36492,378.06727,290.16758,-323.98978,375.49394,288.72692,-368.65416,381.10936,303.4355,-299.4719,373.31756,300.89819,-332.78306,418.04383,570.70487,-40.55137,319.54087,557.65849,40.2857,390.77042,784.07951,-31.40534,154.04897,684.2772,-208.22543,362.22767,978.92446,137.73207,343.90454,647.55564,269.21308,353.4549,1006.15283,149.70705,370.66087,628.45839,322.92175,396.20416,1021.29322,-37.29369,372.82098,734.12819,255.70665
777,tree,standard,418.53191,405.18871,-238.86825,427.73423,392.10518,-220.85124,432.1347,391.5164,-221.22122,436.82253,391.09341,-221.08906,418.01673,393.53666,-207.9433,415.24116,394.03186,-208.48192,412.37923,394.34167,-208.75049,450.38674,397.48577,-114.07003,413.66898,400.52506,-55.52316,428.54435,418.4693,-194.24814,416.8984,418.62506,-180.54849,481.61423,462.96399,-129.152,387.35081,463.8168,13.37128,474.99518,351.27355,-254.1386,387.00277,358.59428,-56.46385,443.96235,265.24047,-350.37094,415.11653,269.36017,-201.8684,438.42863,246.95074,-400.71677,426.40253,250.36038,-251.49267,439.20911,243.44853,-399.31743,428.67344,247.59645,-256.11649,439.90082,250.07107,-353.69824,426.72496,254.07098,-213.78344,454.86584,684.18951,-49.74962,384.78686,668.90197,49.43988,439.78597,851.13618,-64.12034,263.29849,758.01129,-25.40494,424.04673,999.0832,46.00979,405.59257,737.60977,362.46146,418.01699,1019.1166,50.5912,429.39728,723.72234,403.66255,444.54372,1042.81056,-119.47163,412.68035,796.09655,352.34955
779,tree,standard,101.3875,79.74258,-96.93483,103.41595,76.32283,-87.30175,104.97282,76.25525,-87.41635,106.44124,76.30294,-87.41011,99.7644,76.48231,-88.71201,98.51461,76.57271,-88.85877,97.25235,76.65558,-88.92099,108.49776,77.54345,-41.34142,95.95385,78.52936,-47.14351,104.33721,83.52663,-78.83901,99.90418,83.65202,-81.48484,117.26326,94.84514,-29.68578,86.15366,95.17636,-41.83682,122.42364,65.32498,-45.76812,80.98792,65.7878,-77.98082,107.1666,38.13018,-63.8187,98.52211,38.89383,-100.42843,106.06679,31.16451,-73.29034,101.43249,31.10556,-114.73396,105.74598,30.73492,-74.13366,102.29141,31.08455,-110.801,105.7285,33.32896,-65.02974,102.08627,33.89796,-101.0859,116.23198,155.87628,7.25022,95.79618,157.94173,-7.36593,153.8472,181.50604,-21.08063,100.84495,198.37732,-14.2915,112.55029,173.75587,98.86006,106.67371,237.48466,44.03873,106.0558,170.88784,110.9238,108.8337,242.46459,49.94863,104.41337,187.37126,97.91259,104.95535,251.88189,19.44056
780,tree,standard,155.17237,144.97266,-119.09949,158.14115,136.85277,-103.23697,161.28378,137.05574,-103.44473,163.79688,137.26075,-103.43395,152.03436,137.31072,-107.4831,149.71631,137.21231,-107.74112,147.40347,137.16177,-107.8494,166.13161,140.21432,-29.47512,143.05949,139.57684,-47.65106,160.56572,153.61393,-89.79843,152.47344,152.76913,-96.89038,180.11411,177.8979,-18.23623,129.07059,171.16874,-53.88086,177.82669,116.80653,-50.80976,131.01593,114.20875,-132.30254,163.84654,64.62092,-87.48782,148.11855,64.70437,-170.78281,160.12105,52.93466,-101.93249,152.45862,52.51838,-194.80821,160.01636,50.53075,-104.8588,153.05868,51.06268,-188.33461,160.73266,55.22043,-90.38266,153.29152,55.5033,-172.41622,176.22697,286.79095,16.75969,140.6371,293.55245,-16.97331,238.61635,322.38321,-48.48089,149.08319,382.21959,-51.35845,161.14459,320.93977,116.07699,160.88556,458.09479,-0.07899,149.48999,313.38277,132.86424,166.88606,465.52841,5.36864,147.72372,347.92565,112.97947,159.88834,481.62416,-52.46324
781,tree,standard,275.32058,40.48496,-145.91928,280.97466,33.3076,-127.73343,283.60094,33.38139,-127.88568,286.8469,33.46694,-127.85825,271.33465,33.60054,-130.48857,268.27948,33.96683,-130.65287,265.96848,34.25274,-130.72702,289.89254,36.48096,-34.36509,262.58664,37.74567,-46.16275,281.27344,47.44651,-110.19231,271.22101,46.898,-115.06794,311.34006,85.56935,22.50382,240.2959,85.02773,-17.75006,342.35153,133.14929,-37.39808,210.75674,130.98645,-104.18203,288.12748,124.01159,-207.52134,265.35556,125.74201,-241.81895,281.96401,111.23643,-240.49174,272.72727,111.95905,-277.75225,282.25021,107.82242,-238.79843,272.60999,109.66251,-268.10676,282.63069,112.99084,-208.913,271.16614,114.75277,-240.89978,299.29986,187.76703,23.75043,257.91615,193.99452,-24.00122,383.21957,215.92135,-108.57954,272.83376,284.94961,-64.43319,297.13035,228.28972,79.18426,289.76836,371.43841,-3.04795,285.80619,219.83058,97.88716,293.9652,380.74121,1.88627,281.52674,260.42833,45.55125,294.64598,394.7401,-95.46099
783,tree,standard,284.93918,236.97488,-460.69822,292.45235,223.06822,-426.48207,297.80416,222.95897,-426.88361,303.1889,223.29141,-426.85207,277.9992,223.73933,-433.84767,273.69146,223.83262,-434.37245,269.11193,223.93506,-434.5621,307.76542,226.95034,-246.4573,258.67905,228.31934,-278.22622,295.74409,251.48612,-388.6641,278.16973,250.87004,-401.55011,337.68493,290.69779,-180.32362,224.35577,288.07024,-243.64788,367.79895,175.08409,-246.70116,200.05111,171.31419,-380.86592,300.82451,84.8302,-276.6749,271.68667,89.72877,-433.53027,289.95847,61.3323,-304.17141,278.25909,63.49926,-481.21122,288.13986,62.22258,-296.40972,280.19571,64.78951,-458.90579,291.04934,71.25709,-275.62789,279.96914,75.43686,-431.52416,326.99897,505.94444,34.04985,252.61173,524.2171,-34.4557,465.27293,582.75996,-180.31776,263.12748,676.21762,-128.52507,318.10377,578.06706,261.6018,285.96609,818.84488,78.7878,292.41062,565.53143,307.61,298.52014,835.73148,100.34797,278.35886,633.39722,267.8877,278.96377,872.06823,-10.59322
784,tree,standard,570.55127,122.08326,-143.62582,575.91926,111.1942,-122.96415,581.96489,111.13731,-123.19397,584.93873,111.0649,-123.14588,563.23573,111.54229,-122.27455,560.15637,111.36839,-122.52887,555.96369,111.31117,-122.61522,589.09285,116.08445,-5.85065,551.19379,115.57724,-3.70547,578.47045,131.56832,-97.79178,563.87489,130.93728,-99.1356,618.85915,183.77277,52.15837,518.161,181.15224,54.96918,634.83912,262.02454,-15.56162,491.1942,260.06253,-62.93426,579.34105,229.63005,-202.25563,550.69372,232.17471,-279.09826,569.66748,211.41818,-240.91043,556.55743,213.05171,-324.92158,571.61742,203.67395,-236.74603,556.69881,205.69517,-314.72672,572.60571,209.9834,-202.27941,556.24305,212.81624,-280.28523,603.50088,322.74508,16.52003,545.46405,331.36368,-16.83931,703.34745,390.83763,-60.73622,561.19014,456.49138,-44.55231,589.79579,379.23415,240.05979,577.41396,571.89643,60.33247,576.05628,367.57638,269.84903,580.98271,583.24357,69.07694,577.17481,427.84474,205.92117,575.29111,604.5392,-61.76605
787,tree,standard,1085.0219,149.5923,-257.54408,1093.96042,133.87771,-217.86531,1102.51877,134.78705,-218.19616,1109.80179,135.33728,-218.05883,1071.91406,133.05757,-221.92476,1064.40891,134.07059,-222.36993,1058.20232,134.84823,-222.5339,1118.80932,143.70339,-1.09225,1050.41096,144.04846,-20.33153,1099.39293,166.7256,-172.86766,1073.82545,167.67915,-181.77107,1170.22076,254.5899,111.83425,998.51646,255.45463,75.00664,1240.15663,365.3383,28.51677,936.91395,369.78127,-73.28475,1106.91387,349.78089,-250.20913,1067.97249,348.60785,-330.96992,1092.35985,316.18519,-305.36785,1077.99648,316.00157,-392.82022,1093.3271,310.09499,-289.45232,1077.37358,309.25956,-368.6271,1095.99106,323.91897,-244.87221,1076.24851,322.46942,-325.62561,1145.44395,525.05426,34.09829,1047.13657,535.18261,-34.71121,1320.53284,663.72268,-101.38662,1066.70174,741.022,-56.58468,1124.2218,635.47291,470.10352,1104.78012,919.97319,247.8243,1097.03568,612.2479,529.80108,1114.46159,939.77845,279.08383,1088.93475,719.40618,439.41545,1112.37785,982.21024,96.41085
788,tree,standard,1243.58411,370.16736,-264.69128,1260.60803,344.17023,-216.36479,1276.396,345.32208,-216.89803,1289.49377,346.45874,-216.52556,1223.92822,341.23944,-199.96346,1210.47693,340.54596,-200.90024,1198.32239,340.03418,-201.42151,1302.98889,355.85144,64.07047,1182.47522,351.94928,127.80942,1266.06934,397.86371,-154.53513,1222.43408,395.43329,-142.07739,1394.38269,543.3371,105.79819,1087.81006,536.99573,288.073,1446.59863,766.89185,-166.06149,1033.29187,749.35291,-23.42548,1271.98975,612.80731,-513.39764,1215.79358,594.22192,-578.60468,1248.90332,555.9613,-576.9198,1240.44177,537.89209,-684.1178,1257.74353,535.22937,-538.35309,1233.07703,519.43079,-641.64178,1259.72485,556.32263,-494.57129,1228.79041,539.39539,-576.15851,1303.46338,1013.48419,-66.32767,1124.60535,993.49664,65.95504,1273.8938,1366.35413,-72.36135,836.3158,1185.08557,-554.69043,1206.08569,1681.14014,235.58089,1188.44983,1124.2417,157.35963,1196.96387,1715.17773,261.74585,1234.17688,1089.75098,242.55005,1177.30408,1790.10596,-56.55079,1251.39905,1271.94641,108.88906
790,tree,standard,613.11743,98.68265,-135.56795,621.00177,88.16579,-112.03649,624.55788,88.46281,-112.23785,630.19373,88.9307,-112.10962,606.45962,86.64371,-106.12206,601.73385,86.23132,-106.46403,597.85695,86.04059,-106.66898,633.605,93.11519,16.41249,590.22771,92.09109,39.73623,621.08645,110.78409,-85.99311,605.12002,109.59693,-81.40529,669.60683,166.78078,42.64611,552.75475,160.08183,114.22513,702.51181,248.24848,-94.33471,522.45051,244.18826,-21.98176,626.60723,198.46012,-276.34199,597.2998,197.0458,-272.37974,616.04433,179.88786,-315.09955,610.1351,179.63656,-322.24177,617.70952,173.20284,-295.95584,607.30283,172.11321,-306.64766,618.54701,179.75103,-269.41534,604.90787,177.98391,-272.58039,632.33707,339.26784,-25.21648,560.80828,331.93505,25.08984,627.66838,477.33268,-55.19562,450.92318,409.33135,-251.53981,600.07474,598.9914,89.57314,584.2564,396.83997,99.44465,595.09692,611.52937,100.4728,602.24283,386.58181,138.97533,592.73036,647.44227,-51.64536,614.01687,460.78607,66.29628
792,tree,standard,386.39985,261.22117,-294.73214,396.71631,244.95568,-273.02546,402.91004,244.57272,-273.46134,408.40837,244.89943,-273.35626,381.18536,245.66275,-264.83593,376.44492,245.90188,-265.48049,371.6034,246.16959,-265.82958,416.32545,248.15247,-153.45543,368.22075,251.24237,-117.96126,399.18407,277.19024,-245.56661,381.97996,275.86643,-238.85301,452.36249,331.4324,-170.98588,333.03751,327.52962,-73.04819,447.75528,201.99363,-317.64896,325.57581,206.74056,-191.48588,395.34812,98.1254,-373.4888,369.96625,101.61587,-303.81309,386.36401,71.30501,-413.8619,377.75274,69.2853,-352.83027,387.38866,70.09399,-402.58208,379.89482,67.77987,-342.04696,388.96996,78.73656,-372.26389,379.27693,77.88126,-310.01194,415.16551,577.09381,-28.92509,338.98711,566.6998,28.68715,403.02151,758.26716,-18.19574,186.80174,654.10755,-143.51674,374.22023,917.51175,138.00555,352.8767,656.08397,250.43695,364.80351,932.898,148.37266,375.336,640.70953,293.95258,366.83938,975.264,-16.20673,384.08839,732.94135,233.1444
794,tree,standard,193.18497,140.37523,-235.25674,198.36769,134.86674,-217.37425,200.72631,134.90924,-217.57965,202.5519,135.0704,-217.55099,189.64216,134.36547,-222.66539,186.03436,134.48843,-222.91925,183.42457,134.79508,-223.0166,205.47519,137.66225,-124.59408,179.53961,139.27113,-148.08327,199.63334,147.63166,-198.50893,190.02158,147.14049,-207.0146,220.92122,172.81498,-84.45474,166.29913,171.97135,-135.22023,218.73416,115.25267,-117.31037,163.17288,115.98423,-199.37499,198.76841,65.34655,-176.86258,181.94944,66.74702,-243.51229,193.67597,53.32673,-199.5872,185.7483,53.24236,-274.36742,193.58175,52.22635,-204.00354,187.39615,52.42139,-269.51975,194.18249,56.51148,-181.37758,187.57642,57.07963,-245.75948,219.5111,274.72776,22.85732,186.34109,280.71505,-23.06624,287.00174,308.18379,-9.41316,192.78156,362.79672,-13.37564,211.16133,314.13242,218.32637,200.85682,429.29846,114.09019,199.49439,307.77895,240.57193,204.34474,437.53093,126.43567,199.8204,340.01946,202.43231,206.30079,455.86273,54.56938
795,tree,standard,346.46109,46.15327,-135.20868,351.62432,39.49676,-121.43685,355.07366,39.89685,-121.59328,358.41934,40.22457,-121.52149,341.79452,38.95875,-116.18967,339.08634,39.28359,-116.40795,336.47696,39.47355,-116.55689,362.23842,43.04313,-36.88123,332.97303,43.2882,-14.93759,352.8652,54.16867,-102.07256,340.9961,53.28006,-97.11534,384.04568,87.18875,-9.709,313.60778,88.9855,47.16198,402.21278,142.65244,-92.55917,298.90881,144.73069,-33.46163,362.13397,113.79723,-236.61821,339.38519,117.69754,-219.46064,354.42113,101.65662,-270.38787,344.92362,102.04705,-258.79032,355.55251,95.44822,-265.82977,343.00651,97.28524,-254.43355,356.37314,100.13534,-236.25648,342.91909,102.6412,-222.78141,366.56197,200.89183,-21.19263,327.52253,194.61988,21.10279,354.65438,288.32201,3.1949,259.1027,246.38036,-67.62074,341.24104,361.24586,144.526,336.21147,232.46454,165.90419,339.07287,368.3094,156.31879,347.80249,225.62066,190.91245,343.38129,387.60534,68.43872,345.00368,269.3509,145.99804
797,tree,standard,392.14261,78.25214,-188.06266,397.22669,70.1419,-168.98293,400.53411,70.01235,-169.14407,403.36328,69.71753,-169.09877,388.03036,70.84151,-171.3457,385.42233,70.96761,-171.51827,383.1912,70.69233,-171.59326,408.39505,73.35682,-63.0941,380.16293,74.05871,-73.26996,399.13642,85.56943,-146.9691,387.47044,84.89385,-151.40704,433.20804,125.5745,7.70128,355.38871,124.2654,-38.05471,465.42091,178.37773,-67.36071,322.27781,172.99706,-146.89209,406.78096,169.69761,-262.39748,381.67548,169.99984,-317.84863,400.05236,154.09333,-301.42684,388.90548,155.25422,-362.16593,399.56281,151.14799,-299.77255,390.30547,152.97383,-351.16129,400.2604,157.03958,-264.35211,388.93189,158.39642,-317.29918,419.33827,236.03942,27.50428,375.36192,243.25375,-27.75006,510.22282,266.80121,-103.49175,389.99918,341.57687,-80.65012,414.63237,279.77946,106.60115,409.05862,435.00176,-3.06744,401.19262,271.73823,126.75045,414.49971,445.56287,2.63013,399.95527,312.66692,65.22371,413.7445,459.52713,-109.11413
798,tree,standard,1701.92141,1556.71751,-2371.03329,1753.14235,1488.60983,-2250.91138,1790.58355,1490.7944,-2253.65089,1818.73897,1495.08257,-2253.71681,1654.15334,1490.9577,-2250.88213,1616.46505,1493.05883,-2254.00726,1584.96697,1494.64117,-2255.46817,1827.15031,1524.83387,-1518.29208,1541.56617,1524.35231,-1500.95421,1759.46512,1641.24093,-2064.65378,1650.20094,1631.50387,-2079.3541,2063.22398,1889.90442,-1254.64873,1333.65389,1893.22529,-1104.35473,2469.9603,1395.79187,-1593.51107,934.4935,1416.74004,-1702.79029,2572.90871,744.62488,-2179.23528,811.24389,807.09085,-2555.22334,2639.02753,580.72845,-2369.45084,754.6458,666.42557,-2834.26749,2614.75983,560.21828,-2451.879,801.18229,636.11592,-2862.38377,2575.26817,629.2707,-2235.16008,836.49562,695.46526,-2629.17815,1967.00887,3157.97384,15.08494,1540.58244,3184.852,-18.0115,2636.63223,3741.60958,-98.76216,1676.2065,3997.28653,385.2742,1822.92867,3493.00697,2400.0994,1773.40224,4702.12997,1734.20329,1705.71509,3408.98627,2656.02303,1817.91026,4778.76208,1872.20977,1706.73352,3814.40187,2540.58955,1752.74478,5014.18563,1423.42839
799,tree,standard,873.90609,363.71713,-514.21156,902.29035,323.08101,-440.44903,916.305,324.49159,-441.22557,933.9535,326.54802,-440.75458,849.61959,322.35114,-420.76225,833.46333,323.34097,-421.9887,820.21925,324.85537,-422.66837,946.55229,344.02689,-22.89422,793.36619,345.42707,51.6878,905.66222,410.45096,-352.21013,847.61047,403.76038,-338.10296,1070.09851,594.88629,85.23821,673.92811,602.3874,294.26704,1205.85934,862.76212,-255.44374,601.90199,878.60976,-118.74655,942.5162,742.93771,-749.11642,854.54265,725.22886,-919.3443,916.51458,670.86552,-852.22049,881.82818,655.15383,-1082.36803,918.86464,649.78929,-801.6786,879.52904,633.06519,-1040.57295,920.69647,673.23528,-726.37868,877.15656,657.07827,-923.36264,963.05601,1234.89523,-67.89804,730.09172,1212.13748,67.39043,907.35313,1704.23559,-33.83667,358.57819,1457.04298,-860.87209,815.67351,2091.53101,452.71685,801.50205,1419.13884,222.23127,796.67407,2142.31732,491.00114,869.84668,1378.02638,346.01244,830.18046,2243.04084,38.8642,872.37034,1634.6544,128.27175
801,tree,standard,460.72047,213.35788,-305.58375,472.11825,199.65715,-277.02563,477.87824,199.67472,-277.36799,483.48598,199.8434,-277.20621,452.5432,200.88938,-269.39374,446.50022,201.60471,-269.91897,441.05533,202.66703,-270.1301,487.46395,206.4614,-143.08753,434.03935,208.44085,-111.94292,472.2756,227.86075,-254.3433,452.35147,228.26207,-248.58597,522.12213,282.55722,-161.45067,404.5269,273.04115,-77.43371,551.04958,196.52415,-394.4531,380.19276,183.24645,-227.14593,554.54646,87.52051,-552.98138,374.96252,74.88329,-400.08756,557.12517,61.60348,-602.04828,367.72556,47.28708,-457.26714,556.5475,56.47165,-590.5298,371.33925,44.29678,-450.40902,552.82384,66.11027,-555.4533,377.20052,54.46746,-409.94031,482.58533,497.7866,-21.50103,408.48284,484.19423,21.35527,479.22306,643.14187,-39.03931,283.58166,562.10494,-290.41632,449.76085,759.98004,230.66858,423.41384,547.74797,87.56793,445.66984,774.33856,252.55197,445.58215,534.34542,128.36847,440.02308,808.46428,85.07341,462.58539,606.31313,25.13339
802,tree,standard,289.9231,285.60978,-435.65337,303.42992,267.94714,-415.63158,310.87455,268.46503,-416.09886,316.7455,269.55497,-415.9589,283.52581,267.031,-408.67522,277.69413,267.04971,-409.3852,272.16261,267.17002,-409.75589,322.88302,276.345,-276.77116,264.61353,274.63898,-246.56206,303.85152,303.79649,-376.40516,282.06986,301.96837,-371.64279,362.55904,361.0785,-267.93891,227.87704,351.23124,-171.12561,390.97166,217.37656,-408.75833,211.91315,208.02954,-271.35623,316.91227,98.7086,-448.87555,287.58482,95.82347,-356.63301,308.8599,67.52004,-488.74189,296.43913,61.83036,-403.08242,307.88561,65.55508,-473.68236,298.1126,60.23611,-391.93515,309.81097,78.34096,-445.46673,298.08819,73.41607,-362.11473,319.99212,623.33654,-31.29197,228.19059,606.61121,31.00744,290.90282,825.9739,5.25592,48.96913,715.90431,-143.41073,264.13981,1006.59267,137.29204,245.07813,697.09467,262.33812,256.00123,1024.35104,145.83812,272.22405,682.82291,308.94256,255.35204,1073.77468,-30.46593,274.8758,778.79548,250.54771
803,tree,standard,317.53129,223.71011,-285.84643,325.40967,212.04417,-259.669,330.34428,212.10307,-259.97874,335.23354,212.8097,-259.83868,312.35054,212.65155,-258.02683,308.56284,213.30675,-258.53979,304.26275,214.01672,-258.77531,341.34474,218.84638,-132.83125,298.76208,221.55135,-128.67205,328.6718,237.51621,-236.61636,312.33799,236.77905,-238.23764,370.01605,285.77199,-129.30954,272.16083,281.13532,-101.98239,383.43285,188.26854,-288.06792,261.078,187.52009,-217.59873,385.06933,87.72524,-421.76796,254.22909,90.00716,-353.76464,390.53341,61.4235,-463.92537,247.14903,66.84537,-404.86618,389.15075,54.96146,-464.37931,250.59368,62.53663,-405.60986,384.26543,63.72644,-428.36206,255.35896,71.52415,-364.37202,347.65209,480.75904,-9.95813,283.70905,470.24809,9.76778,321.89472,617.32603,23.97409,168.23522,543.88915,-210.39266,302.80093,740.08687,244.34295,289.04373,535.57774,165.79779,295.90209,751.01589,261.60775,307.29147,524.56059,206.76232,295.35299,782.43999,115.67443,309.91654,597.34669,131.02283
804,tree,standard,313.451,42.61164,-153.98828,319.2405,36.30149,-136.41229,323.15824,36.37225,-136.5854,324.96877,36.43913,-136.50816,309.79508,36.74368,-131.89446,307.58051,36.99352,-132.10182,304.58112,36.94857,-132.25537,328.49763,40.28883,-37.19799,301.89026,39.58701,-17.74546,318.68609,49.52925,-115.66385,309.28378,49.64681,-111.48162,351.68502,91.81183,2.63613,279.25811,89.57417,51.14691,371.13291,151.59968,-81.05942,260.03478,148.32333,-33.36017,325.11908,129.35218,-258.29325,305.2035,125.49988,-245.74709,321.00174,114.68583,-299.58576,312.33346,111.46746,-292.6448,321.87159,109.68241,-296.41439,311.68438,107.09144,-289.67804,321.82496,114.56512,-259.18856,310.47213,111.42657,-250.31865,324.82638,203.66115,-19.1285,286.32242,195.92375,19.01828,317.85478,292.69184,-18.46191,210.47943,253.82954,-59.24002,304.11987,371.57413,128.89547,294.19211,240.21872,211.8095,301.08334,381.5069,140.38354,305.87696,232.05763,239.9555,301.90835,396.89437,30.63416,308.34092,280.65822,180.9559
805,tree,standard,2781.90328,1015.98232,-1358.69655,2811.68888,960.52319,-1258.46446,2831.94973,959.47307,-1259.92018,2851.27516,959.108,-1259.32975,2755.83978,963.83553,-1260.79819,2736.99706,964.73746,-1263.09817,2718.21077,966.50599,-1264.25488,2871.57417,977.26372,-678.16697,2697.68703,992.64603,-702.80277,2825.64252,1070.82805,-1121.35009,2757.0932,1066.77751,-1140.55713,2993.28147,1235.10466,-539.40425,2580.13725,1213.58158,-481.31148,2988.65918,782.26414,-863.63793,2574.31226,783.38438,-785.79136,2815.82781,426.3391,-1115.00806,2747.3646,426.25408,-1185.8041,2800.68892,332.77662,-1258.56801,2770.9816,325.93679,-1390.30748,2800.39049,322.64978,-1258.01086,2778.13519,324.07932,-1384.19498,2803.67228,359.93677,-1127.72678,2776.49561,364.34184,-1216.74381,2867.58039,2111.25831,-15.57839,2573.07466,2057.82298,15.00733,2739.58479,2744.84037,224.53005,1990.65907,2342.16415,-1027.01981,2645.83221,3283.62914,1271.99026,2602.67647,2337.57599,577.39848,2614.83331,3339.15143,1355.83346,2690.26632,2284.63077,750.64073,2666.29756,3484.83493,764.17354,2673.69512,2628.2222,412.79641
806,tree,standard,507.23957,393.19815,-420.71995,516.79723,377.1067,-397.55816,523.2293,376.39017,-397.88277,529.74403,376.31709,-397.76705,499.17147,378.96861,-389.75594,494.17642,379.73043,-390.30135,490.73319,380.40864,-390.543,537.46376,381.98615,-244.08761,488.64915,384.50188,-211.82159,520.65881,406.74247,-357.58583,499.81917,406.69887,-351.19268,572.06109,452.5835,-204.50031,464.86715,449.05856,-106.54427,577.80034,338.2269,-298.36832,452.40341,339.30138,-172.29265,530.98951,244.28528,-330.61939,508.51122,243.44762,-289.91353,523.08136,222.05773,-370.99745,514.23889,221.13267,-339.30407,522.56218,219.78685,-361.12104,515.28723,221.28928,-335.47472,524.21559,227.24965,-329.31918,514.14421,227.98306,-296.94617,541.72587,666.15218,-27.86929,466.87392,663.2087,27.73973,533.26409,844.18853,-73.72847,350.37802,774.70297,-217.48696,516.51793,982.91476,232.02104,485.40565,823.14163,246.62837,508.93752,992.47247,257.52967,507.30372,813.20512,296.16041,513.58888,1046.51039,91.81779,514.54408,885.95087,196.35882
807,tree,standard,524.00778,62.55643,-208.59875,528.20098,53.8907,-187.60016,532.11328,53.86089,-187.81701,535.12906,53.71313,-187.76392,516.4833,53.3424,-191.54273,513.03773,52.98318,-191.77536,509.13276,52.66491,-191.86268,537.68444,56.51439,-61.39632,503.242,56.14517,-79.27897,528.79264,71.01231,-158.45953,516.46751,70.74704,-165.42037,566.48256,114.2723,21.47886,471.7969,118.93453,-16.08827,603.68369,179.40931,-40.02702,446.15845,185.22498,-108.09846,539.40916,171.57463,-249.49152,512.69666,171.46892,-288.03106,528.02676,157.18376,-291.77437,521.79021,156.13938,-332.09402,528.72117,150.756,-289.49532,521.25237,150.54781,-322.7941,530.47859,156.38104,-251.07632,519.45741,156.49034,-287.81073,550.58821,244.0152,24.06093,498.50467,249.35419,-24.35307,649.41268,301.83785,-86.27647,514.48969,365.19052,-47.37745,539.9398,298.09174,177.38945,534.76188,462.63742,56.81239,524.91414,288.26729,203.41449,541.08165,475.92063,65.48327,529.32052,344.71131,135.40399,535.6197,495.86765,-58.31498
810,tree,standard,222.61724,94.56655,-97.37527,228.79255,84.95342,-79.0639,233.6731,84.82391,-79.26067,238.03549,84.76552,-79.17343,215.49225,85.58645,-73.70149,212.11069,85.99385,-74.00714,208.30553,86.68207,-74.21277,240.92276,91.26837,19.03942,202.65474,93.3248,41.41444,231.14541,104.20635,-59.41302,215.47148,104.36572,-54.81225,268.77325,153.86981,41.92622,178.55684,155.94481,110.29421,311.67784,218.42633,-3.42283,139.42311,225.36597,31.77474,236.02815,211.52454,-109.32188,209.93822,213.27168,-163.39493,228.71878,192.07038,-134.21419,218.6465,192.14888,-202.65505,229.986,185.93358,-125.86945,219.57164,186.95494,-193.54951,231.15563,193.6026,-104.77599,218.68129,193.51451,-164.42698,242.50507,311.34794,-29.4932,187.62727,306.52856,29.31965,234.58111,429.96176,-45.11418,82.88985,368.06992,-118.99155,218.03269,539.75828,98.06139,205.71256,373.51944,145.399,213.42139,545.89941,110.69301,223.53959,360.00838,175.41009,210.87379,581.47991,-1.31425,218.16843,425.86983,121.84948
811,tree,standard,1480.5028,329.17521,-608.39073,1506.48992,299.92787,-540.22485,1519.51483,300.85423,-540.94928,1534.5094,301.51433,-540.79252,1462.74814,297.53337,-545.4554,1452.3368,297.06975,-546.17762,1441.64989,295.3625,-546.57833,1543.7415,315.50232,-154.53822,1426.36059,307.01399,-176.28057,1506.69408,360.58402,-457.53123,1460.12863,356.98981,-469.72,1641.85635,534.16866,70.91382,1324.49186,523.87001,-5.61491,1743.54477,738.86859,-143.89334,1199.48764,736.46842,-335.81194,1511.85133,698.21763,-773.02729,1432.20121,688.69693,-877.83641,1487.02865,635.134,-896.79781,1455.38868,626.45327,-1013.40631,1487.8282,622.32071,-882.30825,1459.12428,616.42017,-970.46169,1491.31902,644.89943,-772.67119,1455.3422,640.48353,-871.88884,1583.70989,993.81274,67.44963,1398.56408,1011.14428,-68.55697,1900.59703,1208.06625,-218.41143,1456.59994,1381.53707,-105.55247,1541.12403,1178.57259,848.57276,1523.59819,1696.50404,400.3731,1493.69081,1137.23138,958.2311,1544.55462,1730.41443,450.66059,1497.39494,1317.33078,788.0969,1516.50835,1802.18625,109.73463
813,tree,standard,332.33666,99.55257,-76.03165,337.24443,92.71488,-62.34772,340.95798,93.05235,-62.49376,344.643,93.35703,-62.39081,327.77496,91.83333,-57.37657,324.38682,91.75458,-57.6303,321.3427,91.73114,-57.77232,348.76317,96.22532,16.20816,317.35673,95.4202,35.74987,338.88045,107.0294,-45.35938,327.44983,106.53645,-41.29275,373.91624,145.52343,28.55388,293.11177,142.92005,78.78095,388.05398,205.596,-51.60161,277.78766,200.24294,-12.96049,340.80504,164.03309,-156.20005,326.39672,160.31315,-175.16511,334.88665,149.90076,-176.37413,332.96939,146.00786,-206.69515,336.68021,145.07044,-166.93218,330.13291,140.70456,-196.09929,337.26178,150.49399,-151.93681,328.77427,145.95554,-175.33481,349.31405,273.51377,-17.06242,300.91995,267.4258,16.97009,342.544,365.89501,-23.29448,225.35767,317.23183,-167.28993,323.38935,450.85611,56.67591,318.39453,301.95054,34.61646,320.263,461.48969,62.74787,329.75188,293.22497,58.24256,316.80464,480.45329,-33.27319,333.85878,342.21594,15.54587
814,tree,standard,441.84089,72.83744,-221.84712,449.15894,63.66427,-202.03829,453.34691,63.79548,-202.28408,457.77929,64.0836,-202.26748,437.40067,63.08517,-203.7117,433.40418,62.90567,-203.93366,430.16988,62.49345,-204.05282,462.71712,68.96758,-81.69859,425.5822,66.48579,-89.52152,450.57887,82.5953,-174.36054,435.08425,81.97076,-178.378,491.27573,135.76161,-12.34156,390.01498,131.79741,-30.31779,522.00282,205.00582,-91.77504,368.87795,211.40353,-155.86339,458.5402,185.60385,-297.00437,430.57057,186.24087,-360.75127,448.27998,168.85554,-338.98357,439.65769,168.9316,-408.90613,449.48378,162.93623,-335.63209,438.54311,163.74024,-396.78061,450.74838,168.31362,-297.93075,437.05216,169.506,-360.65963,477.10621,277.84077,19.04168,419.40576,285.32189,-19.34958,576.16794,339.29362,-45.18948,441.24013,406.92517,-44.97674,460.95473,325.54881,263.93348,458.57427,510.95131,87.38273,447.59423,316.47092,294.85133,463.91481,522.64214,99.71032,443.40181,372.93886,238.05867,459.36617,542.64494,-15.05798
815,tree,standard,1567.03418,620.12073,-631.31841,1586.72845,597.48596,-579.62975,1594.77924,597.71082,-580.13965,1602.36438,598.72827,-579.81404,1550.96686,596.48419,-574.56139,1538.94928,597.27966,-575.56059,1529.05838,598.35461,-575.93541,1610.71765,611.81763,-297.15525,1514.39255,610.58813,-281.38918,1587.86755,649.7832,-518.25883,1551.31348,644.82031,-519.31911,1661.85535,733.44067,-247.7252,1468.79379,719.68201,-150.83097,1712.3432,558.33368,-526.10106,1428.37308,524.98822,-317.77874,1722.20746,356.73114,-779.20953,1424.20386,323.96387,-589.31987,1731.90234,302.66705,-866.69788,1413.80008,278.14874,-690.18251,1729.64227,290.21783,-869.47769,1419.47717,270.46515,-697.74156,1722.28986,310.82782,-792.00101,1426.68558,290.10437,-611.9464,1620.93896,1141.08765,-34.25831,1496.53372,1120.797,34.05097,1577.49939,1441.72461,-35.51679,1283.60312,1275.63953,-626.46098,1531.56812,1711.77124,303.79942,1532.45728,1252.20044,177.42651,1517.43137,1742.12646,322.41245,1571.16925,1229.70837,262.73975,1529.83548,1797.56421,-51.9087,1562.93829,1380.68677,71.4029
816,tree,standard,460.72047,213.35788,-305.58375,472.11825,199.65715,-277.02563,477.87824,199.67472,-277.36799,483.48598,199.8434,-277.20621,452.5432,200.88938,-269.39374,446.50022,201.60471,-269.91897,441.05533,202.66703,-270.1301,487.46395,206.4614,-143.08753,434.03935,208.44085,-111.94292,472.2756,227.86075,-254.3433,452.35147,228.26207,-248.58597,522.12213,282.55722,-161.45067,404.5269,273.04115,-77.43371,551.04958,196.52415,-394.4531,380.19276,183.24645,-227.14593,554.54646,87.52051,-552.98138,374.96252,74.88329,-400.08756,557.12517,61.60348,-602.04828,367.72556,47.28708,-457.26714,556.5475,56.47165,-590.5298,371.33925,44.29678,-450.40902,552.82384,66.11027,-555.4533,377.20052,54.46746,-409.94031,482.58533,497.7866,-21.50103,408.48284,484.19423,21.35527,479.22306,643.14187,-39.03931,283.58166,562.10494,-290.41632,449.76085,759.98004,230.66858,423.41384,547.74797,87.56793,445.66984,774.33856,252.55197,445.58215,534.34542,128.36847,440.02308,808.46428,85.07341,462.58539,606.31313,25.13339
817,tree,standard,560.91821,351.75662,-366.25521,570.67541,332.17628,-319.12125,578.76924,331.4612,-319.61074,586.91894,331.10901,-319.45664,548.15587,335.5637,-336.15789,541.42921,336.83563,-336.89682,533.84417,338.04592,-337.21004,596.43023,339.16615,-105.40279,526.80953,347.53364,-179.08881,579.47431,371.34612,-282.03503,553.17689,373.55282,-307.96895,641.8004,422.53711,-7.71808,490.7582,426.83938,-219.09791,666.11266,274.60971,-67.45112,477.00008,288.33706,-428.44262,658.69024,127.97041,-210.26264,457.71078,127.92113,-558.00362,663.26644,94.1519,-243.43511,445.91317,91.77589,-632.35474,656.94609,86.24074,-268.43142,450.20492,84.19161,-618.09461,650.65098,97.61925,-226.71123,458.55517,96.90635,-565.04527,616.11271,727.58188,84.87695,513.93059,734.98285,-85.40603,785.68754,849.55509,-76.49944,540.06532,966.90001,-132.22631,591.00755,874.81427,379.2405,578.60652,1129.00329,171.63076,559.72127,848.17257,425.22576,584.69499,1147.53335,205.11766,553.0269,971.34368,350.64132,596.38592,1188.29849,72.41058
818,tree,standard,285.10366,302.31752,-266.0451,294.78584,286.92666,-231.94381,301.70486,287.31207,-232.37132,306.05529,286.94944,-232.29146,275.25531,287.75476,-240.15765,269.16861,288.06548,-240.73855,263.51644,288.72396,-240.91956,310.36042,292.86912,-59.60779,251.44289,295.36362,-94.42042,299.51332,318.81056,-197.05152,276.58157,318.4357,-210.9342,339.58203,367.7082,-3.22652,220.16128,368.50751,-80.10551,351.17737,236.07387,-41.98417,217.07378,240.84496,-181.77167,290.29577,134.69297,-76.82329,259.75781,140.43794,-237.38579,283.99497,108.61288,-105.00265,271.58605,112.60843,-283.69467,280.18923,111.41239,-104.70531,271.87771,113.50091,-272.01639,280.60812,122.32341,-80.06902,268.45839,124.48253,-240.04194,332.39526,627.15658,40.03049,244.15632,635.53809,-40.4909,481.11881,744.1848,-20.5013,270.52097,826.63271,-90.08469,318.75631,709.26302,372.63088,294.98447,995.70502,108.15729,294.7784,694.88925,413.14378,300.73739,1016.77023,129.90914,280.19818,773.73398,364.80999,302.96598,1058.90843,5.03259
819,tree,standard,261.56281,228.30665,-362.06252,268.54827,220.28292,-339.86841,271.75308,220.36408,-340.16123,275.59019,221.00631,-340.10497,256.55438,220.7595,-346.9527,252.66311,221.27587,-347.31832,248.28148,221.80919,-347.44848,277.25659,225.30594,-223.25282,240.6606,225.93124,-254.89256,269.05649,237.1064,-315.78853,256.95599,236.83549,-327.28595,298.20203,272.06806,-164.87194,220.5112,269.09802,-233.15442,325.27142,205.73338,-212.89016,198.1861,200.57074,-354.37686,341.92805,123.8507,-315.42833,190.8287,125.14163,-483.99652,347.9628,103.58582,-345.18952,186.28811,106.99065,-535.02131,347.75725,99.507,-364.30619,190.77874,103.08479,-533.99193,343.55247,106.98761,-327.87389,194.25118,110.85059,-492.1005,289.64008,408.94345,29.9721,242.9365,416.46581,-30.29113,377.10302,469.64547,3.30207,255.69994,521.10167,-11.65467,282.69767,456.76142,324.94739,270.44897,611.78628,193.95055,266.82543,445.83885,355.68096,274.83984,619.87803,214.04179,261.23504,493.04591,308.85316,273.91656,648.08934,130.97926
821,tree,standard,373.56852,122.57876,67.10731,370.9179,118.54824,52.44198,369.45452,118.58142,52.31985,367.9006,118.68178,52.30354,375.20112,118.54042,52.6781,376.7462,118.52229,52.48296,378.2597,118.49042,52.45692,365.48145,121.37337,4.80307,381.18406,121.36346,5.65181,371.56182,126.97713,55.61663,376.15676,126.60495,54.70371,352.03811,142.08014,-19.89438,395.99734,141.05518,10.49976,352.43036,98.8729,-15.08445,388.98761,97.81252,11.80364,369.00161,60.2451,-4.34941,375.18545,60.24451,23.32368,369.7564,49.28165,-8.59186,375.59398,47.3724,21.28453,371.33004,50.18584,-12.37984,375.04517,49.19431,17.09338,371.42011,54.8504,-5.8082,374.7539,54.28898,20.31214,355.56634,229.30897,-16.59376,381.21435,234.23606,16.30639,301.84657,255.28688,14.9955,372.63307,297.93447,76.57875,358.49572,261.33304,30.5506,366.17176,359.72092,0.18465,364.77357,256.57186,32.47456,361.55881,369.38312,-8.31709,364.80755,283.07636,57.73939,362.66294,367.05087,-17.3918
829,tree,standard,731.15819,215.11401,-648.71821,753.75646,191.2934,-578.90692,770.89202,193.03491,-579.76643,787.88135,194.67731,-579.34871,711.47671,192.88074,-553.21852,699.08288,195.69849,-554.41682,685.42892,198.7464,-555.17138,798.38973,210.55463,-191.654,676.26502,218.77185,-84.72922,756.4565,252.13611,-500.30313,712.74938,255.10797,-476.26784,936.48577,471.32135,-58.2837,568.43611,451.7981,164.44589,1042.26941,741.48474,-402.36837,461.10785,731.92975,-224.15043,808.41749,660.87146,-1019.53517,702.40384,655.44312,-1112.64442,774.89503,596.27429,-1159.17209,734.10233,591.63037,-1306.35085,773.64002,575.51978,-1134.82508,734.12847,570.72485,-1280.60635,777.0516,597.39282,-1012.45604,726.92223,592.64764,-1126.2308,798.1633,1037.57678,-69.71682,598.91107,993.78107,69.41231,757.03084,1451.85474,-176.05186,274.03971,1144.88281,-974.80778,680.76759,1835.52148,335.67353,670.77577,1219.625,4.60804,651.43581,1886.38989,371.20741,749.05551,1202.86768,110.28225,702.04982,1989.90039,-137.18646,726.71877,1409.17847,-195.94351
830,tree,standard,300.48992,115.11748,-165.67249,305.64947,109.60362,-149.12413,308.59324,109.64664,-149.32116,310.46616,109.6929,-149.31796,298.37357,109.28031,-153.49689,295.71295,109.09725,-153.73049,293.29502,108.88387,-153.82113,312.73581,112.11158,-70.78345,290.19018,111.07668,-90.16302,305.71096,121.50759,-135.02367,296.86792,120.02883,-142.31791,324.92676,143.68398,-53.86405,273.47296,141.04477,-85.7785,328.82584,88.93759,-94.33301,275.30268,89.52737,-160.76321,310.39587,40.16984,-137.46218,294.80612,42.31164,-200.57203,306.37905,28.66276,-154.45395,298.80573,29.43622,-224.86568,306.76233,27.48589,-154.9935,299.40699,28.44976,-218.53745,307.13924,31.63977,-139.75749,299.3787,32.76652,-202.13406,323.51711,240.0036,15.41019,289.09603,247.46921,-15.61489,391.35502,274.57367,-36.00438,300.18169,324.27559,-25.98941,318.00644,277.38346,141.69165,308.24215,397.34615,46.63138,306.44451,269.90904,159.39043,312.6771,405.89068,53.90163,308.29458,309.65355,133.48318,304.75714,420.96009,-2.25071
832,tree,standard,148.1164,154.20094,-144.98874,155.73786,145.98367,-125.76056,160.03099,146.51151,-125.98744,163.31123,146.78659,-126.00021,143.34702,144.47735,-131.37256,139.57769,143.90233,-131.69027,136.30707,143.42661,-131.80379,164.87888,150.08974,-31.20775,131.30068,146.37191,-56.25229,154.89691,164.83735,-107.02969,141.27687,163.23247,-116.41511,180.71587,192.52241,-8.25418,109.5047,190.10736,-63.71475,180.09819,122.70328,-29.82137,124.25673,121.57018,-149.00449,160.04244,56.23305,-62.00792,145.0865,55.48606,-189.33529,155.72428,41.55158,-78.5327,149.54544,41.32146,-218.64439,155.48021,41.53696,-80.73664,150.03633,40.82969,-211.24342,156.67555,46.78824,-64.8179,150.23865,45.90019,-191.05761,182.43927,342.38915,27.92032,129.30975,354.51567,-28.16914,278.3305,395.24968,-66.89761,147.92638,474.27451,-74.30968,171.79665,391.88584,149.0148,161.85032,564.55199,42.88812,157.5239,382.65083,172.12978,167.77597,574.34752,56.50556,153.74463,437.78786,148.91932,165.09237,602.65808,-6.46627
833,tree,standard,355.79417,149.50644,-204.00572,368.33489,134.63358,-172.82646,373.89582,135.06799,-173.14008,382.48374,135.05011,-172.95351,345.78955,134.04514,-164.5665,338.84736,134.25055,-165.06219,333.90848,133.9697,-165.33641,387.40248,142.53116,0.99648,323.0129,141.89066,32.38456,368.9142,168.94827,-136.81817,345.16573,167.17868,-130.74601,435.14097,242.90613,41.9225,275.78285,247.62296,132.72467,491.7275,352.366,-109.98664,243.842,360.34137,-42.7253,385.83748,304.42758,-322.84116,346.12837,297.29529,-380.42553,375.53216,275.09393,-368.34445,356.37486,267.56311,-449.43632,376.35631,265.58282,-345.86434,355.48726,258.6174,-431.07906,377.13915,275.68753,-313.41816,354.6493,269.14673,-381.87061,394.13592,504.47678,-28.67514,297.51096,495.0242,28.49929,367.13534,699.16998,-7.10398,145.76823,594.62579,-373.87911,330.6695,856.95789,231.53313,327.8494,578.40509,64.23842,322.1962,876.33423,251.38171,355.39856,564.4704,114.2748,339.1047,918.49487,67.85647,355.42621,666.79254,15.65975
834,tree,standard,2781.90328,1015.98232,-1358.69655,2811.68888,960.52319,-1258.46446,2831.94973,959.47307,-1259.92018,2851.27516,959.108,-1259.32975,2755.83978,963.83553,-1260.79819,2736.99706,964.73746,-1263.09817,2718.21077,966.50599,-1264.25488,2871.57417,977.26372,-678.16697,2697.68703,992.64603,-702.80277,2825.64252,1070.82805,-1121.35009,2757.0932,1066.77751,-1140.55713,2993.28147,1235.10466,-539.40425,2580.13725,1213.58158,-481.31148,2988.65918,782.26414,-863.63793,2574.31226,783.38438,-785.79136,2815.82781,426.3391,-1115.00806,2747.3646,426.25408,-1185.8041,2800.68892,332.77662,-1258.56801,2770.9816,325.93679,-1390.30748,2800.39049,322.64978,-1258.01086,2778.13519,324.07932,-1384.19498,2803.67228,359.93677,-1127.72678,2776.49561,364.34184,-1216.74381,2867.58039,2111.25831,-15.57839,2573.07466,2057.82298,15.00733,2739.58479,2744.84037,224.53005,1990.65907,2342.16415,-1027.01981,2645.83221,3283.62914,1271.99026,2602.67647,2337.57599,577.39848,2614.83331,3339.15143,1355.83346,2690.26632,2284.63077,750.64073,2666.29756,3484.83493,764.17354,2673.69512,2628.2222,412.79641
836,tree,standard,209.21121,148.15102,-53.49061,212.0158,143.30174,-41.83189,214.21487,143.47281,-41.95189,216.03847,143.69196,-41.90033,207.28402,143.41577,-41.02664,205.50377,143.52515,-41.20249,203.89628,143.67746,-41.27409,217.45434,145.46881,9.3202,201.48463,145.78646,12.29234,212.66131,153.11754,-33.77441,206.53491,152.44161,-34.05032,227.69694,168.10935,2.21796,193.11745,167.3534,30.36487,231.38373,130.71293,-27.05211,189.32426,130.20082,1.26087,212.57098,102.03078,-38.26115,205.40364,100.18339,-31.08564,210.59844,94.50552,-48.69553,208.54676,91.75133,-44.64616,210.23407,93.93886,-45.15352,208.89616,91.51273,-42.60857,210.9745,96.48942,-37.4683,208.54874,94.20445,-33.21217,221.57393,240.15744,-10.66978,196.09818,237.59062,10.56706,213.82108,296.73462,-44.19225,153.5879,257.85754,-106.35452,206.76107,350.27437,-8.60649,200.16696,277.79713,-21.26037,204.71089,352.85764,-7.20333,208.94802,273.96512,-12.30134,204.83744,368.87522,-71.18987,206.44422,301.46158,-50.51456
837,tree,standard,586.51482,151.36133,-344.09355,598.81969,133.50393,-303.04275,605.3615,134.17326,-303.43493,612.89842,134.88587,-303.31243,572.18567,132.7357,-306.25199,564.77893,133.35153,-306.66938,558.81585,133.52159,-306.85785,619.28341,144.10825,-76.12268,550.46039,143.44746,-89.85399,601.98193,169.27452,-255.77258,570.60853,170.47241,-263.09433,670.66383,255.96753,47.0902,502.02755,257.61808,6.03855,734.47235,366.4855,-77.64986,439.0545,371.23674,-200.74611,602.76824,353.00959,-411.28658,563.82368,348.10149,-524.92176,588.80983,318.27619,-479.7187,577.32881,315.37626,-604.74333,590.62664,312.15193,-467.32549,580.65844,310.58093,-577.92553,593.81709,324.95643,-409.19356,579.29035,323.04892,-521.20783,644.29533,521.22321,35.06587,544.84923,529.1817,-35.67689,818.67244,661.53652,-101.11687,567.77269,744.41984,-59.64766,621.05293,635.19324,501.40587,606.57825,921.74837,243.09505,597.32996,610.12679,562.94197,615.15165,939.60082,273.13415,588.91936,718.64475,457.64318,608.2344,982.82066,73.71406
839,tree,standard,276.77732,156.89302,-232.61415,277.68232,150.50556,-217.23868,279.74924,150.4505,-217.41244,281.81607,150.35598,-217.29136,272.68237,150.45317,-213.8677,270.50604,150.27546,-214.13078,267.83919,150.13052,-214.24244,286.35724,153.797,-128.94914,265.84571,154.2821,-114.30173,280.31364,163.79259,-197.69513,273.08985,163.17753,-195.06097,305.94162,185.51924,-96.13198,249.09232,189.72019,-34.7384,345.23398,151.24849,-149.30553,205.07987,155.40998,-20.8808,374.58775,107.14457,-266.70777,171.73053,113.8585,-118.75333,381.84629,95.11379,-296.55344,161.50811,106.7209,-144.83287,381.55421,91.62297,-312.13825,161.85382,101.13088,-166.63173,377.75272,95.83208,-276.73191,166.40565,105.04499,-133.11545,289.49552,298.65485,-20.46773,253.17468,288.50692,20.36117,273.62827,376.91139,-18.16443,183.25423,312.66353,-122.69666,260.11578,450.22886,107.42617,255.75686,321.23065,81.70917,256.62818,459.84981,115.46658,269.10924,317.10275,101.75036,262.97522,473.1279,2.45784,267.0741,354.32288,30.96328
840,tree,standard,274.52328,233.19055,-315.25804,278.48196,216.68856,-282.49694,283.4803,215.9089,-282.83361,287.60452,215.67218,-282.74753,265.89585,217.5952,-300.09293,261.16436,217.2613,-300.56689,256.67517,217.06756,-300.78486,290.75889,220.70284,-117.04678,247.99848,220.38777,-197.19759,284.14396,246.02399,-248.67239,267.8927,245.62011,-274.79199,314.44028,278.47174,-24.3888,221.53273,272.64135,-207.68159,328.05558,173.19335,-36.5808,223.36231,171.90903,-325.73267,284.57471,83.99388,-130.58508,258.47226,79.88743,-375.77058,278.02478,59.80982,-156.37373,264.67539,56.86316,-425.51425,276.07426,59.35716,-167.37415,264.21253,56.61984,-411.85171,277.34296,67.43138,-138.94893,264.16761,65.07529,-376.10993,319.8652,477.71915,71.65672,251.59376,484.40789,-72.01346,445.98067,548.87755,-23.89873,269.15728,626.49284,-135.66414,292.95118,550.2882,275.06741,281.20923,757.44819,30.52193,274.14603,533.1783,305.29988,284.35414,771.58454,48.42478,272.35293,603.88317,250.23735,294.51947,803.89951,-64.38204
842,tree,standard,193.71601,44.93048,-98.85046,198.5538,39.38121,-87.45767,201.15383,39.51959,-87.58648,204.06233,39.57393,-87.53102,190.16915,38.83903,-84.0224,188.05649,38.93172,-84.21141,186.03509,38.71876,-84.3314,207.20664,42.67848,-21.30354,183.04967,41.66129,-7.00805,199.11945,52.1162,-72.89675,190.47934,51.18429,-69.93872,227.8037,86.10942,0.55261,165.0541,86.94909,40.28679,251.20515,125.49304,-36.13158,136.47922,127.21346,-7.05721,201.13823,118.17779,-104.58048,185.21689,119.05538,-119.45642,195.27721,105.32812,-122.374,189.81381,106.74821,-143.01654,195.08752,103.27759,-114.53589,190.72688,104.92823,-137.08651,196.34359,108.78849,-100.88387,190.28906,109.73216,-119.67178,211.59349,184.58129,-14.84918,172.24961,181.4893,14.74631,205.8836,259.37897,-10.05912,107.98153,228.46983,-69.94861,193.62466,328.97302,81.11035,181.18783,214.2377,120.65042,190.84486,337.0119,88.62418,192.61279,206.98976,141.97735,190.08668,353.42263,13.7166,194.80257,248.42277,108.7815
843,tree,standard,184.98135,49.07699,-120.57094,191.16695,40.84912,-102.19598,194.35207,41.06669,-102.3553,197.82815,41.66479,-102.27037,179.86604,40.98383,-96.21255,176.47465,41.3453,-96.45311,173.42733,41.55633,-96.58206,203.37291,47.26446,-6.76694,168.83917,46.79298,18.16576,192.9794,58.36774,-84.32931,180.18994,58.0698,-78.77324,230.77667,109.48227,3.00446,143.10214,111.30343,77.85262,262.06806,155.49114,-102.67312,107.85795,163.26365,-33.1556,192.34169,131.16953,-226.16324,170.87648,130.99447,-225.93623,184.52506,112.4782,-256.88419,177.89724,113.31628,-264.39246,185.24079,110.38287,-241.63955,178.67728,111.47234,-249.94275,186.51259,116.57152,-220.47641,177.89494,117.4854,-225.34866,210.75082,243.18735,-28.93019,154.16464,240.71017,28.76112,195.72788,347.90212,-50.59049,70.50918,304.3707,-91.55395,180.13143,455.70859,50.86109,173.41731,292.85726,128.10771,176.16986,467.30888,58.65467,186.96541,284.85146,152.55027,173.05924,487.03271,-58.37349,192.41251,326.53701,93.07553
844,tree,standard,300.48992,115.11748,-165.67249,305.64947,109.60362,-149.12413,308.59324,109.64664,-149.32116,310.46616,109.6929,-149.31796,298.37357,109.28031,-153.49689,295.71295,109.09725,-153.73049,293.29502,108.88387,-153.82113,312.73581,112.11158,-70.78345,290.19018,111.07668,-90.16302,305.71096,121.50759,-135.02367,296.86792,120.02883,-142.31791,324.92676,143.68398,-53.86405,273.47296,141.04477,-85.7785,328.82584,88.93759,-94.33301,275.30268,89.52737,-160.76321,310.39587,40.16984,-137.46218,294.80612,42.31164,-200.57203,306.37905,28.66276,-154.45395,298.80573,29.43622,-224.86568,306.76233,27.48589,-154.9935,299.40699,28.44976,-218.53745,307.13924,31.63977,-139.75749,299.3787,32.76652,-202.13406,323.51711,240.0036,15.41019,289.09603,247.46921,-15.61489,391.35502,274.57367,-36.00438,300.18169,324.27559,-25.98941,318.00644,277.38346,141.69165,308.24215,397.34615,46.63138,306.44451,269.90904,159.39043,312.6771,405.89068,53.90163,308.29458,309.65355,133.48318,304.75714,420.96009,-2.25071
845,tree,standard,247.25193,111.29326,-174.56131,250.67531,105.52597,-164.59326,253.05929,105.94765,-164.7236,255.08223,106.22427,-164.67543,242.54996,105.00152,-164.42545,239.91909,105.20128,-164.65374,237.19619,105.50548,-164.76384,255.46169,109.47313,-103.8491,231.93831,109.06781,-103.53697,250.84566,118.58723,-149.6856,242.17657,117.82357,-150.90273,270.14265,145.52212,-95.46595,217.53348,140.96022,-68.13279,279.73442,97.33117,-164.56283,209.99267,93.38172,-112.95866,279.44141,47.25846,-230.54708,204.83491,47.00487,-183.80772,283.02444,36.62851,-253.2615,201.20988,35.47602,-206.87536,280.96421,34.72297,-254.10376,202.45308,34.09238,-210.97026,277.94549,37.63487,-233.97188,204.66359,37.35397,-190.14016,256.55954,239.75242,-11.45661,221.93658,237.8845,11.36667,245.99515,316.94079,-22.55249,163.55879,284.76879,-86.1164,236.40226,387.81567,39.55347,229.91493,279.08232,94.40198,235.8611,394.92092,43.14933,238.62965,268.49293,114.31843,228.76193,410.84452,-36.78792,239.12145,303.9151,83.73188
846,tree,standard,643.00293,181.10788,-299.07726,650.83107,170.21573,-274.98386,655.961,170.60293,-275.26892,659.68941,171.13298,-275.24944,637.58728,170.77749,-278.99891,633.92456,171.20184,-279.36382,630.10231,171.65603,-279.48328,662.33742,177.49843,-141.64798,625.17616,176.94981,-158.38946,651.18332,195.05668,-245.78501,637.96825,193.68854,-253.21213,689.91859,235.05412,-90.81035,597.52312,230.5328,-126.44836,719.04678,139.9601,-134.22689,569.64977,139.4794,-218.84943,657.95448,76.6266,-158.98108,634.43474,77.57509,-274.71577,647.01851,55.97302,-184.43747,641.14105,55.1477,-312.07666,645.90141,56.89482,-177.44467,642.67593,56.71859,-299.80667,647.8698,65.3216,-158.42112,641.89713,65.91509,-275.02588,688.65173,401.71565,22.22096,622.5835,413.7119,-22.55126,792.60231,484.64006,-78.2688,640.63728,538.49556,-55.25005,669.34479,453.58922,207.11929,658.68904,644.04366,130.7033,652.58278,439.37189,236.82076,669.75845,657.07701,151.0298,647.54105,503.99527,189.70444,651.8013,694.75063,69.92053
847,tree,standard,850.72536,144.19626,-200.55959,864.7809,127.26551,-171.6887,873.51227,128.78666,-172.0475,878.62072,129.58252,-171.8552,842.21087,126.56977,-159.40551,837.05673,126.93403,-159.93174,830.22337,128.06331,-160.25189,890.37876,139.22409,-0.72145,825.08764,139.33777,51.50107,864.26353,164.33306,-133.08507,838.40618,163.16635,-121.34922,945.58172,258.75997,55.02198,774.8806,257.20786,164.52924,1001.24989,390.23107,-121.65766,722.33539,376.55571,-13.6353,896.17729,338.78963,-439.0924,838.78155,328.65562,-406.42653,879.09775,308.84416,-509.2526,853.42474,300.0381,-489.32552,880.163,295.96508,-493.63117,859.36527,289.1922,-473.34714,883.42733,307.21064,-434.51929,858.31861,300.97904,-410.15477,889.59789,518.92279,-43.57089,790.54766,505.78529,43.23289,857.5532,743.56687,-38.18326,605.09124,639.52989,-149.35268,820.42408,936.64489,182.13879,806.47888,614.76076,394.87581,814.55221,961.8643,198.18175,837.88958,593.90368,454.22239,832.58619,995.72593,-19.591,829.45995,704.87579,368.76974
848,tree,standard,175.58406,113.07888,-123.69898,180.35527,107.1656,-105.69404,184.17812,107.82065,-105.87076,187.41162,108.68757,-105.83036,170.94675,106.6366,-106.59249,168.08075,106.81054,-106.86196,164.95019,107.07165,-106.92921,189.34677,112.05106,-18.68672,159.54985,112.05313,-22.24096,182.71012,122.79344,-90.00545,170.37649,121.6812,-92.96905,211.4977,159.22317,3.74403,139.86326,159.95788,-13.69489,234.46052,98.59103,-32.85029,113.19616,103.85829,-81.27594,181.58859,54.28967,-28.60675,163.45702,54.76453,-112.92676,175.65163,37.08693,-40.06178,169.8304,36.6159,-136.58211,175.55171,37.51893,-30.97861,171.12476,36.85443,-121.46648,176.48114,44.35908,-25.72953,170.02676,44.0365,-110.76784,209.68511,286.56561,12.3035,163.40443,297.07664,-12.52432,288.0574,333.27914,-76.50831,169.87492,391.80372,-38.47125,202.91534,355.11823,139.53006,190.38165,464.69395,97.53144,188.43678,347.96978,162.09987,198.84744,472.65455,112.51802,187.90533,395.07852,124.20441,187.84817,499.98007,51.19733
850,tree,standard,285.10366,302.31752,-266.0451,294.78584,286.92666,-231.94381,301.70486,287.31207,-232.37132,306.05529,286.94944,-232.29146,275.25531,287.75476,-240.15765,269.16861,288.06548,-240.73855,263.51644,288.72396,-240.91956,310.36042,292.86912,-59.60779,251.44289,295.36362,-94.42042,299.51332,318.81056,-197.05152,276.58157,318.4357,-210.9342,339.58203,367.7082,-3.22652,220.16128,368.50751,-80.10551,351.17737,236.07387,-41.98417,217.07378,240.84496,-181.77167,290.29577,134.69297,-76.82329,259.75781,140.43794,-237.38579,283.99497,108.61288,-105.00265,271.58605,112.60843,-283.69467,280.18923,111.41239,-104.70531,271.87771,113.50091,-272.01639,280.60812,122.32341,-80.06902,268.45839,124.48253,-240.04194,332.39526,627.15658,40.03049,244.15632,635.53809,-40.4909,481.11881,744.1848,-20.5013,270.52097,826.63271,-90.08469,318.75631,709.26302,372.63088,294.98447,995.70502,108.15729,294.7784,694.88925,413.14378,300.73739,1016.77023,129.90914,280.19818,773.73398,364.80999,302.96598,1058.90843,5.03259
852,tree,standard,202.07321,101.22369,-186.0107,206.24513,96.2884,-166.35591,209.53283,96.75596,-166.60009,212.608,97.01965,-166.53316,196.2374,96.23044,-168.69245,193.07679,96.73076,-168.99931,190.43191,97.28893,-169.13294,214.25003,103.399,-75.55725,184.79325,104.67627,-85.86712,209.27365,110.91695,-151.55032,196.5007,110.79089,-156.42099,241.40877,148.88613,-40.10073,165.65338,152.73426,-65.10828,291.42869,112.65219,-49.85337,118.17281,109.92604,-118.55544,328.95659,75.71765,-128.14911,73.8195,66.37336,-209.3603,342.8955,64.45762,-141.10676,61.40246,61.73618,-237.25311,343.97035,62.825,-165.41005,59.42265,57.17608,-251.0011,338.38912,67.53149,-141.11563,64.77919,59.66835,-221.52334,239.37275,273.03086,17.35033,194.88982,280.22041,-17.66823,310.90194,317.51969,41.96562,207.01436,372.733,2.24975,226.9868,312.52836,293.7069,216.66731,452.21521,112.17916,214.87739,304.68895,317.74778,219.22662,460.10552,121.79962,211.09135,343.83661,283.36697,221.18009,478.52381,43.87344
853,tree,standard,502.71457,87.19825,-153.51097,509.7909,79.59338,-136.67929,513.1427,80.07288,-136.85773,518.09752,80.31514,-136.77302,497.17438,78.97283,-129.32105,493.9076,79.63252,-129.59892,490.71485,80.01617,-129.77655,522.25274,85.5385,-33.01955,486.40174,85.29752,-2.22471,510.56367,97.44878,-112.5623,497.80515,96.35724,-105.41583,551.06956,148.72731,-1.30206,456.65425,145.20088,79.88022,577.96592,208.63014,-84.68159,428.43482,207.16831,-1.11046,513.90743,182.75625,-231.35746,490.8638,184.07794,-214.14486,505.35518,167.14687,-268.32673,498.37998,168.57967,-257.80138,506.94507,162.80984,-259.96244,498.30514,164.04729,-252.7431,508.12006,168.23478,-228.52923,496.82933,169.48569,-217.5732,521.00378,292.18998,-27.1704,467.55102,286.63969,27.03666,501.36197,409.64198,-13.01415,382.40176,361.67445,-98.69798,486.53564,510.79588,124.90998,479.97719,332.38906,181.08575,482.6842,523.70128,135.59572,494.41534,324.44184,211.55994,487.53726,538.85449,14.80536,495.07168,376.5575,152.20575
854,tree,standard,810.27555,299.8735,-425.44265,819.71235,283.73378,-397.1534,826.2785,283.28711,-397.59417,832.02028,283.61392,-397.42723,804.01897,285.03921,-395.41252,798.79026,285.58987,-396.09506,793.85395,286.11778,-396.44406,838.86337,287.20057,-229.82585,789.10046,291.6639,-226.1404,822.92824,316.61883,-357.04408,804.46577,315.04822,-359.51517,874.35579,361.23963,-191.66504,754.01735,356.38167,-159.4469,875.35686,230.66187,-304.33483,749.56713,236.35,-258.4163,823.64988,125.44289,-372.36445,801.47867,128.69274,-377.72002,818.3157,97.21068,-413.16543,809.08146,98.06508,-436.38296,817.89007,95.32438,-408.62079,810.27393,96.61647,-430.78656,819.34128,106.15243,-374.12872,810.04038,107.95381,-385.35242,837.06551,617.99971,-5.80855,751.5995,601.19008,5.65402,801.71776,800.77376,70.13455,579.91467,684.02669,-341.81581,774.39775,954.66356,392.2009,760.20079,683.80043,123.68277,764.77852,971.11464,418.85667,784.37428,668.77477,174.97489,776.93434,1017.40152,254.11773,777.94161,771.41482,80.52213
855,tree,standard,272.22384,276.44107,-364.8628,282.14568,264.57062,-330.61725,288.41778,264.52853,-331.01212,291.99179,264.27371,-330.99854,267.19553,264.60019,-339.23971,261.268,264.26056,-339.72443,256.22651,263.9314,-339.90708,296.32102,268.27496,-167.89383,248.40111,269.32526,-205.86427,282.55099,288.26941,-301.16325,264.93091,286.67786,-315.67687,322.51758,336.56689,-121.74949,218.38804,331.72906,-201.14937,328.85259,225.4519,-196.58295,220.71918,227.07397,-351.96378,293.04556,126.23129,-287.84594,258.73299,132.09125,-428.72704,283.06002,100.48425,-322.14338,267.9465,104.05865,-479.66615,283.38364,98.42349,-324.93624,269.5817,101.82263,-466.54559,284.65038,108.19431,-292.83856,269.38122,111.47705,-431.73976,318.90392,531.15967,39.39419,250.65761,545.87439,-39.81958,460.48526,599.69012,-174.46297,270.50397,699.43933,-66.26537,305.97116,605.27209,191.65724,290.20827,850.40472,91.80309,282.96398,590.92206,228.54245,299.10496,870.96875,106.91842,282.91482,661.67548,166.62424,278.01102,897.24438,-18.66331
856,tree,standard,812.71701,188.85986,-670.45116,840.68124,147.1651,-624.03365,861.01465,148.37555,-624.96991,873.46738,150.58966,-624.77179,791.52136,149.14246,-596.85347,775.82703,151.72644,-597.99678,760.9184,155.22607,-598.79759,895.53415,172.88416,-307.88454,747.35925,181.63519,-195.30762,842.4072,233.86261,-544.17915,791.45444,237.35858,-518.34151,1037.48694,479.09161,-220.74186,637.12628,505.59271,24.82143,1125.42599,792.58423,-569.40248,582.93956,830.61005,-371.7981,864.47021,605.03369,-944.35519,792.44815,608.6554,-1054.01257,840.34991,523.07977,-1021.3537,810.79413,522.85767,-1185.17331,849.32721,493.79761,-958.15677,806.71582,495.23395,-1128.9938,852.12524,520.94598,-914.47668,809.33716,524.40649,-1050.65231,891.36273,1094.94958,-63.85945,681.40063,1067.66382,63.7064,846.65479,1528.35059,110.39357,279.12243,1320.00928,-500.50644,795.2807,1875.52319,681.10693,724.61719,1273.13464,352.41035,781.23587,1915.73596,733.99846,792.01712,1241.90405,453.82841,822.72849,2033.33716,399.33339,802.31149,1477.10291,274.51252
857,tree,standard,261.46808,228.34849,-364.30349,268.40384,220.35359,-342.11793,271.63388,220.42825,-342.4112,275.41094,221.06038,-342.35403,256.52439,220.84122,-349.15967,252.68522,221.37992,-349.52648,248.31454,221.95554,-349.658,277.01157,225.32514,-225.30405,240.5862,226.25162,-256.76969,268.91745,237.10812,-317.93756,256.87732,236.86565,-329.38575,298.29943,272.20316,-166.68654,220.59144,269.32154,-234.62118,325.36858,206.26888,-215.03128,198.34059,200.78096,-356.9145,342.00341,124.02956,-317.30061,190.76628,125.24988,-487.54549,348.0276,103.72,-347.02673,186.15288,107.0646,-538.81788,347.80109,99.52445,-366.08518,190.70673,103.09159,-537.53407,343.5327,107.01171,-329.71222,194.22879,110.93879,-495.5952,289.62064,408.79589,29.70204,242.84284,416.19312,-30.01966,377.11828,469.61928,5.01765,255.66526,521.32408,-9.96657,283.19815,456.70575,328.07489,270.44534,612.13981,195.72419,267.25559,445.77816,358.97539,274.82941,620.16359,215.8384,261.08456,492.47479,313.04328,273.79916,648.05567,133.43274
858,tree,standard,1459.16743,1054.48743,-508.29856,1489.22408,1010.47019,-430.70035,1514.04976,1014.67466,-431.81211,1529.68665,1016.38998,-431.38798,1411.72916,1007.11899,-400.31128,1391.58004,1010.49565,-401.91745,1368.94155,1013.79223,-403.01478,1546.98374,1041.21778,14.08602,1340.35014,1058.69406,140.47093,1504.32795,1124.57851,-332.0062,1407.66092,1122.29752,-305.8923,1724.35735,1419.32005,90.48494,1206.06774,1430.01315,417.36744,1883.84058,1850.69101,-379.22104,1127.37538,1863.31231,-91.75317,1563.73829,1590.02687,-1019.52241,1426.3993,1586.38959,-1076.30029,1519.88353,1477.90238,-1142.24642,1465.34274,1475.90874,-1268.65699,1527.62991,1446.99386,-1083.40713,1450.5991,1441.88087,-1215.53272,1530.65459,1484.9591,-991.33484,1447.90137,1475.23219,-1081.99019,1576.3225,2240.43998,-130.3641,1274.73953,2180.07867,129.64418,1477.43093,2922.30422,-103.74705,708.59168,2599.00199,-726.18091,1387.32761,3540.21992,388.36411,1301.69316,2529.23385,648.31835,1355.2048,3611.58995,427.25799,1392.69507,2461.79074,808.88643,1438.80951,3716.39023,-74.78765,1404.89291,2794.01347,675.50386
859,tree,standard,562.90692,177.13636,-276.95642,568.37355,164.34578,-253.32458,572.93792,164.50754,-253.64782,577.34548,165.27531,-253.6167,557.8283,164.99533,-258.16631,554.06947,165.08074,-258.54108,550.89411,165.13214,-258.66459,580.95707,170.06646,-133.62834,545.04212,169.78991,-154.99116,569.68935,190.37708,-229.09814,557.62585,188.55017,-238.00007,596.47964,223.61967,-105.29538,523.73614,219.24513,-136.69813,596.47306,130.85736,-144.64834,532.81929,135.10282,-232.90095,579.54305,53.93719,-190.10158,560.49865,59.69427,-300.09764,572.34596,37.96849,-215.7751,564.0081,42.00858,-338.32092,570.91106,34.69923,-220.60518,564.90649,39.15264,-334.65107,572.85847,41.96539,-194.68508,565.73805,46.56125,-305.45257,597.02855,381.15621,27.82258,539.4774,392.82959,-28.1426,696.71219,445.75486,-19.65783,557.65834,516.35014,-43.83414,592.54301,433.04625,289.04323,570.79474,623.15599,114.54316,577.43274,422.55073,319.52815,575.43115,635.36347,130.59862,570.63795,471.13061,266.65406,573.9723,661.07963,28.20575
860,tree,standard,209.25317,148.57962,-58.18635,212.21931,143.39465,-46.7646,214.49862,143.51125,-46.88445,216.35551,143.68228,-46.83262,207.21645,143.4768,-46.05411,205.48952,143.54352,-46.22953,203.86577,143.64419,-46.30144,217.80124,145.30158,3.82539,201.65477,145.65936,6.34136,212.64012,153.6274,-38.65827,206.41313,152.84705,-39.06423,227.45075,168.92483,-2.76609,192.50304,167.57102,23.75725,231.00123,130.73168,-32.48076,189.01135,130.13493,-4.62404,212.74183,102.3622,-45.61721,204.9643,100.47587,-35.41478,210.55357,94.73584,-56.21519,208.30517,91.86639,-48.96687,210.27582,94.0209,-53.09033,208.69713,91.49321,-46.951,211.0287,96.48408,-45.02721,208.34737,94.10195,-37.48404,221.52159,240.4026,-10.05578,195.92434,237.93621,9.95523,214.20331,297.27685,-38.74892,153.40393,258.14021,-102.46766,206.66404,351.35279,-7.6043,200.30279,275.81348,-17.29371,205.00417,354.31108,-6.69136,209.13444,271.87443,-8.22192,204.40097,370.6212,-71.38648,206.761,299.68054,-44.72222
861,tree,standard,724.4986,101.66836,-188.67443,730.34492,91.329,-159.96515,735.83015,91.67454,-160.19073,740.19989,92.08931,-160.09169,715.76408,90.35461,-163.70541,710.88326,90.74353,-164.00522,706.16653,91.08614,-164.11222,745.89684,96.8465,-4.7888,700.79308,96.48803,-22.62365,733.20251,112.99692,-128.39727,716.70876,113.91586,-135.78024,779.7718,170.50153,76.96172,665.90645,171.01651,42.1061,826.42487,243.98399,13.64871,625.19966,246.4587,-68.0582,738.04672,233.12018,-191.27176,711.43639,231.73586,-255.95907,728.50441,210.82525,-232.13701,717.70119,209.961,-302.02213,728.63365,206.71381,-222.47511,717.43874,205.5266,-285.56671,730.55344,215.47254,-188.80013,716.98456,214.33,-252.73945,763.92006,349.21711,25.94945,698.04878,355.50277,-26.35997,879.50447,442.22425,-71.83829,710.47615,492.78102,-47.10297,749.44267,423.17885,329.80991,735.91515,612.53551,170.57924,730.64064,407.85241,371.52134,742.5769,625.04478,192.48587,726.48003,479.09029,305.6271,741.52458,654.55127,62.30584
862,tree,standard,586.18709,94.52904,-173.59448,595.24208,81.72845,-152.24288,599.075,81.99449,-152.43986,604.2341,81.93448,-152.31804,579.73291,81.00197,-145.4942,575.36824,80.78304,-145.81945,571.42378,80.18367,-146.00714,610.63964,86.52796,-28.15289,565.85455,84.59429,-0.42561,596.07757,106.56259,-125.06172,577.25945,104.58968,-119.15925,645.30537,160.66341,6.5589,528.40151,156.35043,82.70356,683.07853,226.32014,-107.64154,490.39861,223.33775,-38.39043,599.93874,195.40699,-285.8865,567.93823,195.4984,-285.56167,590.64649,171.0702,-328.22961,580.31709,171.59911,-337.63211,592.1427,167.8809,-315.75261,580.18556,170.11622,-324.77628,592.18383,176.82566,-281.53762,578.25916,179.62538,-286.66946,609.05221,335.5465,-27.9647,539.17902,327.08382,27.78118,594.1255,478.45912,-51.67414,427.39295,398.70015,-158.86306,569.06294,604.32398,86.89002,556.9033,389.20867,165.66737,565.77251,618.70375,97.10753,575.45135,376.94432,201.38977,563.99785,639.38096,-49.44827,579.28777,451.31749,134.52536
863,tree,standard,285.10366,302.31752,-266.0451,294.78584,286.92666,-231.94381,301.70486,287.31207,-232.37132,306.05529,286.94944,-232.29146,275.25531,287.75476,-240.15765,269.16861,288.06548,-240.73855,263.51644,288.72396,-240.91956,310.36042,292.86912,-59.60779,251.44289,295.36362,-94.42042,299.51332,318.81056,-197.05152,276.58157,318.4357,-210.9342,339.58203,367.7082,-3.22652,220.16128,368.50751,-80.10551,351.17737,236.07387,-41.98417,217.07378,240.84496,-181.77167,290.29577,134.69297,-76.82329,259.75781,140.43794,-237.38579,283.99497,108.61288,-105.00265,271.58605,112.60843,-283.69467,280.18923,111.41239,-104.70531,271.87771,113.50091,-272.01639,280.60812,122.32341,-80.06902,268.45839,124.48253,-240.04194,332.39526,627.15658,40.03049,244.15632,635.53809,-40.4909,481.11881,744.1848,-20.5013,270.52097,826.63271,-90.08469,318.75631,709.26302,372.63088,294.98447,995.70502,108.15729,294.7784,694.88925,413.14378,300.73739,1016.77023,129.90914,280.19818,773.73398,364.80999,302.96598,1058.90843,5.03259
864,tree,standard,155.60427,115.25201,-84.01484,158.83633,108.22527,-68.57372,161.89569,108.38908,-68.74907,164.28776,108.77181,-68.74368,151.91217,108.55773,-71.82792,149.64233,108.89579,-72.06571,147.55503,109.33388,-72.14898,167.77085,112.75399,-1.61321,144.86929,113.06027,-15.62068,162.23241,123.06864,-58.02052,153.65068,123.01343,-63.59879,182.62015,145.378,9.37597,130.7151,144.21517,-18.71229,179.7059,91.10203,-8.19978,132.42252,91.53412,-77.75616,176.90073,42.08378,-44.90704,128.66185,42.40947,-128.85914,178.06001,29.02132,-58.98047,128.63284,30.40506,-152.69841,176.06275,26.78636,-65.44408,130.62156,28.19321,-151.99392,174.05759,31.94959,-49.65425,131.75666,32.32968,-132.96032,188.65806,245.87064,15.181,151.43219,254.69771,-15.38264,256.03213,292.47017,-9.73746,166.67645,336.98824,-39.22849,185.07728,292.65159,175.37121,172.83253,408.04069,35.52962,172.76912,286.47939,194.02592,175.94161,415.16855,43.27673,168.804,319.83859,176.86444,173.68035,432.06446,-9.48331
865,tree,standard,344.9693,128.92871,-155.9802,347.12193,124.93638,-144.7556,349.28945,125.00592,-144.89488,350.86504,125.21876,-144.88462,343.28293,125.16407,-147.02112,341.79425,125.20587,-147.18673,340.37284,125.30203,-147.25629,353.25408,127.31644,-84.36483,338.95992,127.33766,-93.97867,348.24423,134.15697,-131.7941,343.27234,133.14733,-135.72804,364.26198,150.41885,-62.1825,328.39645,147.35675,-73.35191,363.80897,110.73094,-80.4452,327.31896,111.89584,-109.51763,348.05248,80.87416,-118.37857,341.25678,80.64017,-144.02046,346.24051,72.81851,-134.936,343.52772,71.89689,-164.43057,345.89132,72.25393,-137.92581,343.78103,71.59161,-163.97922,346.10055,75.55458,-121.18017,343.57312,75.03807,-146.67104,364.76575,219.59001,6.48292,340.43158,222.86234,-6.62535,406.23098,247.79813,-20.38935,351.2976,276.6645,-6.26746,359.25602,243.8319,136.17681,354.74645,323.81829,87.33323,351.5395,239.55279,150.95997,358.71706,329.57922,96.05958,349.60719,257.42042,123.07397,349.86669,338.65146,50.36622
866,tree,standard,371.55368,355.53873,-314.76337,379.9921,340.55929,-288.72448,387.57346,338.63699,-289.20413,393.28035,337.32543,-289.01178,365.27107,342.41927,-284.23794,360.26805,341.5614,-284.95279,355.30468,340.50835,-285.28596,401.95566,340.29379,-139.87589,346.26671,341.35146,-124.44521,384.61575,367.92063,-253.15142,366.95716,367.76,-252.62204,434.96267,393.23814,-120.38394,319.75001,395.83281,-88.88107,417.97958,275.0033,-220.70773,321.78837,280.43531,-184.39786,388.06914,155.03482,-297.42046,352.17034,158.89732,-294.36518,379.24505,125.36914,-334.95799,358.26418,127.81297,-350.57259,379.67858,122.29585,-338.77912,361.58856,124.20479,-348.29716,380.18075,133.20117,-301.82594,361.72163,134.77402,-304.14952,411.37476,670.18955,-1.85718,338.38758,660.90294,1.61971,399.65608,846.481,95.4346,192.47337,772.06641,-267.05999,373.31392,1000.37065,388.83396,358.54662,730.94979,220.46207,364.37725,1016.82649,414.47238,382.82741,714.38765,275.89753,369.79494,1060.77589,282.71436,388.40056,802.16511,228.90858
867,tree,standard,437.36319,482.24404,-427.39719,447.40548,466.34538,-398.45612,454.73808,465.6656,-398.96484,460.9746,465.04424,-398.77567,430.59866,466.44766,-392.20262,425.38188,466.0531,-392.87787,420.33094,465.75943,-393.09401,467.36038,469.74803,-230.8091,411.57014,471.7842,-206.52323,450.76003,497.29745,-359.06982,430.61973,495.64409,-356.19095,505.73595,543.47471,-235.96577,371.09538,541.52443,-125.88201,489.91668,415.52981,-450.63423,376.69133,411.9231,-252.64973,448.52542,291.7316,-592.49259,418.24427,294.36806,-417.47781,442.12984,260.05841,-653.56211,426.21742,263.29539,-482.29844,441.82745,257.81587,-640.79195,429.74691,258.2161,-482.24214,442.49439,268.94747,-593.17603,428.92018,269.56808,-430.43909,456.03327,814.85651,-22.25678,374.45404,796.44892,22.16217,428.93055,1012.56508,35.11859,215.78345,872.30845,-445.64845,393.44943,1181.11844,325.98077,399.80845,881.63947,-35.24256,381.1954,1204.83761,346.41361,431.64477,863.11512,8.49633,408.82847,1244.06864,131.61779,425.57122,970.74036,-133.47949
869,tree,standard,502.71457,87.19825,-153.51097,509.7909,79.59338,-136.67929,513.1427,80.07288,-136.85773,518.09752,80.31514,-136.77302,497.17438,78.97283,-129.32105,493.9076,79.63252,-129.59892,490.71485,80.01617,-129.77655,522.25274,85.5385,-33.01955,486.40174,85.29752,-2.22471,510.56367,97.44878,-112.5623,497.80515,96.35724,-105.41583,551.06956,148.72731,-1.30206,456.65425,145.20088,79.88022,577.96592,208.63014,-84.68159,428.43482,207.16831,-1.11046,513.90743,182.75625,-231.35746,490.8638,184.07794,-214.14486,505.35518,167.14687,-268.32673,498.37998,168.57967,-257.80138,506.94507,162.80984,-259.96244,498.30514,164.04729,-252.7431,508.12006,168.23478,-228.52923,496.82933,169.48569,-217.5732,521.00378,292.18998,-27.1704,467.55102,286.63969,27.03666,501.36197,409.64198,-13.01415,382.40176,361.67445,-98.69798,486.53564,510.79588,124.90998,479.97719,332.38906,181.08575,482.6842,523.70128,135.59572,494.41534,324.44184,211.55994,487.53726,538.85449,14.80536,495.07168,376.5575,152.20575
870,tree,standard,562.90692,177.13636,-276.95642,568.37355,164.34578,-253.32458,572.93792,164.50754,-253.64782,577.34548,165.27531,-253.6167,557.8283,164.99533,-258.16631,554.06947,165.08074,-258.54108,550.89411,165.13214,-258.66459,580.95707,170.06646,-133.62834,545.04212,169.78991,-154.99116,569.68935,190.37708,-229.09814,557.62585,188.55017,-238.00007,596.47964,223.61967,-105.29538,523.73614,219.24513,-136.69813,596.47306,130.85736,-144.64834,532.81929,135.10282,-232.90095,579.54305,53.93719,-190.10158,560.49865,59.69427,-300.09764,572.34596,37.96849,-215.7751,564.0081,42.00858,-338.32092,570.91106,34.69923,-220.60518,564.90649,39.15264,-334.65107,572.85847,41.96539,-194.68508,565.73805,46.56125,-305.45257,597.02855,381.15621,27.82258,539.4774,392.82959,-28.1426,696.71219,445.75486,-19.65783,557.65834,516.35014,-43.83414,592.54301,433.04625,289.04323,570.79474,623.15599,114.54316,577.43274,422.55073,319.52815,575.43115,635.36347,130.59862,570.63795,471.13061,266.65406,573.9723,661.07963,28.20575
872,tree,standard,871.63363,280.2182,-365.34853,881.78921,264.01888,-341.60552,888.75599,264.13025,-341.9414,895.71199,264.95395,-341.80999,862.9384,265.59439,-334.03618,857.04842,266.47854,-334.66139,851.61905,267.58079,-334.90667,903.75433,273.30206,-195.07082,846.49534,274.84814,-165.16346,887.22677,294.70607,-304.95889,865.55347,296.53455,-299.70293,944.69376,353.40568,-189.87861,815.85951,353.84514,-91.23232,956.90098,229.93404,-380.62203,799.09344,230.41735,-208.23126,950.29726,95.66078,-515.62333,805.37682,105.07122,-384.8691,953.25193,64.61845,-571.45228,801.65796,76.00974,-445.77384,946.9924,58.57892,-565.25884,807.42798,70.06847,-449.10049,943.02082,68.0332,-520.08815,811.37342,79.32664,-398.44582,927.13118,619.76437,-30.27485,840.13948,611.80248,30.14297,900.36926,818.07848,-36.45322,700.56095,712.68302,-369.28282,874.80011,981.29943,202.39942,853.07884,706.49977,122.66608,867.17834,997.31762,219.05606,879.16241,689.31513,176.72372,866.6666,1038.7804,17.46449,887.63981,779.55048,80.58524
873,tree,standard,414.59555,268.04218,-257.20719,420.69283,252.79117,-228.03496,426.67571,253.16268,-228.3814,430.6732,253.23758,-228.32569,406.88779,253.49279,-233.4977,401.78553,253.41963,-233.92361,398.06872,253.06028,-234.06258,435.05649,256.33712,-89.84505,390.01533,257.6072,-113.47771,425.38697,281.5981,-202.49515,408.15203,280.58739,-212.49878,463.00916,310.62287,-66.57197,366.99097,311.4457,-113.434,456.29578,223.92918,-148.9812,372.20199,222.55448,-244.29629,413.51236,143.44303,-223.34561,395.22915,141.70894,-305.04229,410.05231,119.10423,-253.12656,401.30759,116.24457,-345.96685,410.21276,116.50953,-252.28174,400.79988,113.42913,-335.15124,410.99048,123.63416,-226.23961,400.44592,120.68631,-308.1606,463.77256,499.59465,33.01472,396.33568,516.36233,-33.34682,581.67274,552.93026,-67.56692,424.61883,644.70021,-87.05576,452.74084,564.18087,266.5467,447.27086,757.55443,98.00354,429.31637,553.02955,299.0589,459.12688,770.05063,116.75932,428.79275,608.52592,233.81827,444.32034,803.15808,5.00983
875,tree,standard,1633.05141,279.14789,159.32037,1623.28125,268.71112,118.04267,1618.25272,269.56411,117.65818,1613.57174,270.51926,117.57867,1639.29096,267.03179,114.52142,1645.77839,267.16358,113.93276,1652.1595,267.41333,113.94002,1603.60085,281.98365,-6.0794,1659.55204,279.53245,-23.50643,1626.64227,294.86096,132.25008,1644.14944,293.82796,123.5715,1562.69028,338.24937,-39.52071,1707.91328,335.48757,14.37697,1562.81982,232.21178,65.40223,1696.06613,229.9474,39.0466,1613.23711,138.82582,93.90931,1640.76107,136.28511,118.37924,1614.5549,105.79908,94.40994,1635.33291,100.9751,113.92171,1619.29585,109.85287,60.93644,1630.27428,106.94386,99.76014,1620.29114,125.04819,82.28105,1631.74725,122.47555,110.46589,1577.49413,633.18194,-39.41506,1672.60597,644.34325,38.59555,1433.10757,692.44843,64.35466,1664.35856,814.42597,224.23495,1590.13241,702.00152,45.7785,1641.64089,995.37774,27.92556,1615.92831,697.3066,43.24401,1640.14812,1024.5084,4.35302,1619.68437,734.21899,125.6575,1615.28824,1012.01418,6.26349
1000,warrior2,standard,194.9115,56.95681,-81.09468,198.61907,51.0946,-81.61898,199.71945,51.16554,-81.74438,200.86164,51.21666,-81.67717,197.92948,51.06432,-71.88905,198.52315,51.03375,-72.06441,199.08023,51.01666,-72.14017,210.09424,53.97971,-71.09371,206.27121,53.54957,-26.01756,198.8108,62.86869,-76.1739,197.01933,62.40146,-64.14702,239.45841,85.44946,-66.06199,188.60396,85.78968,3.16396,284.65577,84.85885,-102.7461,144.52836,83.44863,-14.21195,322.57791,87.81835,-168.42834,104.35233,81.27288,-83.53322,333.78513,89.20692,-179.43443,92.61555,81.85387,-95.90005,335.64896,88.75313,-197.1234,90.60647,80.38071,-110.82233,331.30063,89.19647,-177.32657,95.55533,80.65484,-94.0231,233.77855,165.93522,-20.43808,202.12027,164.45601,20.32154,285.74831,198.81474,-52.96079,140.62127,174.28845,-65.5346,334.02629,235.00952,-11.17574,139.87119,234.48162,6.73557,339.69719,242.22199,-11.56618,146.04666,244.80845,11.96573,338.74691,250.78671,-83.22251,113.32741,245.31331,-32.22576
1001,warrior2,standard,556.43542,412.5079,-155.23772,548.8855,402.33865,-135.30052,547.73956,402.97736,-135.56104,546.67297,403.67908,-135.50052,546.78235,402.18311,-160.94545,542.76831,402.6088,-161.2482,538.30334,403.12314,-161.27638,527.53125,409.76239,-43.38474,517.7522,409.04477,-159.29768,551.2099,427.14426,-119.0074,547.59277,426.63788,-155.02814,570.29309,482.07819,13.0504,451.73438,482.55127,-164.3287,660.66357,484.07227,20.84759,361.17249,480.69568,-235.84164,740.92645,488.57611,-100.52432,272.1918,479.44073,-332.02518,766.96631,490.45053,-111.84482,244.42441,480.60806,-359.21207,770.30798,489.85297,-156.58083,242.59918,476.25055,-390.81424,758.66943,492.88922,-124.60098,254.88803,477.12323,-351.87155,550.44922,667.53723,64.21309,482.74594,670.39191,-64.4552,682.04767,664.64459,-135.97844,365.70953,739.92426,-183.82896,705.52258,798.7063,36.42233,255.1409,811.48395,-48.37359,694.41101,825.41003,47.23816,241.53214,822.43872,-39.01151,766.76331,825.86774,-48.2626,245.64862,837.71027,-153.91199
1002,warrior2,standard,328.39317,221.01529,182.72418,329.52841,207.38173,145.63427,328.37872,206.73746,145.418,326.99509,206.35794,145.54471,335.60941,207.83871,159.61535,338.8175,207.40666,159.25984,342.21752,206.74221,159.12898,333.35318,212.46266,23.17229,355.00599,209.17152,87.01705,328.71231,231.91244,150.64879,336.26824,232.61645,166.04668,295.04541,274.86987,-72.85143,434.37,282.65798,89.78544,187.77363,281.01851,-170.60109,538.89836,293.86586,44.14799,81.34511,275.78668,-210.05353,643.75307,293.74488,4.64876,53.23318,282.72669,-253.82939,672.29588,293.80094,-27.43973,52.05458,273.74784,-236.87628,674.65086,288.86813,-19.35633,63.58828,272.69999,-202.09536,663.6053,290.98679,6.53601,334.23725,490.16192,-89.4484,409.93805,484.69473,89.04355,182.12809,533.51817,-30.28113,538.55379,593.37908,95.70888,157.04084,689.59442,83.97098,658.36843,693.97774,176.34899,169.74108,717.46893,95.33122,677.03813,715.82344,190.09406,96.13972,711.59428,61.14119,645.76525,706.27047,173.31716
1003,warrior2,standard,463.28979,254.4165,-119.95445,457.86316,247.67054,-103.12716,457.48758,247.77727,-103.30353,457.32958,247.79475,-103.25164,456.11875,247.66201,-120.08301,454.59116,248.0425,-120.29067,451.6608,248.39754,-120.32164,445.71624,253.09666,-29.54593,435.85063,254.43428,-106.11922,461.37606,264.50065,-91.62059,457.43553,265.73111,-115.45525,481.06678,299.62289,12.77345,400.71325,311.00668,-104.18785,539.53793,289.73119,12.35035,336.47435,316.66883,-155.50316,590.77553,281.25559,-90.84872,280.30577,305.2298,-243.85808,607.50678,280.7159,-103.54564,262.9611,304.72965,-269.20731,609.2836,280.7946,-133.58368,261.778,301.71893,-289.58415,601.44456,282.34742,-107.37918,269.61085,302.65231,-257.37384,469.52586,427.33098,43.54269,423.75788,427.86125,-43.69102,555.78811,440.03717,-98.5026,352.62139,484.6635,-152.62484,566.27758,527.90774,33.95898,288.94271,541.35293,-30.36625,556.52998,544.06733,42.04845,285.65998,547.6871,-21.73994,605.75679,540.97986,-40.58263,276.54531,565.75116,-114.29973
1005,warrior2,standard,696.6362,305.68404,-121.3301,690.33997,296.39854,-102.17807,689.10019,296.22713,-102.35237,687.76558,296.04152,-102.30422,688.33168,297.47921,-128.2765,684.87747,298.15895,-128.54372,681.77406,298.92773,-128.64334,674.82101,303.73878,-21.73487,666.23894,306.05404,-140.43058,694.2704,318.48269,-90.79439,691.20674,318.11722,-127.03643,709.04755,361.24472,23.93236,622.92366,362.61792,-165.28297,783.83339,341.04504,29.22403,533.67157,364.15635,-236.09446,854.11667,325.93391,-45.62032,454.3478,378.66723,-303.50735,875.43808,327.44221,-48.30956,432.36423,381.89567,-327.2644,877.01263,324.90791,-84.05307,428.00301,381.797,-348.95348,869.52454,326.35046,-64.81765,436.24947,382.50742,-317.96246,688.52684,512.95445,63.59132,633.10326,509.77365,-63.71327,804.42383,510.85383,-86.00971,540.88573,577.02903,-152.92666,825.42877,622.92854,-0.73044,444.3362,627.98534,-43.8663,817.35085,646.77848,3.05667,431.32481,634.51491,-34.85512,875.21866,641.09332,-78.71727,435.05577,649.3398,-120.78573
1006,warrior2,standard,455.29601,156.4222,-225.89244,465.62007,142.34117,-226.21717,469.1247,142.55213,-226.55962,472.68611,142.75217,-226.37178,462.85796,141.73267,-200.41911,464.41972,141.48077,-200.91085,465.75314,141.23834,-201.14523,496.93447,148.58887,-192.30606,485.90034,147.53008,-73.59964,467.67655,173.75891,-210.61076,461.47364,172.98648,-179.09306,575.50913,233.46521,-173.23928,435.40967,232.97795,2.62122,698.26353,233.54495,-268.21941,312.37596,228.12371,-48.62693,801.74285,235.95254,-443.8765,203.65977,219.50795,-238.1141,833.25922,238.68672,-471.61299,169.06404,219.6549,-272.24529,837.64738,238.25277,-520.22499,163.83964,216.18566,-313.26503,825.74022,239.87075,-468.35381,178.23645,217.97389,-267.04291,560.94795,452.87728,-49.27053,474.08611,449.56814,48.98719,704.79149,540.73891,-122.49806,309.11025,472.19468,-220.85202,832.68428,641.08466,-2.80496,307.5099,636.75573,-21.42241,847.33367,660.25355,-3.68823,320.73215,665.59813,-6.7857,841.83216,682.52894,-206.57583,235.76382,667.60682,-136.37805
1007,warrior2,standard,343.83104,125.29018,-109.18241,342.12954,120.44737,-101.15201,341.87036,120.2073,-101.25686,341.73715,119.90052,-101.23828,340.29247,120.5018,-111.70263,339.10109,120.57161,-111.82051,337.93845,120.576,-111.82878,334.88145,122.6219,-58.91446,328.47814,122.39823,-106.87315,342.79575,130.72083,-92.39325,340.67943,130.35641,-107.18817,351.27105,149.83251,-28.9524,302.56373,152.02108,-100.4718,387.7949,145.28399,-26.8235,261.46228,148.02144,-125.52342,421.57342,140.01042,-81.34307,227.59702,146.76329,-170.78781,432.14384,140.53929,-88.68927,216.74561,145.48517,-183.58662,433.97264,139.8538,-106.0722,215.17759,145.03601,-197.66782,429.47196,140.80885,-90.9285,219.13241,146.31126,-179.35266,343.44844,222.59151,28.31107,312.50339,223.68926,-28.39512,398.82156,234.68827,-50.29971,273.69149,256.35243,-71.00027,389.77069,289.56137,22.04508,229.09766,286.66993,-6.97808,383.13154,298.64962,26.65104,223.02923,291.16754,-2.41573,412.06836,302.37077,-22.26527,227.66416,303.72595,-59.80531
1008,warrior2,standard,632.92033,186.62015,-242.44535,645.95573,169.28052,-240.63828,651.09364,169.20314,-241.00279,656.639,169.00322,-240.82684,639.78072,168.91761,-211.40607,640.22223,168.84535,-211.95409,640.47352,168.50014,-212.15363,684.40047,174.70862,-190.02593,664.4926,175.76624,-55.1177,647.18575,206.41564,-220.12584,638.28609,205.55093,-184.39602,751.16182,281.22185,-168.25659,604.81727,272.05079,59.5303,876.61698,273.42202,-263.37501,469.79467,258.55329,31.40621,992.42429,258.63466,-439.00629,349.72068,243.68845,-182.8317,1024.11267,254.35907,-472.25509,315.54812,240.44794,-217.89419,1030.22097,250.97301,-516.57268,309.57363,238.15747,-266.434,1017.68644,254.41597,-462.29964,322.90869,243.47263,-216.31431,705.4184,528.13581,-64.03803,618.18861,530.27,63.711,860.12021,633.02769,-174.50081,437.91021,556.20677,-173.69836,1025.97659,741.91433,-61.53616,417.12819,743.00377,44.31448,1042.80106,758.02617,-63.65313,432.51033,776.96825,59.18251,1038.18607,785.02938,-259.61091,328.08499,777.61204,-72.60351
1009,warrior2,standard,623.85861,165.43558,-141.6044,617.20178,154.22191,-121.01254,615.73604,154.36889,-121.27812,613.95172,154.55615,-121.24784,614.57163,154.23143,-146.46901,610.6136,154.36541,-146.78584,606.08694,154.92707,-146.84195,592.6615,161.53328,-29.2331,581.84468,162.1678,-143.23979,620.34277,179.58687,-105.69332,616.38662,180.24894,-141.22963,639.31112,238.78806,10.84626,518.19451,238.2648,-138.33028,728.93136,223.60012,23.48401,422.32141,232.88576,-201.66689,813.48181,206.17296,-84.89472,331.06032,232.48985,-290.5555,840.43487,207.51957,-97.31308,302.2192,229.29532,-315.31928,844.84398,204.86944,-139.49927,297.35851,226.68356,-348.41843,835.58246,206.92082,-108.01004,309.71602,229.27319,-311.04118,615.64033,421.00722,51.36128,541.44152,425.51068,-51.5969,754.49234,444.64994,-122.75902,439.77627,512.81801,-140.96994,768.01008,582.38048,26.21983,333.62224,588.18403,14.71205,756.61123,605.88756,34.4267,326.41377,599.47966,26.24903,823.92353,604.62077,-62.33506,309.07316,619.3573,-76.99687
1012,warrior2,standard,258.91082,54.46737,-170.26703,264.51218,46.48665,-167.85835,266.8077,46.31651,-168.06642,269.2583,46.22673,-167.98228,261.78589,46.52553,-156.78144,261.86463,46.35431,-157.0809,261.78033,46.05547,-157.22344,284.3653,48.58378,-128.98568,272.22809,48.09954,-76.70709,264.36813,62.8472,-153.36006,260.44436,62.70773,-139.85346,331.28974,88.17651,-98.40738,241.23635,90.71164,-21.44166,398.82658,89.55505,-130.55388,174.24477,85.44773,-50.17504,463.29529,81.13024,-220.31065,112.46232,75.83572,-154.56955,483.05647,81.64127,-233.12174,94.26139,74.2819,-174.61958,485.63952,81.98637,-265.07565,91.43221,73.29794,-195.53515,477.79063,83.35151,-235.702,99.69356,75.55163,-169.73477,320.19611,222.50349,-26.7432,268.90757,218.1589,26.53504,399.42665,284.41599,-80.58937,176.51776,231.72136,-99.80384,480.93112,340.05563,-48.23118,183.86041,335.10046,-20.09077,492.89015,349.82371,-51.92408,194.66937,352.39104,-15.19496,490.00527,361.74916,-157.64983,140.71805,355.40098,-78.47111
1013,warrior2,standard,436.22034,244.06854,-136.62726,443.50146,236.33208,-141.90593,445.31979,236.49807,-142.16693,447.68054,236.54597,-142.07701,442.33624,235.29157,-118.53384,443.30441,234.89434,-118.87823,444.14474,234.4575,-119.00842,468.00284,239.26401,-140.33817,460.34631,238.82263,-32.13355,444.59021,255.93751,-133.50397,441.32318,255.49481,-104.34069,523.42944,296.48755,-146.58986,431.32938,297.87792,28.33949,602.21564,305.20594,-221.75594,352.95068,294.83163,-3.39824,676.1795,307.04493,-330.89902,279.51746,280.57331,-130.283,699.0036,310.36941,-350.77222,256.58289,280.59495,-149.94353,701.10889,310.63751,-380.66309,253.44028,278.88389,-176.4258,691.17773,311.596,-345.96078,261.52634,281.44807,-149.76109,499.94229,450.32504,-55.4927,449.83551,446.82749,55.28038,583.39221,523.05088,-142.88145,352.41736,475.30265,-29.34583,679.26501,583.98846,-97.28842,348.11987,582.64345,41.50422,694.74963,587.74359,-100.78477,358.82056,602.47576,43.66447,689.16498,615.68089,-217.56323,295.59018,604.03682,-29.77871
1014,warrior2,standard,352.70641,86.23686,-162.01816,346.40325,75.01081,-146.4085,345.15656,74.57638,-146.62676,343.79479,74.24213,-146.5995,344.81274,74.9368,-167.79698,341.78045,74.5095,-168.04942,337.98076,73.97623,-168.09452,328.77102,78.85979,-69.38936,320.58853,76.99424,-165.93586,346.25173,98.17047,-131.1269,343.50607,97.27302,-161.09771,356.01414,139.17272,-21.19141,260.95063,132.75902,-156.01174,432.09722,130.29298,-16.44267,179.02544,133.43522,-210.42014,503.60427,114.43306,-116.3516,102.862,121.35042,-297.76978,525.66801,112.94515,-129.02186,80.94336,121.17417,-322.4919,528.99116,113.08443,-163.64844,78.24524,117.19559,-349.98432,520.40105,115.72263,-135.50109,87.40751,118.97935,-314.98704,323.12965,286.87817,47.88086,268.41284,285.83063,-48.03662,432.08413,289.20616,-82.74204,169.34513,360.05043,-116.23819,441.19931,406.36103,33.69827,63.64426,413.63038,-53.46052,430.07083,426.40948,39.44058,53.74984,421.5571,-51.71838,492.11218,425.17948,-41.03893,43.72584,429.37878,-156.84233
1015,warrior2,standard,552.44932,198.25296,-229.49287,547.61108,184.00686,-199.61616,548.46216,184.45584,-199.99577,549.62173,184.97356,-199.96143,540.64015,182.8378,-217.23465,535.50571,183.36781,-217.63438,530.10469,184.57246,-217.7546,532.05613,195.12804,-64.78801,503.32444,196.34191,-141.52249,550.48814,215.77785,-177.86731,542.12286,217.61563,-203.33491,588.21155,277.6845,-0.1293,435.90317,292.16036,-108.76878,698.97962,270.79511,-0.39372,327.21664,308.00169,-147.42889,801.9972,260.23171,-181.31158,229.87002,303.40528,-250.68414,834.39892,265.05389,-207.91273,199.74296,306.6459,-276.45163,839.69929,265.18316,-253.41304,196.62457,302.6261,-324.5019,827.4977,266.06586,-206.99213,208.27078,304.74683,-277.75676,555.65728,504.49521,46.22093,459.85053,511.67738,-46.64684,721.26823,535.81682,-203.08417,335.93008,610.32564,-158.98433,728.07632,696.07141,35.22867,219.45687,687.38649,124.9036,711.09649,723.09796,51.36421,215.40649,698.82079,148.40016,797.9327,728.47797,-83.85417,182.94508,733.27025,15.53455
1016,warrior2,standard,678.372,82.0863,-128.01728,671.51442,66.24897,-101.27026,669.71083,65.6581,-101.59141,668.14198,65.14988,-101.54154,667.11059,66.5796,-133.71016,661.61892,66.63879,-134.11787,657.65977,66.84836,-134.22342,642.18507,76.33159,14.5933,630.28622,74.9423,-131.71191,674.21064,99.32666,-82.88257,669.29412,98.13823,-128.30848,693.09812,168.25891,73.29415,547.34144,164.84598,-142.14586,805.25794,163.40666,83.79153,428.22851,158.9542,-234.93655,909.98397,151.90653,-65.36772,316.67951,151.57675,-347.79997,944.87886,151.28115,-79.99993,285.70932,151.13643,-379.44167,949.9383,146.60991,-131.53789,280.15305,144.8967,-417.56762,936.69248,149.86929,-94.33278,293.01975,146.12228,-372.20485,665.80911,411.70603,76.59033,572.20874,413.73564,-76.84882,832.3451,437.17486,-134.2197,444.69885,522.07631,-187.12081,852.39737,607.5724,48.54362,309.76163,610.99302,-14.46779,834.95064,639.13832,58.00558,298.66837,626.3556,-2.7058,935.84232,636.10317,-73.37799,288.04629,652.0758,-146.59436
1017,warrior2,standard,2833.22862,1348.00296,-1017.78887,2867.69392,1289.63608,-965.76278,2888.07766,1286.48182,-967.30472,2908.39895,1284.78514,-966.79051,2840.02925,1293.08769,-936.38173,2837.05276,1293.0194,-938.38264,2834.01197,1291.98505,-939.43021,3004.85853,1304.66589,-591.71367,2904.44743,1308.2399,-477.28359,2881.86008,1408.25331,-866.76408,2842.54915,1403.98929,-843.28709,3272.08374,1617.59048,-221.22581,2737.50132,1619.40767,-256.2847,3615.3497,1607.85747,-1.91171,2413.07086,1582.4109,-456.19195,3886.30521,1607.75727,-180.85134,2080.37444,1548.94518,-1108.12548,3980.24613,1608.49404,-178.30143,1943.90227,1544.73304,-1277.2441,3980.98702,1605.08326,-380.31485,1934.92604,1549.07796,-1403.2878,3935.54465,1617.78965,-265.35742,1997.92688,1561.63829,-1198.98991,3208.04278,2411.18485,91.25915,2867.23455,2429.52122,-91.80188,3439.34121,2788.95822,1235.2532,2356.91095,2628.20417,-1373.78752,3677.95995,3017.42788,2853.265,2371.11696,3271.87199,-1101.32223,3685.14857,3053.76543,2976.19083,2428.94357,3377.4172,-1096.05514,3823.13991,3114.58004,2656.61216,2155.58123,3444.86769,-1695.67563
1018,warrior2,standard,258.91082,54.46737,-170.26703,264.51218,46.48665,-167.85835,266.8077,46.31651,-168.06642,269.2583,46.22673,-167.98228,261.78589,46.52553,-156.78144,261.86463,46.35431,-157.0809,261.78033,46.05547,-157.22344,284.3653,48.58378,-128.98568,272.22809,48.09954,-76.70709,264.36813,62.8472,-153.36006,260.44436,62.70773,-139.85346,331.28974,88.17651,-98.40738,241.23635,90.71164,-21.44166,398.82658,89.55505,-130.55388,174.24477,85.44773,-50.17504,463.29529,81.13024,-220.31065,112.46232,75.83572,-154.56955,483.05647,81.64127,-233.12174,94.26139,74.2819,-174.61958,485.63952,81.98637,-265.07565,91.43221,73.29794,-195.53515,477.79063,83.35151,-235.702,99.69356,75.55163,-169.73477,320.19611,222.50349,-26.7432,268.90757,218.1589,26.53504,399.42665,284.41599,-80.58937,176.51776,231.72136,-99.80384,480.93112,340.05563,-48.23118,183.86041,335.10046,-20.09077,492.89015,349.82371,-51.92408,194.66937,352.39104,-15.19496,490.00527,361.74916,-157.64983,140.71805,355.40098,-78.47111
1019,warrior2,standard,113.9062,36.43769,-40.42624,112.5929,33.2872,-34.95037,112.29653,33.28115,-35.02418,112.06376,33.2782,-35.01126,111.36631,33.24864,-41.34071,110.42076,33.25844,-41.43234,109.58221,33.23783,-41.44803,107.32257,35.10225,-10.39473,103.25092,34.6273,-39.04551,112.60512,40.29621,-30.78928,111.09113,40.39821,-39.77904,119.31171,55.90136,1.93699,85.52379,55.18268,-38.43745,144.589,53.40192,2.89573,59.53988,53.95423,-57.22439,169.56126,49.80243,-28.4768,34.31651,48.43618,-83.94175,177.10934,49.23369,-31.66025,26.86516,48.70183,-91.28845,178.31748,49.12465,-43.35276,25.92097,47.16194,-99.91227,175.43657,50.03224,-34.82518,29.23867,47.48957,-89.53741,111.40862,107.26155,15.12049,90.08129,108.53292,-15.17036,149.2883,111.98771,-39.05437,57.18888,131.31675,-52.29848,152.4651,149.30025,5.68287,21.75773,150.49859,-22.38902,149.16734,155.80737,8.29825,18.84219,153.05283,-20.7543,168.8973,157.66388,-19.46081,11.47422,160.6663,-54.337
1020,warrior2,standard,512.11724,160.63096,-324.51246,527.19862,139.67197,-335.68261,533.00836,140.49776,-336.17245,538.77618,141.70877,-336.02779,524.00612,137.31111,-306.43233,526.08308,136.54199,-307.16375,528.28832,135.5166,-307.51423,575.71846,153.72225,-314.44981,564.4377,149.86861,-180.40148,523.40809,183.13381,-311.0777,519.64277,181.01204,-275.71478,707.24566,268.1138,-260.81777,497.80161,265.05933,-94.58324,889.63945,278.47974,-332.39944,324.7619,274.58272,-174.97492,1051.33023,283.47409,-496.72304,168.82085,263.14159,-390.95571,1096.99008,288.82511,-517.08977,116.7468,260.84243,-432.08932,1105.23899,286.7725,-589.34197,114.47375,257.99454,-481.04721,1085.26011,290.68456,-531.74379,136.45341,262.33757,-426.57155,702.78847,577.60747,-44.48061,565.9981,579.38033,44.12373,885.29041,699.92769,-80.0652,332.47515,640.31372,-171.17947,1062.55496,821.43005,36.60218,351.87374,856.56708,8.54439,1077.6897,845.26297,34.0637,386.12452,897.35967,21.45172,1103.77464,894.48029,-163.12113,247.71827,916.82566,-97.13953
1021,warrior2,standard,284.52377,54.82924,-194.40329,290.58982,47.92899,-192.13592,293.07215,48.47332,-192.30913,295.66747,49.19743,-192.22607,288.41098,47.41114,-180.35591,288.72665,47.37266,-180.62248,288.96183,47.22887,-180.7596,310.31929,55.1971,-152.92022,299.37991,53.15622,-99.09699,288.37336,64.60724,-177.71798,285.421,63.31904,-163.52815,348.06242,98.58482,-115.11383,267.86207,93.97396,-44.65339,410.38206,102.55367,-142.20804,209.42737,97.59058,-65.92618,469.07228,100.38263,-225.38511,152.16364,92.03744,-175.01303,487.87899,99.60147,-238.17536,133.43628,94.70641,-195.83147,490.73848,97.6401,-267.46225,131.97683,91.74496,-219.65313,483.41233,99.74972,-239.49597,139.97161,91.67552,-190.89063,324.67463,212.98476,-20.54607,278.0058,207.78756,20.40463,392.10643,268.32569,-45.34034,194.81253,230.98901,-127.13364,457.87739,316.53079,24.09584,200.47874,313.9343,-18.44264,464.21955,325.25123,24.01718,208.25087,328.17449,-10.47814,460.83482,337.40624,-82.08975,159.97095,329.24763,-86.28154
1024,warrior2,standard,531.106,124.92134,-210.40402,537.4707,110.5781,-209.48119,542.32144,109.76676,-209.81237,547.20902,109.1654,-209.65606,533.67001,111.17313,-191.72642,534.9642,110.79247,-192.24013,536.33267,110.37817,-192.4599,572.15011,113.34569,-163.76005,559.36664,113.67072,-81.944,541.24695,139.13344,-189.54274,536.68308,139.61039,-168.50829,651.40951,188.30169,-107.51693,509.04143,183.45302,-22.54456,755.42688,203.56422,-149.02765,409.60848,190.99495,-81.48164,846.76135,187.73361,-283.71906,312.63712,172.23888,-267.38229,875.35203,190.23243,-302.38348,282.76387,173.13773,-304.93903,877.93994,190.55844,-348.82492,280.00849,168.57283,-340.4713,866.67138,191.87594,-306.37038,291.80914,169.6033,-293.33705,622.58089,392.61307,-14.0038,534.03574,386.36899,13.88144,734.87866,480.83665,-37.12939,387.51155,413.99561,-234.83121,857.42533,564.98393,53.00296,350.56341,565.02626,-97.72892,863.71177,583.70967,50.42263,364.22032,594.63246,-89.85624,902.09138,606.22512,-95.4159,282.29275,593.15126,-200.39274
1025,warrior2,standard,322.6397,250.15534,-350.14776,319.56653,239.25281,-330.53133,320.10673,238.86284,-330.79246,321.10022,238.48141,-330.74936,316.45502,239.68034,-346.96262,313.02809,239.8478,-347.25333,308.10662,239.71364,-347.3256,306.56061,245.57238,-221.7456,285.37211,243.725,-296.13413,320.65212,263.53046,-307.59958,314.55371,261.72411,-331.28006,343.74981,308.2256,-137.3775,225.67397,305.05674,-260.51993,434.75882,297.84623,-135.49295,139.81691,306.11548,-307.04438,516.08491,285.71131,-255.14409,57.24611,309.75079,-428.87664,542.23768,287.12162,-272.95731,33.39769,309.24229,-460.34532,546.69988,288.16998,-311.51072,30.11163,305.52151,-497.26811,534.42329,290.36224,-275.71656,40.07432,309.28393,-450.79088,309.0694,461.42833,53.22837,241.62796,459.98808,-53.46744,431.35115,476.37898,-166.03581,150.1479,531.48838,-184.66092,444.95597,604.97254,-17.09036,52.81463,598.20937,-52.29554,431.30761,624.99762,-8.4587,35.8218,605.04189,-43.32972,500.84201,630.88869,-131.74063,61.09923,640.91091,-184.95334
1026,warrior2,standard,160.10365,95.11008,-125.56849,165.40187,91.4717,-124.78839,166.81806,92.02734,-124.93186,168.18756,92.5654,-124.8789,163.93804,90.99671,-116.48217,164.28614,91.21848,-116.67175,164.49008,91.29965,-116.7552,176.58479,97.81716,-105.53958,170.04523,95.48983,-68.15508,162.71907,102.5775,-117.2534,160.25978,101.70972,-107.50885,201.22962,127.57457,-84.9158,146.3101,120.67655,-40.28331,248.10809,124.89951,-106.04399,104.5891,120.68327,-67.12702,288.75041,122.11948,-161.51166,62.76139,119.43508,-146.62913,299.94082,122.0747,-169.15448,51.48605,119.74012,-162.39826,301.7127,121.40522,-188.68985,48.98421,117.98444,-178.91939,297.23443,121.76246,-170.90222,54.19505,118.53608,-158.00369,186.18661,202.6843,-8.20713,156.638,200.85762,8.10894,232.20693,231.59617,-33.23991,101.28116,196.80908,-121.30248,284.14416,256.56976,39.87571,104.70819,255.48985,-33.3739,287.16778,260.22416,42.19826,112.1556,265.17161,-26.96114,295.90988,265.35754,-28.86954,75.79722,266.71162,-81.13837
1028,warrior2,standard,307.41788,228.7236,-269.37854,319.55618,219.48775,-271.39286,321.90095,220.38445,-271.72779,324.10385,221.10476,-271.57957,318.6898,218.61414,-250.90782,320.30755,218.94746,-251.36859,321.92179,219.04238,-251.60772,347.81515,234.59819,-241.6261,343.15888,234.44661,-147.94141,310.88501,245.21647,-255.43717,309.12327,244.75761,-230.77882,435.82616,296.70204,-194.96658,287.38756,309.60016,-96.43661,554.53493,305.50086,-255.47411,186.69942,307.67393,-153.9999,665.01833,311.21731,-383.83756,92.36265,299.08854,-322.93659,695.51597,308.94945,-397.70578,57.69623,298.60804,-357.8261,701.26,306.22817,-450.39674,53.75208,298.39993,-394.42948,689.7368,310.07636,-409.00981,69.12189,302.13661,-348.67099,421.27595,515.14711,-25.40239,331.02277,510.03981,25.18574,554.30024,609.20191,-37.0422,189.16553,497.13367,-247.39462,706.34109,693.20934,-26.51763,172.26323,671.03768,-109.87742,726.04705,711.07891,-37.65154,188.0362,698.12141,-100.01458,702.86066,719.38158,-209.52552,96.16548,708.69935,-194.42069
1029,warrior2,standard,208.21138,55.35003,-81.73687,213.13034,47.26166,-88.06231,214.5029,47.54248,-88.26895,215.89811,47.78506,-88.22865,213.37268,46.77843,-69.37796,214.90933,46.8702,-69.66504,216.73964,46.93619,-69.73033,229.66284,51.169,-94.68865,230.49507,51.16616,-7.50465,212.61042,64.07416,-82.29576,212.91886,63.9189,-58.60698,282.98083,98.99016,-105.13333,207.82086,103.34031,45.08975,352.75632,97.16605,-157.23184,136.97179,97.50017,17.10081,413.23686,96.58386,-228.84232,74.92,91.78646,-98.69927,430.18776,93.24511,-243.84354,56.61012,88.778,-113.99283,432.23447,93.86178,-266.9799,53.29403,86.64703,-138.29288,426.68548,96.24137,-240.40006,61.22486,89.0412,-115.93208,272.05142,218.21862,-44.67083,235.06144,219.28139,44.42838,354.90248,288.53841,-87.70363,137.12133,227.98581,-32.60404,442.07767,355.94709,-45.3479,110.15303,327.00193,16.09885,449.32032,366.88922,-47.01454,120.19157,348.25033,17.63343,462.12167,382.70615,-125.81,62.09628,352.02245,-26.54338
1030,warrior2,standard,581.37232,136.48078,-110.36962,574.57334,124.04173,-85.25065,573.64714,124.3935,-85.48839,572.68929,124.7506,-85.41393,571.71643,123.85043,-114.65728,568.04544,123.94556,-114.95547,563.59529,124.63725,-114.99653,552.94818,131.42638,23.49879,541.20088,132.7023,-108.67001,577.28821,151.50516,-68.30003,572.54374,152.22189,-109.01958,595.17783,205.46655,86.43258,479.93505,210.73772,-117.7303,677.05911,207.34644,120.89458,377.58082,222.57863,-192.95076,750.06449,198.45761,17.89854,282.11749,225.39444,-309.95911,774.74308,199.71719,8.12788,253.07578,229.99946,-341.78638,776.4231,200.10966,-37.22795,250.03317,228.57279,-374.04999,764.67288,201.62686,-5.79392,262.69072,228.3009,-330.057,556.84668,403.85664,72.97016,484.88131,398.49829,-73.1169,696.79272,429.79216,-155.87182,367.08421,491.4451,-170.01085,682.75851,576.1981,12.97505,238.4069,579.4792,-73.04599,665.08466,601.22425,23.09073,229.58249,593.97267,-67.92543,736.61232,602.03698,-81.29621,213.8499,619.98936,-202.13874
1031,warrior2,standard,451.19042,104.66384,-317.19543,457.25622,90.03627,-296.29728,463.02628,90.71682,-296.59678,468.25647,91.23214,-296.54275,441.60035,88.80047,-297.80727,435.82146,89.0098,-298.20845,430.42054,89.35488,-298.28161,468.19102,99.50506,-177.11767,417.15215,98.48685,-183.61518,458.77021,121.47635,-271.224,441.5546,120.38211,-275.70003,514.66156,189.05401,-95.33588,369.27624,180.25767,-133.71642,626.06185,192.70555,-98.45978,257.46012,176.4225,-193.12512,726.70072,197.14256,-218.96938,147.45172,168.92273,-354.94759,756.83488,198.44824,-237.04412,115.02981,167.09755,-385.08932,760.16294,197.20402,-282.35229,111.62104,166.25897,-428.4604,748.52842,199.20417,-241.93449,124.5277,169.95117,-382.0106,475.52594,398.94054,38.14515,386.95626,403.50198,-38.5328,640.34179,422.93293,-220.08257,255.81803,496.25637,-199.47278,632.84155,581.07989,-33.36112,121.64753,576.22435,-76.67408,613.78968,610.10267,-21.06806,104.6111,588.6114,-68.41036,704.9667,612.45787,-152.51002,108.99847,617.21771,-218.81341
1034,warrior2,standard,343.9602,51.71371,-83.91684,350.87314,42.70981,-91.32305,353.05898,43.07798,-91.55626,355.12933,43.54545,-91.47332,348.99134,42.27469,-68.02217,349.91891,42.12448,-68.32774,350.8212,41.79584,-68.43137,371.92231,49.50716,-102.43074,366.00825,48.5121,4.48642,350.19481,63.08415,-86.14591,346.34565,62.55794,-57.1103,416.29783,104.67853,-133.39067,337.04312,102.47004,68.445,495.16491,104.50985,-209.00568,264.10885,94.11161,50.82326,565.63707,116.46659,-284.21439,197.57065,90.7018,-45.72528,585.2755,114.98843,-299.29069,179.17919,87.0206,-57.43052,588.21899,114.83081,-322.01058,174.87368,84.66361,-79.34095,580.45262,117.27142,-295.24109,182.60823,87.21811,-62.17167,418.68419,251.66366,-63.45139,369.93549,250.31411,63.22614,499.58336,306.67437,-111.21005,277.68522,251.16188,-12.38556,597.78246,351.6922,-86.9358,275.7492,350.58661,67.66196,617.43786,364.5565,-91.26493,285.59292,368.41823,72.04963,588.59904,378.20546,-200.80312,223.39605,369.13439,18.03035
1035,warrior2,standard,307.41788,228.7236,-269.37854,319.55618,219.48775,-271.39286,321.90095,220.38445,-271.72779,324.10385,221.10476,-271.57957,318.6898,218.61414,-250.90782,320.30755,218.94746,-251.36859,321.92179,219.04238,-251.60772,347.81515,234.59819,-241.6261,343.15888,234.44661,-147.94141,310.88501,245.21647,-255.43717,309.12327,244.75761,-230.77882,435.82616,296.70204,-194.96658,287.38756,309.60016,-96.43661,554.53493,305.50086,-255.47411,186.69942,307.67393,-153.9999,665.01833,311.21731,-383.83756,92.36265,299.08854,-322.93659,695.51597,308.94945,-397.70578,57.69623,298.60804,-357.8261,701.26,306.22817,-450.39674,53.75208,298.39993,-394.42948,689.7368,310.07636,-409.00981,69.12189,302.13661,-348.67099,421.27595,515.14711,-25.40239,331.02277,510.03981,25.18574,554.30024,609.20191,-37.0422,189.16553,497.13367,-247.39462,706.34109,693.20934,-26.51763,172.26323,671.03768,-109.87742,726.04705,711.07891,-37.65154,188.0362,698.12141,-100.01458,702.86066,719.38158,-209.52552,96.16548,708.69935,-194.42069
1037,warrior2,standard,497.46616,125.93119,-229.52777,511.87974,106.21746,-228.30028,516.732,107.3301,-228.77886,521.4842,108.52497,-228.57206,508.8286,105.21171,-202.1771,510.99962,105.78013,-202.89293,513.26637,106.53581,-203.25896,554.10511,121.14626,-182.17197,538.8741,118.75569,-63.96266,511.26419,148.78066,-209.07556,505.60316,150.45176,-178.68435,654.26402,246.74778,-152.32918,457.94302,232.66377,9.93935,801.29128,259.0217,-216.75975,311.37679,251.99853,-57.45407,945.13342,267.96134,-376.33134,175.41583,257.57419,-291.12504,978.32766,266.16767,-393.05195,132.50763,260.80596,-334.15829,983.44817,265.32758,-457.58139,127.70923,256.15818,-389.0993,970.72549,268.68616,-406.96145,144.06595,258.70837,-328.52769,622.22314,533.93898,-40.8857,511.49983,530.7435,40.64648,807.44312,639.64387,38.54423,313.03965,554.11735,-331.44726,956.71492,757.75779,180.53595,298.73684,765.42086,-135.52646,980.45726,782.01419,178.17684,322.67629,804.56121,-122.78582,973.49753,814.85413,-44.96511,198.69586,801.52699,-285.00275
1039,warrior2,standard,474.04301,169.60695,-171.59945,481.18484,156.90399,-168.7948,484.94181,157.40254,-169.08464,489.02082,157.77349,-168.9194,477.52574,155.8865,-145.1911,477.86328,155.62598,-145.61141,478.1712,155.16708,-145.78988,510.86235,162.09422,-131.92153,495.37218,161.77412,-24.23644,482.54147,184.02377,-156.26328,475.55143,182.91376,-127.52564,570.41562,235.94757,-131.30519,458.87697,229.07006,56.66988,672.59866,228.24144,-203.07985,364.43889,224.21427,46.58109,753.51477,225.463,-313.35396,286.64505,224.30525,-86.93312,776.01588,229.208,-333.45515,262.20205,226.86277,-108.8417,779.21647,230.79817,-368.33978,258.78909,223.58099,-141.81738,769.3615,231.92341,-330.43027,269.6408,225.43534,-109.75716,567.56556,416.4566,-54.00895,502.83653,423.42207,53.76433,678.22105,486.85356,-96.14192,377.9307,431.96935,-100.34011,789.4187,560.03874,-41.19651,364.4329,562.5637,41.43897,804.48127,570.14634,-46.00025,375.60815,585.30876,50.53581,798.02823,595.34699,-214.19871,304.43272,585.50989,-54.15672
1041,warrior2,standard,284.26517,98.31484,-141.18267,290.86658,89.37391,-139.33466,293.37151,89.26704,-139.55483,296.1419,89.18548,-139.47516,287.88879,89.49228,-128.71012,288.29892,89.59842,-129.00503,288.66285,89.56503,-129.14072,311.47936,92.44267,-110.90408,301.28382,92.58291,-61.32722,291.52002,108.09049,-128.99579,286.67065,107.7151,-116.38277,356.81158,144.0587,-88.07039,271.79171,141.13267,-20.47921,432.68812,134.12901,-119.9213,200.76228,147.97393,-54.97845,497.38496,126.26385,-204.06942,136.66426,147.08367,-158.46422,517.9718,129.24688,-215.54928,119.12515,147.3807,-177.474,521.13929,129.61935,-246.32443,116.33205,145.03994,-200.66426,513.5443,130.062,-219.2928,122.99359,146.43213,-174.85942,355.37064,272.10518,-17.21915,301.00263,271.39503,17.05826,435.25452,324.19971,-66.01113,204.10608,280.13258,-97.24349,519.84563,379.45698,-42.55848,191.09716,378.11224,-24.78483,528.50477,390.16329,-47.16524,199.38672,396.17973,-21.28109,539.35972,401.30071,-147.76329,149.38013,399.38741,-85.12225
1042,warrior2,standard,180.1974,114.8854,-231.13157,183.40136,109.47824,-235.13201,185.33223,109.49416,-235.2947,187.30429,109.67865,-235.23399,182.19614,109.29263,-225.39805,182.48085,109.12847,-225.62339,182.78903,108.93531,-225.73633,197.70676,111.74301,-214.98915,194.03777,111.25383,-170.6319,184.11778,120.95918,-220.52957,182.29085,120.26874,-208.65523,236.27089,134.81604,-172.02933,176.35856,134.08543,-123.15834,285.69986,133.20073,-202.79929,126.31682,127.26269,-147.07217,334.12105,130.8507,-274.33496,79.42695,119.69544,-239.57673,347.37176,126.2483,-286.73152,64.86772,117.26744,-260.18766,349.21294,125.85844,-310.34163,63.24526,116.4782,-278.75296,344.78551,128.96781,-285.90145,69.23123,118.328,-252.33622,227.67172,217.85063,-13.80923,189.1944,217.97036,13.74539,277.38979,255.92926,13.40239,117.152,230.5317,-103.0974,323.18456,287.203,112.57911,104.91481,285.27271,-3.01387,326.09791,292.09269,116.77316,110.6242,295.47412,4.57514,341.39254,304.1018,44.83308,74.34121,300.50388,-52.45015
1043,warrior2,standard,160.10365,95.11008,-125.56849,165.40187,91.4717,-124.78839,166.81806,92.02734,-124.93186,168.18756,92.5654,-124.8789,163.93804,90.99671,-116.48217,164.28614,91.21848,-116.67175,164.49008,91.29965,-116.7552,176.58479,97.81716,-105.53958,170.04523,95.48983,-68.15508,162.71907,102.5775,-117.2534,160.25978,101.70972,-107.50885,201.22962,127.57457,-84.9158,146.3101,120.67655,-40.28331,248.10809,124.89951,-106.04399,104.5891,120.68327,-67.12702,288.75041,122.11948,-161.51166,62.76139,119.43508,-146.62913,299.94082,122.0747,-169.15448,51.48605,119.74012,-162.39826,301.7127,121.40522,-188.68985,48.98421,117.98444,-178.91939,297.23443,121.76246,-170.90222,54.19505,118.53608,-158.00369,186.18661,202.6843,-8.20713,156.638,200.85762,8.10894,232.20693,231.59617,-33.23991,101.28116,196.80908,-121.30248,284.14416,256.56976,39.87571,104.70819,255.48985,-33.3739,287.16778,260.22416,42.19826,112.1556,265.17161,-26.96114,295.90988,265.35754,-28.86954,75.79722,266.71162,-81.13837
1046,warrior2,standard,170.49412,171.20612,1.80993,174.74312,165.89878,3.90118,176.41022,165.71118,3.77583,178.20081,165.52534,3.84756,173.99437,166.06253,12.85125,174.95655,166.02943,12.62379,176.03046,165.93692,12.53357,188.31707,167.21909,17.73055,184.82441,167.94173,59.36228,175.36854,177.36669,7.2231,174.14649,177.38613,18.03391,224.66414,196.41156,19.35382,165.80861,207.47564,74.63391,276.95832,193.14139,-8.49378,121.99881,211.00423,57.67297,326.24021,194.45235,-73.16706,80.65562,214.32931,-13.84133,339.82377,194.61789,-79.41121,69.83484,216.40923,-25.88989,341.81833,194.59023,-99.93448,67.97418,214.75532,-42.78354,336.55429,195.36233,-82.87321,73.36176,214.68771,-25.42843,216.26549,290.17668,-12.45321,178.67103,293.47961,12.29745,279.87678,334.90064,-36.36422,110.05578,309.28006,-117.68488,346.32654,380.73168,-46.7714,113.5655,384.87582,-69.87665,352.42887,389.55078,-52.70408,121.38653,396.4941,-67.09359,359.12542,388.65931,-124.45043,79.53216,401.18294,-108.32665
1047,warrior2,standard,192.76667,74.13876,-112.55925,197.68788,67.31489,-110.50827,199.64714,67.73327,-110.68892,201.84961,68.21759,-110.60986,195.14115,67.09669,-100.46762,195.43704,67.05906,-100.69516,195.68844,66.99742,-100.78632,213.86675,71.74233,-87.76594,205.44764,70.15962,-42.25172,198.43001,82.10968,-103.202,194.46672,81.30019,-91.29085,247.3365,107.54742,-71.12866,187.23364,110.81925,-8.15061,297.22966,109.23512,-96.55006,137.11794,105.27176,-29.97813,342.94204,104.40741,-161.89225,89.91422,96.08371,-113.84915,357.74572,106.11726,-172.45345,75.00975,94.87204,-130.83606,359.60044,105.67768,-194.58024,72.91878,93.37284,-148.43832,353.95495,106.71643,-172.70753,78.53409,94.38831,-126.50261,247.05967,206.57971,-15.41473,210.56635,205.76856,15.28301,304.71541,245.1404,-16.1259,138.31681,208.82691,-97.76541,365.47957,282.94574,52.79504,128.88059,279.80762,-19.08284,369.54451,289.32102,54.16806,136.4828,293.08765,-14.16208,387.86317,299.26397,-21.96269,98.83826,295.69489,-70.23247
1048,warrior2,standard,671.51146,175.28549,-377.4911,687.81517,157.03642,-364.69408,693.49037,157.96998,-365.19527,699.82794,158.29876,-364.93552,682.34392,155.13206,-328.84792,682.80798,154.90103,-329.59159,682.82649,154.26624,-329.92771,737.66439,168.92797,-262.80268,708.77601,166.83528,-100.21529,682.76721,201.88728,-337.24004,672.4142,196.53141,-294.26696,831.76839,294.93952,-215.98383,627.94755,282.86567,35.0532,1007.61697,266.8561,-328.82287,473.04887,242.99562,-13.33079,1167.50327,258.39338,-538.79982,324.78485,197.81005,-278.7943,1213.39372,255.4915,-570.55642,278.93713,188.42915,-330.7737,1219.34545,249.15797,-638.34161,273.07326,186.10775,-381.85917,1201.36625,255.24586,-572.16194,290.9499,193.51959,-317.66742,799.76687,611.49246,-68.12226,679.63859,602.6839,67.76972,983.18964,742.45787,-97.88211,463.17565,628.16805,-371.0135,1156.39526,884.05573,108.6236,432.72199,864.21847,-145.6034,1176.77486,901.94178,111.29788,453.48662,907.63265,-132.29245,1189.79359,950.88458,-163.65062,325.5474,908.74553,-338.80708
1050,warrior2,standard,333.62331,89.84268,-110.71141,329.47576,80.68465,-94.75948,329.72456,80.43671,-94.9803,330.18365,80.18079,-94.95136,326.96006,80.96796,-107.27861,324.20551,81.1554,-107.50545,320.39841,81.54094,-107.56028,320.83966,84.7086,-22.2136,306.29021,85.33472,-77.65688,333.7909,99.94536,-82.95695,327.0539,100.41227,-100.95143,349.53414,137.62682,7.95342,266.92325,138.79928,-64.88184,414.81668,130.5687,21.84898,199.10095,136.25973,-109.05608,469.01908,130.74119,-51.84088,138.80202,136.0004,-175.83441,486.94096,128.78658,-61.65684,119.9812,135.17506,-191.20352,487.2963,130.50479,-89.07195,118.0943,135.09305,-215.76195,478.20418,133.17355,-66.54395,124.70285,137.81706,-190.88783,329.95076,270.24395,31.5579,273.44095,274.03353,-31.79396,423.99008,282.73314,-90.23439,198.99023,325.49137,-104.86877,433.02612,377.17969,16.87491,124.50428,379.23683,-13.13898,423.67676,391.97465,22.72384,118.92638,388.84258,-6.78501,478.29072,395.23796,-50.31794,109.80016,409.82477,-90.73197
1051,warrior2,standard,280.19248,49.13358,56.26073,276.11918,41.61888,52.2839,273.94901,41.29756,52.09716,271.88793,41.03811,52.16774,278.65122,41.94222,40.97481,278.3042,41.82964,40.80496,278.09409,41.64127,40.77307,263.60109,43.31566,48.11486,272.0238,43.64378,-1.5232,274.91464,56.17278,61.6713,277.57464,56.44296,45.51826,217.50775,85.36626,58.15687,297.40133,83.69674,-21.24167,159.89615,85.02306,94.14037,355.12925,83.53899,-29.03489,108.03641,89.75604,110.76466,404.24686,75.28047,-5.15975,93.52332,93.54097,102.76475,418.7705,74.50719,-25.34615,92.33427,91.57015,100.02729,419.11992,74.18336,-18.02238,98.2044,91.42148,111.89334,414.17201,76.05259,-2.09688,226.63533,199.75923,33.29521,271.37446,199.65085,-33.6422,161.68699,259.27408,123.30743,357.29711,222.82524,8.42189,100.4314,313.46966,170.91589,366.74412,310.98398,56.5175,93.33785,324.6737,175.38078,359.22644,326.38688,62.56437,102.96136,315.37729,156.91455,402.88482,322.11775,47.48328
1054,warrior2,standard,463.01645,69.12412,-156.15555,477.99594,61.50043,-152.99811,480.98831,62.35613,-153.31696,484.19928,62.98919,-153.19969,475.25531,60.55207,-129.36147,476.05426,60.99592,-129.80458,476.55353,61.24308,-129.99136,507.92798,77.36062,-119.72764,492.56229,74.8692,-13.09512,467.07104,88.04826,-143.09673,463.87735,87.48329,-114.78826,567.44452,158.85012,-128.22391,434.94659,152.6095,57.27512,658.94141,156.11121,-216.31372,341.34436,151.64163,17.82909,746.64618,148.39577,-363.73596,248.879,148.52892,-167.69183,773.96735,152.25375,-388.87793,218.64011,149.90718,-199.11244,777.78857,151.57722,-427.81567,215.00043,149.39152,-237.31407,765.8429,151.59612,-383.43375,226.18445,151.3938,-194.43059,559.81262,358.44643,-51.11923,479.63754,356.97955,50.91651,665.52234,438.43637,-115.93253,340.89111,373.86636,-249.27811,785.19446,517.5116,15.2879,330.58255,514.01476,-58.88015,800.3222,528.95757,17.69547,343.21173,540.87245,-44.70264,802.44879,564.25575,-159.56776,261.31146,547.68727,-166.81236
1055,warrior2,standard,553.37505,94.1288,-194.9046,564.27913,78.09067,-195.47964,568.25169,77.93378,-195.77767,572.77275,77.64876,-195.60767,560.2389,77.49093,-162.73243,561.12971,76.94959,-163.21796,561.85005,76.11005,-163.44135,600.57821,84.56156,-156.75504,582.20326,82.34142,-5.90597,564.42711,111.60412,-177.31299,557.66802,110.57741,-136.47528,678.56963,175.69925,-133.63559,531.90583,170.07337,89.67251,796.67809,169.21252,-241.36273,420.83352,173.99801,47.39135,905.65796,162.89641,-423.06458,309.32472,162.32539,-174.20656,942.02857,159.59477,-454.96105,275.73804,164.18609,-208.86142,946.88294,155.77314,-499.17752,272.51206,160.42968,-250.04849,933.71501,158.35748,-445.67649,285.82883,162.09402,-203.39338,642.23564,406.98327,-65.409,550.12819,406.17631,65.07575,754.29475,505.30605,-225.7172,391.9875,455.13441,-187.38472,876.84252,610.1812,-79.90545,378.69172,615.50911,7.06177,899.7355,630.46369,-78.0857,393.79234,642.79901,20.11837,870.28778,657.25377,-290.7189,300.79401,650.1259,-131.06285
1058,warrior2,standard,224.98851,116.56134,-76.15207,229.75048,109.93462,-78.10213,231.67093,110.17282,-78.23926,233.61947,110.42632,-78.14836,228.52623,109.54598,-64.35186,229.07552,109.46158,-64.57897,229.6813,109.34831,-64.65948,245.75676,114.12614,-67.44537,241.16901,113.47211,-4.87135,228.96755,124.53775,-70.59877,227.37119,124.80485,-53.83045,284.29365,154.93293,-65.36724,215.70393,148.86399,36.01671,343.47266,154.94852,-107.59404,163.08236,145.78558,18.70858,392.82352,153.29422,-173.69944,114.82145,137.54782,-69.03721,405.61798,150.74385,-184.05889,100.19398,136.05373,-82.7242,407.4139,149.00394,-205.37178,99.79676,134.57632,-101.45527,401.62599,151.17183,-183.9558,105.54716,136.88551,-82.35259,267.43412,260.38228,-28.99757,228.92711,258.77789,28.91084,330.17528,303.15795,-62.8085,152.89143,264.35622,-115.6029,394.96738,344.44188,-57.81373,150.66746,342.30333,-52.33102,404.07902,352.68481,-63.47382,157.55853,357.14864,-48.58795,391.64764,364.05437,-156.8637,116.78661,356.21752,-106.55453
1059,warrior2,standard,349.69492,281.49081,-155.67031,359.31012,271.75994,-153.93726,362.3433,272.12461,-154.182,365.41351,272.56024,-154.05118,357.17945,271.46616,-138.27646,358.31051,271.50874,-138.65696,359.45718,271.39318,-138.8245,386.31371,280.71169,-120.94651,378.69543,280.67297,-49.91929,354.88427,296.1867,-141.74325,352.7579,295.76716,-123.06749,446.70989,351.20803,-87.63867,333.46358,345.83254,-3.83883,536.64125,343.95521,-130.53916,247.8924,337.50173,-42.00165,613.29402,340.2709,-237.48134,167.57275,331.06281,-188.18731,638.65809,338.75486,-251.92759,142.90942,329.92173,-217.03309,641.88856,336.08197,-290.7504,139.91883,324.88476,-246.91487,631.85778,338.71826,-256.4477,150.27941,326.69639,-209.29219,427.25591,512.28349,-19.13047,358.45199,512.47639,18.97733,529.14246,582.99798,-40.1415,244.01412,515.42863,-241.99843,623.52236,645.83415,57.47559,226.69818,644.9973,-92.96305,631.6844,658.99432,57.30456,238.10491,667.48222,-82.33558,650.60781,672.6848,-77.63489,172.97297,669.49017,-181.77655
1060,warrior2,standard,885.54165,183.69529,-417.93197,901.30795,163.30305,-414.43488,907.48404,163.79897,-414.89041,915.75703,164.32081,-414.67664,896.72338,161.65951,-385.23139,897.62815,161.29837,-385.93097,898.19618,160.7279,-386.25692,954.99441,172.76491,-331.30076,931.90956,172.76189,-195.88274,901.10779,208.26258,-381.52491,893.68647,206.10164,-346.0821,1066.3702,301.94015,-236.22026,855.19867,274.98157,-89.84459,1227.92038,306.48357,-300.21655,703.37139,229.46576,-169.93754,1375.23056,307.54476,-492.71112,562.73746,183.94602,-420.09336,1417.91828,303.01776,-521.62903,513.93076,174.83872,-473.08757,1426.14258,296.6025,-592.60048,508.72181,170.58244,-522.5108,1408.22971,303.24754,-527.59123,528.1802,175.7328,-457.41403,1015.2626,585.38021,-31.7023,885.84772,584.35861,31.35904,1182.71587,728.70345,-99.2493,667.8126,634.55752,-277.65841,1350.07736,859.25057,90.88231,650.6143,859.57186,-43.39724,1359.92729,878.20115,92.63576,669.1151,899.57196,-28.11164,1374.23344,921.14297,-144.43836,543.72746,912.10642,-209.35481
1061,warrior2,standard,455.29601,156.4222,-225.89244,465.62007,142.34117,-226.21717,469.1247,142.55213,-226.55962,472.68611,142.75217,-226.37178,462.85796,141.73267,-200.41911,464.41972,141.48077,-200.91085,465.75314,141.23834,-201.14523,496.93447,148.58887,-192.30606,485.90034,147.53008,-73.59964,467.67655,173.75891,-210.61076,461.47364,172.98648,-179.09306,575.50913,233.46521,-173.23928,435.40967,232.97795,2.62122,698.26353,233.54495,-268.21941,312.37596,228.12371,-48.62693,801.74285,235.95254,-443.8765,203.65977,219.50795,-238.1141,833.25922,238.68672,-471.61299,169.06404,219.6549,-272.24529,837.64738,238.25277,-520.22499,163.83964,216.18566,-313.26503,825.74022,239.87075,-468.35381,178.23645,217.97389,-267.04291,560.94795,452.87728,-49.27053,474.08611,449.56814,48.98719,704.79149,540.73891,-122.49806,309.11025,472.19468,-220.85202,832.68428,641.08466,-2.80496,307.5099,636.75573,-21.42241,847.33367,660.25355,-3.68823,320.73215,665.59813,-6.7857,841.83216,682.52894,-206.57583,235.76382,667.60682,-136.37805
1062,warrior2,standard,354.1617,84.261,-101.49676,350.84546,74.90074,-87.22399,349.95854,74.71024,-87.39955,349.25126,74.53209,-87.35948,348.00771,74.78752,-104.78777,345.0188,74.68669,-105.01428,342.78764,74.96211,-105.03657,335.52418,79.96679,-22.57661,325.86508,80.25334,-102.12311,352.29524,94.23636,-76.49813,348.97213,94.2648,-101.22825,366.90727,133.46587,9.77602,277.72025,133.46658,-99.11716,424.14072,130.3884,15.81793,206.5898,148.62243,-136.78881,488.92829,118.24867,-62.30167,144.03763,151.72963,-212.60505,509.52365,115.54896,-71.94647,127.05188,149.42853,-232.14532,511.64972,114.43445,-100.46209,123.5794,146.97258,-257.4766,503.76935,116.35954,-77.96364,131.45256,148.92395,-228.06028,341.44614,266.35512,44.53191,286.27127,264.31647,-44.63656,433.08231,274.62313,-73.16072,203.06897,319.98651,-123.27194,425.08982,369.03572,35.35733,124.49393,368.40197,-34.11859,414.43051,384.0542,42.00802,114.22006,376.90137,-27.69181,466.50159,389.52093,-31.31058,117.73281,394.78992,-116.82765
1063,warrior2,standard,651.37812,201.4409,-296.79139,666.60547,181.62739,-289.71342,671.70082,182.50534,-290.15125,677.33087,183.45472,-289.89311,659.65377,181.08496,-254.02866,660.07921,180.90317,-254.71345,660.25999,180.44662,-255.01035,713.13854,195.25492,-214.76041,687.68294,193.08537,-51.41409,666.1693,225.91093,-266.16215,654.38206,223.18581,-222.66045,800.97985,307.92347,-180.49267,618.12602,297.44831,61.50547,963.85387,291.18726,-301.10436,471.88881,290.66992,2.48604,1111.71395,288.40017,-515.35682,323.46833,275.87992,-257.00283,1153.34398,289.56911,-548.79543,279.94025,278.68074,-303.31403,1158.17955,285.99149,-609.10906,274.36951,275.42481,-356.18138,1141.38034,290.46038,-545.77437,290.54408,278.16027,-295.17205,766.01171,604.3905,-67.83485,650.48182,604.20758,67.4452,921.05573,738.94835,-125.14101,439.48013,652.51821,-270.29903,1078.86949,873.96562,74.87911,410.28307,872.32125,-16.45756,1095.0408,895.58351,77.96922,427.3966,909.18589,0.52997,1111.91019,932.23405,-174.12147,314.43471,912.80293,-182.73975
1064,warrior2,standard,530.24831,129.6775,-238.74844,519.84982,112.50168,-215.57735,517.63399,111.7977,-215.92472,515.34333,111.35027,-215.87561,517.42548,112.57322,-247.63079,513.05337,112.03231,-248.02279,506.89947,111.45075,-248.09473,492.22409,118.98583,-100.62266,480.69026,116.94134,-245.23754,519.6854,147.90046,-192.62213,515.81744,146.8132,-237.58479,533.44797,209.48178,-33.00183,394.49297,199.5488,-229.35985,651.82314,194.11532,-26.20748,270.01675,198.57535,-316.54825,756.97083,171.78711,-169.45739,155.70239,181.68848,-444.10429,791.19453,169.44255,-186.72788,123.28583,180.40128,-479.94863,795.96977,169.73285,-238.76912,117.96661,174.86641,-520.27339,782.35359,173.61203,-197.98128,132.9269,177.67269,-469.78011,482.24294,431.70408,70.67284,403.81282,430.08459,-70.90953,646.1036,435.98823,-102.05744,253.57875,541.1209,-161.95901,661.68535,608.95501,70.05355,97.80788,620.98631,-61.91202,646.15901,640.30553,78.05841,84.09672,631.59719,-59.02473,736.7246,636.05048,-49.20369,58.79308,648.29338,-219.63224
1065,warrior2,standard,410.52823,118.38862,-182.76111,406.81127,106.37231,-167.04056,405.61662,106.18742,-167.263,404.6307,105.88873,-167.23097,404.16273,105.68625,-186.89752,400.68543,104.72175,-187.16566,397.63372,103.57028,-187.16775,389.46028,109.14446,-82.62596,375.86014,105.52751,-171.54676,404.4902,131.89884,-148.28139,402.64901,130.54849,-176.34873,425.98487,174.89136,-32.3659,302.02953,171.76822,-148.84648,524.2295,174.81337,-36.99004,205.11935,169.35679,-200.96465,611.29932,170.42119,-153.24115,117.50915,169.38311,-296.54101,638.1981,168.77711,-168.90779,90.32719,170.28956,-317.86718,641.82112,168.87679,-207.9663,86.74091,168.52823,-354.665,631.73039,171.06315,-175.04146,97.83497,170.60051,-318.28482,399.00594,355.02284,44.39061,327.01819,354.85595,-44.59763,534.84062,376.79551,-163.61436,211.39354,448.13176,-146.82917,544.18239,518.56409,-24.32474,97.95378,531.17015,-96.23298,533.7762,543.46785,-17.19428,88.22137,546.78114,-96.80197,599.82719,544.93727,-122.76951,84.80433,566.53044,-233.24039
1066,warrior2,standard,584.42212,326.30377,77.24868,576.83142,309.3905,74.8335,573.56409,309.05939,74.42276,570.13275,308.8869,74.60336,576.99426,310.08786,44.96815,574.00879,310.31924,44.56544,570.86115,310.50766,44.46619,542.70782,318.9223,85.49415,548.84155,320.20609,-46.75476,577.83582,346.04486,96.03565,577.55096,346.30835,53.99616,444.23615,401.91217,126.46599,605.54199,397.30933,-110.20939,325.91858,412.69623,170.92477,734.74573,400.94403,-165.45692,203.0545,405.68619,150.85013,847.44916,391.09937,-141.28291,170.59628,404.71594,120.45941,880.87073,389.323,-196.92599,166.92572,400.13736,119.73337,882.93396,388.14258,-179.94508,178.93213,402.82758,152.89418,870.74231,391.62836,-134.37517,453.36151,649.18231,99.69906,549.84198,651.34131,-100.48733,321.96875,753.98138,377.03064,737.31006,654.88953,23.83515,168.8215,858.13025,531.20892,767.16748,846.93134,167.09488,150.91199,880.68164,545.13721,749.10022,878.92194,182.41371,214.94019,855.16736,506.88556,843.30518,880.07367,140.32663
1067,warrior2,standard,1047.75225,316.95737,138.15209,1035.36398,293.12327,125.70423,1029.20628,292.73734,125.08965,1022.46037,292.21814,125.31803,1040.69788,294.04836,82.2476,1039.73404,294.52744,81.67322,1038.85474,295.00196,81.58745,989.26853,299.85989,117.49105,1017.46001,305.02563,-74.34825,1035.13281,342.56331,158.18349,1039.13426,341.68306,97.30613,861.0747,414.95514,182.48942,1076.43944,430.78592,-161.65183,682.25523,404.30999,302.56763,1257.78468,419.97805,-193.23026,515.7211,406.15032,323.81769,1428.75231,401.17754,-115.43166,467.0029,406.66699,285.94141,1477.44912,402.32749,-185.7472,463.3239,400.87609,281.58531,1479.5492,394.40913,-162.51986,482.16474,404.27487,327.18035,1462.08408,396.29241,-104.67682,887.71515,795.0587,150.9025,1022.96198,799.27525,-151.97829,684.71751,959.43302,517.69283,1291.96852,842.45908,32.76942,473.6116,1128.47184,743.41028,1305.81895,1111.89744,271.94472,446.34317,1159.72818,764.47515,1275.56541,1158.08407,300.63021,541.94517,1119.55687,722.16104,1417.61342,1163.29209,274.26122
1069,warrior2,standard,276.51641,140.89299,-359.45546,287.4918,132.27488,-357.38292,290.6846,132.70135,-357.64591,293.51894,133.20832,-357.53067,284.28167,132.08903,-346.26944,284.85025,132.40941,-346.6297,285.28531,132.62345,-346.78531,310.65925,141.15659,-299.26605,298.13501,139.18855,-247.77571,283.29184,153.74429,-334.0487,278.82932,152.91143,-321.08851,360.30939,202.05365,-229.03589,252.26574,201.43881,-159.40361,448.30499,211.70087,-249.56656,165.31242,202.75558,-178.37599,533.63617,216.98878,-365.10165,77.23932,201.36006,-319.01517,558.6808,218.97201,-381.50791,53.52818,202.37642,-347.89812,563.06896,218.75863,-425.89181,49.41032,199.37165,-385.6786,554.05568,219.5931,-386.01541,58.6073,200.39868,-342.47584,330.96392,351.07857,-19.62652,264.11549,342.70882,19.43771,431.67622,418.48295,-60.33392,149.24263,352.1751,-202.08774,525.81124,480.4601,37.91335,153.54522,473.79578,-33.24458,533.34258,491.49139,37.60813,165.85933,496.48414,-20.43176,543.16225,509.25127,-112.74299,95.42481,499.60705,-128.40061
1071,warrior2,standard,271.33356,159.49697,-74.31219,274.83048,153.35429,-75.87847,276.6775,153.18447,-76.02117,278.64481,153.02793,-75.95729,273.81421,153.22344,-62.42439,274.37345,152.99418,-62.64814,274.97281,152.68744,-62.74507,291.79659,154.76966,-65.68583,287.04904,154.93044,-3.64781,275.4155,166.01187,-69.03763,274.13268,165.72045,-52.29309,328.2985,188.57747,-54.29099,266.15148,187.83655,28.36474,378.32519,186.60485,-87.73383,219.24787,184.77519,8.14576,423.36109,183.41451,-151.53382,174.36811,183.34043,-80.96201,436.37452,184.28056,-162.96501,160.42643,182.55927,-95.9062,438.22314,182.2945,-182.64093,158.7477,182.47913,-113.85312,433.25567,182.38421,-161.3544,164.11235,184.3994,-93.59547,310.93014,289.15051,-22.68607,272.80374,287.21052,22.56132,365.55088,332.0054,-73.93028,203.78324,300.95758,-79.70467,421.09625,368.74112,-12.91552,193.94841,370.81878,2.12543,428.09297,376.61103,-11.91958,200.58745,383.37631,7.7495,429.79452,386.5413,-84.23279,161.132,380.06388,-41.78728
1072,warrior2,standard,276.51641,140.89299,-359.45546,287.4918,132.27488,-357.38292,290.6846,132.70135,-357.64591,293.51894,133.20832,-357.53067,284.28167,132.08903,-346.26944,284.85025,132.40941,-346.6297,285.28531,132.62345,-346.78531,310.65925,141.15659,-299.26605,298.13501,139.18855,-247.77571,283.29184,153.74429,-334.0487,278.82932,152.91143,-321.08851,360.30939,202.05365,-229.03589,252.26574,201.43881,-159.40361,448.30499,211.70087,-249.56656,165.31242,202.75558,-178.37599,533.63617,216.98878,-365.10165,77.23932,201.36006,-319.01517,558.6808,218.97201,-381.50791,53.52818,202.37642,-347.89812,563.06896,218.75863,-425.89181,49.41032,199.37165,-385.6786,554.05568,219.5931,-386.01541,58.6073,200.39868,-342.47584,330.96392,351.07857,-19.62652,264.11549,342.70882,19.43771,431.67622,418.48295,-60.33392,149.24263,352.1751,-202.08774,525.81124,480.4601,37.91335,153.54522,473.79578,-33.24458,533.34258,491.49139,37.60813,165.85933,496.48414,-20.43176,543.16225,509.25127,-112.74299,95.42481,499.60705,-128.40061
876,warrior2,nonstandard,460.82228,197.68741,-135.73929,467.07892,185.66672,-144.71512,468.99417,185.70675,-144.99002,471.15914,185.42395,-144.87211,466.26481,185.16226,-116.98979,467.69538,185.01039,-117.36405,469.48255,184.66726,-117.50262,492.14701,187.04582,-150.6382,489.06176,188.23034,-22.16804,469.11609,209.31902,-134.61351,468.22819,209.42779,-99.72597,565.12154,248.70894,-162.52105,460.79765,254.59999,44.49219,658.67285,237.36061,-252.66792,368.22704,247.32071,7.22423,742.59573,244.58018,-369.40742,285.34016,246.57839,-136.11693,765.2191,253.32381,-392.09397,261.64744,250.57908,-156.50768,767.24034,255.29544,-424.77276,257.76261,251.15357,-190.91209,758.19288,254.3615,-386.00096,265.86738,251.17193,-159.93046,553.36885,424.63142,-61.51147,497.6127,430.1245,61.27468,651.59012,510.70586,-122.63333,372.51242,477.08936,-62.3612,762.38757,590.74662,-65.21373,404.25049,602.4457,52.2692,775.00449,604.06752,-69.76689,418.17287,621.59425,58.15666,790.80179,615.55506,-219.53844,350.73676,628.18181,-36.27038
878,warrior2,nonstandard,324.82004,296.57715,-325.83556,334.00507,283.08447,-327.23939,338.38588,283.10815,-327.56478,342.44579,283.55076,-327.42878,329.76165,283.63527,-309.14759,330.06674,283.92487,-309.59037,330.2942,284.01873,-309.76695,365.62226,292.73662,-280.85628,348.91747,291.57775,-197.14074,334.47828,313.08237,-304.17838,327.74361,312.46283,-282.29912,438.3343,368.05085,-222.97432,301.99369,365.40387,-110.80805,542.13628,359.29697,-271.20163,195.65823,358.4524,-163.23563,641.11406,353.26682,-418.13128,97.36173,346.6574,-340.51296,668.74562,355.70016,-443.94138,65.32443,342.54904,-376.60377,672.33063,354.1238,-493.99627,62.89775,338.54722,-415.0853,661.71351,353.08389,-442.69737,74.53596,341.48161,-366.67507,429.30014,563.8535,-32.21654,347.27845,566.49197,31.94908,538.84791,662.2201,-101.3986,210.18456,613.05237,-195.29494,637.88592,767.2469,48.64169,216.71777,760.39589,-3.49014,644.04517,788.3738,50.99261,231.87617,788.93599,9.59648,653.88503,800.62997,-127.4474,147.41233,795.54594,-118.57284
879,warrior2,nonstandard,1073.01437,371.70366,-496.18399,1058.62672,338.66088,-460.96465,1058.04807,337.55608,-461.74718,1057.45352,336.00793,-461.72466,1053.00661,339.63602,-512.7458,1044.98088,338.7348,-513.53355,1033.09651,338.0814,-513.65418,1003.08319,349.15954,-264.84943,975.30052,348.19507,-494.92339,1061.88001,402.55657,-414.32177,1051.33546,401.20065,-487.91724,1099.53586,508.57075,-163.44031,778.9964,514.13784,-440.25176,1350.92945,454.52705,-156.01247,511.63437,487.99874,-618.22632,1577.54688,410.02275,-426.26845,292.02795,444.37079,-859.59787,1645.92653,401.57014,-464.04127,220.51361,434.07675,-909.3342,1660.6091,398.64409,-552.47414,210.64608,424.09404,-999.45999,1631.8657,409.3327,-478.28934,233.68873,432.86251,-914.04865,1056.28625,975.78947,93.73576,856.15203,987.92921,-94.87827,1388.18822,1084.69808,-317.39385,590.81977,1192.26368,-285.81074,1412.87146,1424.15506,23.34808,383.25177,1347.76597,177.48609,1385.95883,1482.94775,39.22306,367.11534,1371.75383,213.89269,1569.52887,1499.05348,-222.02637,368.38906,1456.3522,-55.82114
880,warrior2,nonstandard,581.31838,254.24549,98.32145,572.38227,236.12916,80.81093,568.50487,235.60811,80.36955,564.59945,235.12684,80.5064,577.03787,236.51416,59.25752,577.37887,236.47159,58.86773,578.06677,236.43109,58.75059,544.51245,242.3801,48.03031,568.29119,243.05722,-45.39648,575.73563,269.05161,103.17236,580.48725,268.65314,72.43201,460.50301,316.98185,74.79032,622.01178,311.79626,-94.78335,346.19009,299.84069,122.05801,730.45278,317.13552,-115.49364,236.38898,290.15837,113.10483,838.68206,313.10185,-102.36852,202.14427,293.46419,83.10029,866.57155,310.52508,-150.97819,198.46955,288.4233,80.62906,868.62767,311.33607,-147.54657,210.48671,292.04678,115.11322,856.55224,315.42078,-100.88791,498.43776,559.37405,75.31026,586.41005,556.3388,-76.08064,382.4808,684.76131,233.02077,761.05368,616.02166,-21.68234,238.95562,798.57742,296.5875,786.66127,794.61794,75.83386,220.3387,825.66065,301.48315,776.24136,828.41554,87.22676,258.47954,807.13602,241.77273,865.43804,825.64026,33.98899
883,warrior2,nonstandard,966.699,763.19969,-799.81065,1006.05834,728.34814,-770.30051,1020.05482,730.76619,-771.27498,1034.48164,733.18425,-770.91295,983.04093,726.96161,-707.56692,980.50785,727.71505,-708.85158,977.56112,728.29628,-709.31947,1100.79145,766.8795,-557.39701,1027.09544,762.1884,-266.59927,994.52841,816.38119,-716.00431,966.45725,815.08362,-639.72586,1284.02114,1027.06307,-446.65641,885.88965,1027.43152,-2.5666,1559.59821,1034.68752,-645.07937,572.81142,980.24672,-143.55721,1801.4276,995.1092,-1175.92382,286.34429,933.41196,-767.30818,1885.22053,1002.32577,-1281.49617,195.70047,930.33457,-886.71064,1891.29257,996.4124,-1414.50298,186.57631,920.94094,-1011.52182,1857.59211,1003.74216,-1244.65191,223.99956,928.59185,-852.32562,1187.71255,1612.60468,-129.26827,929.30233,1609.32773,128.22951,1409.18362,1952.53426,-602.96202,558.07841,1882.91466,-479.28587,1715.00075,2251.52475,146.81622,636.16377,2291.2851,230.44041,1730.0601,2287.34261,191.2415,683.79366,2358.35087,283.17967,1797.22309,2383.66038,-282.6125,437.73675,2378.50749,-110.32125
884,warrior2,nonstandard,1175.84607,207.52559,-304.78079,1162.85913,175.71386,-258.81192,1159.10474,175.10738,-259.45956,1156.34851,174.61209,-259.31909,1153.25586,173.61844,-317.12607,1143.38025,172.39382,-317.91562,1135.55237,171.83796,-318.03259,1113.5918,190.63412,-53.46595,1078.698,187.24165,-316.94888,1167.52576,240.11662,-224.12605,1156.91553,240.2446,-306.16702,1211.54993,375.56014,44.80621,926.45068,363.99405,-308.2554,1431.87207,337.35819,58.99129,691.52277,353.09165,-485.91888,1644.43237,329.77007,-196.85359,487.19275,350.99902,-723.36078,1711.27612,327.44413,-220.21362,428.98901,348.33822,-790.71771,1721.52954,322.22014,-324.6868,418.67279,338.08935,-867.75232,1695.18933,330.46916,-252.36211,445.79248,345.41783,-773.25623,1118.58801,852.45569,129.70004,949.24652,839.34739,-130.02333,1438.62549,972.70727,-212.75171,743.04938,1053.82591,-502.66492,1491.78833,1276.4294,106.31966,502.92902,1286.42336,-83.57697,1463.80005,1334.10828,117.17522,500.97668,1308.54185,-53.82433,1633.94641,1330.08898,-146.35741,433.7179,1368.55961,-308.47354
886,warrior2,nonstandard,3401.56329,459.21365,-904.58905,3359.06076,396.10193,-810.37774,3351.14016,396.18057,-811.85271,3344.19841,396.86412,-811.66626,3339.8482,393.31995,-912.26074,3319.38553,393.69899,-913.98366,3299.07414,395.65252,-914.22962,3250.52696,441.52656,-342.74722,3186.80679,439.93928,-799.76438,3380.11106,531.82047,-719.23657,3359.33432,530.57468,-864.12914,3546.20728,844.16036,-71.6827,2833.56979,824.90731,-697.90474,4089.3195,883.71262,-68.85945,2317.67039,930.87048,-1024.39122,4595.36715,851.06901,-698.00895,1810.79118,958.63756,-1640.65328,4742.26303,865.40266,-774.28327,1644.8986,983.67885,-1786.15157,4766.69614,859.65422,-999.21451,1630.27809,971.29025,-1987.39917,4708.76465,865.12923,-818.83926,1698.23231,971.29841,-1763.35179,3354.14434,1894.42879,260.33393,2942.81462,1916.82991,-261.39078,4034.54006,2237.53777,-601.78206,2464.08927,2490.44986,-741.2874,4129.19571,2972.69754,362.09739,1955.39257,2990.36111,264.38001,4048.99858,3093.70103,414.71086,1946.11028,3044.56713,336.22641,4471.87738,3127.93724,-246.24858,1869.998,3246.56658,-340.89768
887,warrior2,nonstandard,1374.33741,385.19714,-468.83946,1366.18535,360.54477,-433.81254,1363.43594,359.11667,-434.32076,1360.3934,357.58266,-434.25722,1361.12019,362.62758,-497.74423,1353.00027,361.93758,-498.28324,1346.20253,361.63126,-498.35752,1327.65787,366.80886,-243.36846,1307.58493,365.45823,-534.26002,1361.51322,410.83983,-390.44035,1356.64386,408.18526,-479.21824,1375.58799,491.05531,-97.78553,1169.71806,466.90405,-537.17615,1554.0398,491.46313,-59.69746,981.75715,491.29323,-711.14694,1714.52049,457.04103,-274.44347,807.09769,492.25187,-908.6449,1767.98864,454.87059,-299.94745,756.90029,499.43333,-971.95095,1773.81723,455.10379,-375.94697,753.28163,496.29819,-1029.92698,1752.23594,458.55689,-316.88866,774.38029,497.35876,-944.65805,1306.20373,820.10828,147.40357,1176.92798,820.6933,-147.83093,1528.83343,873.01638,-119.26428,985.53324,979.93163,-247.1302,1517.06515,1115.82418,244.7227,792.12648,1117.28854,138.64406,1496.39437,1153.84048,267.51224,771.9235,1133.14164,168.89239,1619.54981,1162.27266,82.85497,763.88534,1195.45275,-59.59087
890,warrior2,nonstandard,295.62457,53.18219,-231.13662,301.25162,47.52154,-229.418,303.59027,47.61543,-229.59902,305.98785,47.5474,-229.54394,298.74661,47.34716,-218.20873,298.94602,47.53268,-218.46947,299.036,47.57589,-218.59735,320.16111,50.99053,-193.71768,309.33308,51.32754,-141.5456,300.53567,62.09418,-215.82827,297.03318,61.85431,-202.15975,358.47486,97.48448,-154.38045,276.49007,90.26119,-91.17804,417.44557,91.30217,-187.03201,221.28959,85.09635,-115.49014,475.55073,86.20636,-279.0642,163.82981,80.10197,-220.72843,493.54114,89.6523,-294.83072,146.88054,80.366,-242.14423,495.90407,89.09433,-323.87811,144.47841,78.82719,-267.27587,488.98165,89.17072,-293.47274,152.04715,80.33851,-237.02906,334.85083,205.57244,-15.26304,285.40523,200.74425,15.11021,395.22128,253.52288,-126.31855,208.98616,224.95547,-151.15999,449.69883,306.41437,-15.15278,203.33683,308.40199,-38.91402,454.30112,314.82989,-10.54265,210.25852,323.18827,-31.41478,457.95197,333.68476,-110.20956,162.2992,326.66054,-114.67522
891,warrior2,nonstandard,697.85133,92.2309,-152.86247,693.28726,79.46516,-131.26509,693.33544,78.25677,-131.53779,693.44908,77.13466,-131.50626,687.34457,80.66304,-150.1677,683.33565,80.84745,-150.49476,679.88474,80.9782,-150.54749,676.73338,85.31136,-33.61082,655.72815,86.94967,-116.46056,696.29276,106.29943,-114.74567,690.10935,106.72808,-141.34413,728.56436,161.11135,3.41933,591.96527,158.8583,-91.24195,829.51172,151.58454,0.11233,481.87901,155.75169,-142.30449,908.08966,144.10683,-126.36279,398.71857,159.53189,-245.18423,936.96413,140.61416,-144.04239,373.48426,156.48032,-269.61991,941.31111,140.90411,-185.15329,371.5567,152.95678,-306.73551,927.54713,145.98081,-148.6513,383.34349,156.57595,-267.40886,690.04641,359.42992,35.39324,604.17715,357.67958,-35.6384,830.21519,407.58137,-186.85111,504.47233,459.32007,-152.24052,825.96262,553.96875,-15.05649,397.54927,556.50047,-34.76851,810.88514,578.0493,-4.77285,398.65371,575.93254,-28.50334,884.07114,586.50305,-106.93131,359.95136,584.53789,-147.56292
894,warrior2,nonstandard,404.30024,393.40357,-540.83803,411.46165,383.276,-520.63744,415.49594,383.53345,-520.89648,418.99825,383.91632,-520.78846,399.05357,380.95779,-529.42902,394.63621,379.86685,-529.75145,389.81297,378.91463,-529.8177,419.44444,385.28675,-362.46215,379.74885,380.1353,-402.09456,409.56309,404.23381,-475.39499,394.58875,402.32585,-488.93134,442.18138,430.43109,-204.17813,336.96108,425.78749,-299.78678,527.33643,422.59543,-175.82657,245.85366,423.43585,-340.78028,613.20704,420.83579,-318.77603,162.57734,417.81887,-505.13072,636.67912,420.82154,-344.06372,138.76367,412.12436,-545.32847,639.26161,420.60659,-389.92412,136.16414,409.53601,-585.76159,630.38036,423.18311,-342.00902,145.13068,412.65739,-528.86193,401.4209,596.53122,45.0188,333.52802,598.6797,-45.31433,509.63806,649.09284,-140.27138,255.92183,680.8832,-130.46576,513.58073,759.45408,59.16042,169.6895,762.4201,20.15233,503.22501,777.86144,70.57778,153.61496,777.02983,28.32862,555.29698,787.74804,-80.03613,179.91024,790.24745,-144.81941
895,warrior2,nonstandard,554.20613,217.37984,-311.73828,547.52874,198.77547,-283.18846,546.28623,197.36007,-283.63395,544.83783,196.05044,-283.59801,542.95903,198.89224,-319.6412,536.05604,197.50217,-320.07486,529.35785,196.25294,-320.16939,512.16155,201.07701,-138.85185,492.33007,200.00786,-304.48508,545.96746,238.13555,-254.81847,537.83864,237.68124,-305.69077,571.87235,298.73973,-47.11036,404.77842,315.13542,-275.10381,671.79227,322.08592,-4.11075,296.51877,353.69349,-373.43678,792.43338,333.58112,-135.0316,178.66692,400.01696,-547.72091,827.18062,345.8924,-150.2277,142.37307,413.98346,-594.46174,831.61139,346.15499,-212.85038,142.07682,416.56274,-642.51959,818.69018,346.37645,-166.59038,157.55826,417.05936,-576.36768,540.83401,558.89261,78.91498,437.01527,556.74833,-79.19797,658.8167,665.92652,-58.41488,336.84742,698.90982,-198.15186,654.62959,827.85547,209.16168,243.36252,823.39692,109.21023,636.36672,858.50477,225.29154,239.78367,836.68482,132.77581,734.98416,869.86744,68.27466,225.42158,886.06417,-31.35951
896,warrior2,nonstandard,213.89742,88.98187,-170.41858,222.55969,77.70127,-155.66674,229.43974,78.09145,-155.95634,235.50069,78.71223,-155.94606,209.34238,78.30125,-154.94275,206.47678,78.26184,-155.26205,202.59283,78.14515,-155.4318,244.33887,81.35794,-65.86726,202.53267,80.07992,-65.51914,224.66609,100.61376,-135.20041,209.02479,99.39442,-136.72423,265.37094,135.99722,-18.56508,179.53171,130.6077,-41.93016,307.05023,156.59126,81.81155,138.3392,143.11603,-235.78985,347.79677,172.20504,196.22341,77.38686,137.27927,-487.23168,362.03039,175.74662,219.11802,54.76633,141.47203,-533.61902,361.13205,177.65637,182.42177,56.28167,145.06763,-544.17458,354.09827,179.38053,184.82683,66.09235,146.47064,-502.11978,235.39066,292.44147,6.63697,182.83195,289.31651,-6.86362,262.02502,369.96327,123.04448,135.24326,370.87484,-134.47664,301.35546,428.95191,350.94616,130.84561,477.93063,-163.23296,298.1395,439.91834,369.34745,138.58331,494.28056,-169.54342,337.81164,456.39838,365.17193,82.56136,505.83775,-233.46033
897,warrior2,nonstandard,777.34351,193.71596,-224.24524,767.91179,174.669,-191.29074,767.99262,173.95774,-191.70378,768.72271,173.16422,-191.61835,760.67331,174.62042,-220.70186,756.57007,175.13344,-221.21264,750.07895,175.3543,-221.27833,742.77386,184.04579,-40.47278,711.32988,185.13942,-170.79359,774.36876,214.76573,-165.70511,762.77617,215.20352,-207.42754,811.72979,299.44578,35.16235,611.5095,305.54372,-150.83747,978.78841,283.53992,21.65348,447.35791,289.82773,-252.42705,1107.42456,271.14171,-184.6952,311.06906,291.64785,-437.03167,1151.68136,270.6669,-210.63593,271.1946,293.29318,-477.31112,1157.4288,267.82808,-273.17025,267.54776,289.88111,-532.68725,1135.8287,272.97452,-219.23831,285.85222,292.84221,-471.56864,747.36969,618.27636,81.73803,639.87297,603.93614,-82.05977,958.16553,689.20159,-252.63463,479.56176,765.4478,-242.63392,1009.50068,919.61223,-106.49227,297.64811,917.02807,-184.81524,988.46832,962.24385,-104.87979,274.78753,946.96206,-188.57816,1110.56131,961.40748,-304.07571,280.01031,964.58292,-417.25346
899,warrior2,nonstandard,386.53989,127.79392,-157.46166,393.37579,119.9886,-161.77926,395.22698,120.12485,-161.99555,397.87392,120.20508,-161.90039,392.66844,119.62345,-145.45716,393.78692,119.64855,-145.74827,395.28988,119.49121,-145.85538,415.46811,126.196,-151.72264,409.66291,125.82446,-77.03271,392.60383,138.39718,-150.93825,390.90507,138.01262,-131.12521,462.51694,177.69909,-135.62833,374.87347,174.174,-33.31619,534.81128,172.05073,-191.30159,313.22806,164.18839,-66.03761,602.62148,164.01541,-292.95637,250.45279,158.9323,-176.32353,621.83088,162.80633,-308.08317,229.70655,158.75834,-197.47978,624.4517,162.90393,-336.95477,227.55353,159.101,-221.31623,617.61889,164.87022,-307.32827,235.00745,161.27975,-193.5895,454.57456,307.07454,-26.73336,399.61316,306.54978,26.58998,529.57228,362.1443,-84.99725,318.45887,339.31962,-122.82121,616.69969,421.64026,-23.49065,325.13502,432.34307,-5.78754,628.33898,429.13252,-25.10583,336.7512,449.54563,2.47146,622.38042,455.56728,-145.12689,289.19445,457.84089,-76.36504
900,warrior2,nonstandard,375.04539,97.38576,-138.62192,370.94711,87.58494,-120.65214,370.89413,87.3434,-120.93985,371.22395,87.01004,-120.92028,367.05265,87.10739,-133.87659,364.61891,86.87628,-134.19044,360.45769,86.36641,-134.25281,357.82619,90.8601,-38.60881,339.83185,89.52841,-97.3645,371.38,109.95949,-107.18688,365.84557,109.21354,-126.49146,395.63709,158.68149,-6.57793,281.43366,161.68501,-75.12725,481.05087,164.92537,3.86368,190.00065,162.07259,-127.81052,558.97858,166.97121,-83.21794,111.47745,158.42149,-227.48014,581.8684,167.35259,-94.11777,88.90591,158.25165,-246.49439,585.87639,165.50172,-128.68528,86.0701,154.14335,-279.56654,574.68597,168.61233,-101.44794,97.2155,155.85562,-247.66277,383.15163,337.85346,35.53943,315.51647,337.29215,-35.82388,500.04601,364.77777,-148.29275,220.82981,406.12522,-145.15894,500.70839,482.79086,10.6039,121.44714,463.07088,-11.33377,487.70248,504.06633,21.01985,115.70171,469.12013,-1.73634,554.09554,508.40373,-72.46344,100.71163,500.78716,-103.38236
901,warrior2,nonstandard,100.2656,20.31239,-117.94406,103.10636,16.95908,-111.72486,104.62874,17.26628,-111.82142,106.49452,17.53439,-111.79005,98.67245,16.64487,-110.0938,97.14773,16.70046,-110.21033,95.59067,16.71259,-110.2625,107.95915,19.40767,-71.56006,93.77046,17.72833,-64.08199,103.38173,24.75048,-102.1974,97.60227,24.33415,-100.80874,119.1081,39.47764,-56.29019,80.97472,38.43542,-24.48154,149.21559,38.32087,-68.89223,52.01287,38.70036,-36.14696,177.00609,38.57918,-112.89814,24.89082,41.29131,-83.45236,185.18314,38.85949,-120.26136,16.84575,40.47556,-91.46897,186.60163,38.54935,-133.71543,15.38633,40.29326,-103.59156,183.53599,39.22903,-119.67601,18.67411,41.03451,-91.09127,116.23147,97.33612,-14.18784,93.67264,95.02393,14.07403,143.71467,127.83687,-39.44137,53.61575,106.05966,-35.46837,180.86597,155.6163,-23.12641,51.18501,142.54855,22.88005,186.56377,158.75454,-24.40346,55.05198,148.99539,27.48662,179.92501,171.85886,-75.22141,31.67724,150.11201,-0.6164
903,warrior2,nonstandard,485.62637,76.58211,-184.36544,480.00629,62.08567,-162.19645,479.66675,61.59708,-162.56552,479.70356,61.0241,-162.52291,472.8318,62.0346,-188.30582,467.24789,61.91422,-188.72292,463.42262,62.39039,-188.78386,458.21686,72.29913,-56.31626,436.86539,73.73617,-171.13827,484.12159,93.4234,-142.13475,476.13747,94.28138,-178.73131,511.73027,168.87232,-18.71791,360.98366,163.69525,-149.84247,631.52199,146.97033,-18.7837,238.96635,157.62868,-238.7685,739.61899,138.72879,-148.26182,124.90891,153.41573,-360.2227,775.06653,136.2173,-163.88937,91.20689,156.07652,-386.53816,781.20537,134.20739,-213.98712,86.46683,152.97238,-429.50443,765.37094,139.63602,-175.95291,102.31827,157.29841,-386.85902,483.18077,409.21579,45.84898,384.9741,410.52647,-46.20173,634.21928,486.33754,-161.17868,276.00254,535.23305,-144.0186,628.03093,657.73915,30.42353,162.94167,647.24184,25.30017,615.33802,687.4751,40.41056,159.44998,662.52571,36.32782,697.86903,698.90007,-77.51502,138.13444,701.99028,-95.03768
904,warrior2,nonstandard,401.05314,167.70001,-173.82784,391.77337,156.52053,-155.65818,390.91504,156.7011,-155.9668,390.46872,156.8248,-155.89497,388.73287,157.24855,-179.63515,385.63344,158.23102,-180.01344,381.45558,159.27539,-180.08286,376.98388,165.06914,-63.66159,357.64469,167.90147,-171.0701,398.5466,182.99045,-136.3729,393.5412,183.73557,-170.25263,434.14523,236.17891,-9.63783,302.725,245.63158,-173.00553,537.29805,217.35782,-7.42666,197.75329,237.89614,-265.97464,638.01381,202.10219,-134.18577,94.88136,232.17199,-389.74006,667.70526,199.3773,-147.7661,64.70321,236.2108,-423.62415,673.1524,199.25832,-197.34673,61.13339,232.34325,-459.10527,661.81608,203.5155,-160.86847,73.09607,233.56821,-412.71258,392.19976,453.31202,56.90348,320.14466,449.22265,-57.20044,539.89797,494.07501,-100.4645,217.63589,549.36546,-163.00142,519.18397,641.51238,82.33928,118.24148,642.92816,44.56278,501.4923,668.0685,91.52412,115.31199,657.51604,59.67867,582.64315,667.9907,-24.10138,94.39878,682.87242,-61.96149
905,warrior2,nonstandard,386.53989,127.79392,-157.46166,393.37579,119.9886,-161.77926,395.22698,120.12485,-161.99555,397.87392,120.20508,-161.90039,392.66844,119.62345,-145.45716,393.78692,119.64855,-145.74827,395.28988,119.49121,-145.85538,415.46811,126.196,-151.72264,409.66291,125.82446,-77.03271,392.60383,138.39718,-150.93825,390.90507,138.01262,-131.12521,462.51694,177.69909,-135.62833,374.87347,174.174,-33.31619,534.81128,172.05073,-191.30159,313.22806,164.18839,-66.03761,602.62148,164.01541,-292.95637,250.45279,158.9323,-176.32353,621.83088,162.80633,-308.08317,229.70655,158.75834,-197.47978,624.4517,162.90393,-336.95477,227.55353,159.101,-221.31623,617.61889,164.87022,-307.32827,235.00745,161.27975,-193.5895,454.57456,307.07454,-26.73336,399.61316,306.54978,26.58998,529.57228,362.1443,-84.99725,318.45887,339.31962,-122.82121,616.69969,421.64026,-23.49065,325.13502,432.34307,-5.78754,628.33898,429.13252,-25.10583,336.7512,449.54563,2.47146,622.38042,455.56728,-145.12689,289.19445,457.84089,-76.36504
906,warrior2,nonstandard,721.43701,177.14453,-527.49299,720.80194,150.73665,-494.96051,725.63877,150.54279,-495.37491,730.84382,150.12854,-495.04912,704.57915,150.35868,-500.36493,694.43204,149.91229,-500.65992,683.99258,150.22921,-500.549,710.56619,164.04896,-281.78592,649.72368,164.06929,-292.48138,724.06797,202.5346,-440.40236,701.46034,201.83183,-448.7547,761.93563,318.20692,-269.27663,572.96338,295.44937,-44.08886,873.57279,328.05698,-686.68112,492.72558,303.69315,449.6712,986.84111,293.25174,-1249.95603,410.74504,280.16703,1154.61411,1029.54382,292.86309,-1297.81675,375.44845,277.41041,1273.00805,1033.11685,291.08032,-1409.93626,371.88944,284.18288,1269.03185,1013.68366,297.4307,-1313.14737,385.74491,291.84654,1173.52597,700.50602,649.15513,-81.67205,575.91262,652.0918,81.604,860.20296,774.35554,-641.57208,504.21862,826.46434,684.47098,847.55019,1034.5676,-590.45973,401.01082,973.89067,1444.48977,823.41933,1073.3867,-589.0959,414.03797,1004.74257,1509.06508,917.13234,1105.57959,-761.21811,308.15457,1016.02237,1377.3041
908,warrior2,nonstandard,485.62637,76.58211,-184.36544,480.00629,62.08567,-162.19645,479.66675,61.59708,-162.56552,479.70356,61.0241,-162.52291,472.8318,62.0346,-188.30582,467.24789,61.91422,-188.72292,463.42262,62.39039,-188.78386,458.21686,72.29913,-56.31626,436.86539,73.73617,-171.13827,484.12159,93.4234,-142.13475,476.13747,94.28138,-178.73131,511.73027,168.87232,-18.71791,360.98366,163.69525,-149.84247,631.52199,146.97033,-18.7837,238.96635,157.62868,-238.7685,739.61899,138.72879,-148.26182,124.90891,153.41573,-360.2227,775.06653,136.2173,-163.88937,91.20689,156.07652,-386.53816,781.20537,134.20739,-213.98712,86.46683,152.97238,-429.50443,765.37094,139.63602,-175.95291,102.31827,157.29841,-386.85902,483.18077,409.21579,45.84898,384.9741,410.52647,-46.20173,634.21928,486.33754,-161.17868,276.00254,535.23305,-144.0186,628.03093,657.73915,30.42353,162.94167,647.24184,25.30017,615.33802,687.4751,40.41056,159.44998,662.52571,36.32782,697.86903,698.90007,-77.51502,138.13444,701.99028,-95.03768
909,warrior2,nonstandard,1396.32512,483.56534,-279.46766,1374.2263,456.70058,-236.69663,1365.91605,457.47538,-237.53434,1358.06709,458.09761,-237.34648,1374.91393,458.00647,-313.62556,1367.15059,459.52402,-314.45715,1358.61529,460.6177,-314.491,1317.13293,474.50472,-14.3482,1309.31965,474.72148,-360.11414,1383.0275,519.91301,-185.79595,1381.97901,518.24793,-293.82638,1429.98716,654.66607,127.34879,1149.33021,651.10696,-392.77783,1638.04504,637.66454,168.63903,886.29149,652.65715,-609.82579,1855.55217,606.13434,-159.14378,652.4914,614.42368,-833.94461,1913.96268,607.06896,-194.63588,581.7055,605.30364,-892.01202,1921.60703,611.26312,-300.89478,572.60985,590.81079,-972.27062,1894.13063,616.26482,-219.63488,604.01921,598.87807,-884.20198,1393.50899,1160.28718,204.5916,1221.68698,1172.91762,-205.58445,1704.53343,1268.79029,-153.0781,960.05258,1448.99759,-437.19507,1665.5646,1631.795,162.16043,673.54747,1679.87135,-212.66108,1630.11406,1703.83159,171.72611,628.48437,1709.42836,-201.20592,1818.80278,1693.65327,-130.99495,736.19692,1777.52017,-585.53944
910,warrior2,nonstandard,439.98474,133.91636,-143.28742,452.07849,120.62248,-149.00549,454.91958,121.15802,-149.32539,457.28785,121.72206,-149.24787,451.1551,119.91911,-122.3254,453.61966,120.20212,-122.76436,456.0526,120.48106,-122.92749,476.32274,131.44233,-141.80504,475.05292,131.20314,-18.92682,445.95122,152.72075,-137.33844,444.78646,152.45673,-104.40747,535.35056,223.437,-161.54286,421.64269,219.75493,67.3087,656.24613,233.94546,-260.8645,311.36,203.93889,45.90477,760.47909,223.82749,-399.51804,221.50454,188.39141,-87.15835,795.84515,221.72126,-425.3065,189.01002,179.52276,-104.69616,799.24148,220.26278,-461.05224,184.31199,177.63324,-139.64304,785.8066,223.14183,-418.42386,195.26553,182.76845,-111.63125,523.86796,432.44902,-78.62333,447.1516,440.42872,78.2772,639.24152,555.85868,-146.42666,321.27535,488.4143,-18.90681,777.41235,647.18153,-83.92899,311.78588,653.11049,133.86263,805.51386,663.72364,-87.42474,323.85099,670.71691,144.98484,754.37659,686.14613,-236.45356,223.50395,669.41923,68.0683
911,warrior2,nonstandard,297.81835,93.01132,-275.11596,303.01681,82.34057,-274.12716,305.50692,82.25997,-274.34345,308.21141,82.21355,-274.28577,300.97049,82.16931,-264.13638,301.80932,81.8484,-264.44633,302.62798,81.48734,-264.5473,324.79029,84.48015,-237.43951,318.11422,84.72735,-191.37916,306.57377,102.73088,-258.82929,302.72019,103.72448,-247.21001,379.33352,134.87582,-173.89594,289.62864,138.39149,-150.15413,454.17314,132.78279,-192.44647,215.75341,142.52227,-179.90261,526.81093,128.83223,-272.01407,146.95276,148.01955,-302.54974,545.78792,132.8858,-285.28204,127.82467,152.03621,-326.94144,549.47462,132.42124,-320.21029,124.42242,150.46076,-355.30471,542.35265,132.55468,-288.73029,131.56844,150.52713,-321.36204,353.52041,259.97892,15.15902,300.88187,256.99754,-15.30053,449.68866,246.236,-190.85794,212.08177,310.38097,-132.12497,482.90791,348.13839,-46.53336,116.65749,362.35711,-74.21446,475.81266,365.97928,-38.13792,96.53876,373.0559,-72.49214,527.03966,358.4348,-144.98196,93.81501,382.83212,-187.80403
913,warrior2,nonstandard,903.0851,151.8188,-522.16238,923.42113,127.26382,-510.75188,931.82837,127.68092,-511.44619,941.70256,128.04392,-511.17926,912.78248,125.6068,-481.58901,912.1574,124.69851,-482.5601,911.40747,123.01414,-482.97821,994.50554,143.42558,-396.93933,951.3446,137.59259,-261.00984,924.57493,189.29548,-474.85448,902.89072,183.00034,-440.90924,1149.84375,320.58191,-305.2658,845.38708,308.99197,-138.48318,1379.50172,301.12231,-396.61383,631.96169,295.37916,-249.68064,1577.47627,286.04602,-679.08834,422.73846,268.19302,-560.96283,1641.866,288.97025,-719.35186,357.15437,267.983,-628.35016,1644.45877,292.60312,-824.05203,352.12406,261.46377,-701.03868,1619.64409,297.65144,-730.54585,377.83619,267.4729,-612.37398,1131.88248,729.49606,-41.3587,960.36427,733.34591,40.9295,1351.38233,923.32727,-218.67714,667.22689,832.04672,-455.13156,1570.62378,1135.07974,72.89193,666.87298,1149.19348,-137.2981,1580.50758,1171.2454,79.27426,693.88458,1203.38332,-117.32957,1622.92053,1221.03659,-224.80994,520.84991,1210.32492,-341.99369
916,warrior2,nonstandard,239.35508,198.03554,-212.88783,242.92503,191.80138,-210.1909,244.82445,191.81282,-210.35761,246.68438,191.83844,-210.30291,241.01621,191.27844,-201.03854,241.23299,190.82886,-201.25391,241.39197,190.23162,-201.34185,258.04937,194.32485,-169.67056,249.39732,192.11138,-128.22641,243.41509,204.64504,-195.57375,240.81974,204.05794,-184.69758,290.79913,229.26618,-127.78085,226.97369,226.49597,-68.33278,332.85917,238.22161,-133.53993,181.43669,226.77042,-74.48181,378.32555,241.8483,-193.97923,134.93046,217.02325,-162.61133,391.81885,247.2376,-205.50697,120.81311,216.95309,-181.22008,392.45937,248.28949,-229.79616,118.76809,216.03148,-202.25508,387.41046,247.89241,-205.07085,124.50211,217.12039,-176.04987,274.44526,319.32644,-15.0787,237.61664,319.60898,14.96316,305.60915,378.36104,-21.55179,190.40845,366.02634,-103.02302,331.5171,421.84986,128.51449,197.65889,427.95248,8.35669,331.16177,425.49668,138.35082,204.78482,438.06817,16.68259,342.12665,446.31153,67.96621,171.37845,443.2097,-51.47098
917,warrior2,nonstandard,231.65309,61.85546,-78.06576,239.23075,54.77577,-85.50473,241.65015,55.13797,-85.74521,244.03886,55.81145,-85.70191,238.2003,54.61812,-64.26693,239.5568,54.8631,-64.54316,241.03105,55.26582,-64.63122,257.69373,62.83762,-101.64778,253.3122,62.85609,-2.63017,235.27554,73.10149,-82.65994,234.02481,72.42344,-55.85076,286.63523,114.30253,-146.9271,222.34503,118.10347,47.1188,345.55886,118.19062,-271.56924,156.5431,101.06167,39.62351,410.37066,122.78118,-401.72789,93.66854,83.4998,-30.24108,428.95524,124.67268,-429.48062,75.48239,80.92784,-38.67709,431.81777,124.67335,-447.06607,73.13682,79.86511,-65.19236,424.48169,125.12975,-413.47139,80.15917,81.82457,-47.65955,270.03921,252.38779,-59.90158,239.6,247.61402,59.62294,347.09485,314.93133,-101.96055,161.83669,223.52086,79.58047,436.69626,354.6046,-61.6124,171.50317,322.81328,113.09413,454.2706,356.71021,-62.4475,182.4807,341.28549,112.56326,436.71447,380.22104,-136.80736,130.30376,342.16474,71.89519
918,warrior2,nonstandard,307.89556,96.97968,-120.54842,315.34508,85.89072,-120.01342,317.83966,86.08117,-120.28224,319.94935,86.38187,-120.1773,313.3205,85.90799,-105.31084,314.61096,86.04258,-105.66826,315.77661,86.2842,-105.81698,336.45886,89.58606,-101.61139,329.84234,89.70604,-34.37664,315.99395,108.25355,-112.27766,313.6209,107.92659,-94.68258,393.86289,148.05424,-94.86926,296.99281,143.46216,1.37121,469.8511,142.93348,-147.0452,220.87713,128.92807,-48.12986,546.16655,147.36677,-244.69781,147.54145,127.83734,-160.59718,566.58018,151.32114,-258.77973,123.65254,128.17828,-181.23237,569.99843,150.7561,-289.97962,119.71839,125.34228,-205.68478,561.81681,151.38677,-260.28198,128.74328,126.59879,-178.5971,390.87984,291.62425,-26.37345,334.17686,298.82094,26.19752,460.05934,362.71966,-22.93577,243.4806,336.88419,-134.03931,520.28423,427.41263,108.46588,223.23043,428.7654,10.40171,522.13908,436.69192,113.99167,231.60413,445.29713,21.36811,546.69648,469.43932,11.154,176.78409,453.3786,-47.5295
919,warrior2,nonstandard,638.87954,96.0812,-292.23723,633.04464,83.27081,-270.9375,631.51186,83.09622,-271.25177,629.92079,82.68139,-271.25125,630.73537,83.09755,-300.477,625.88165,82.4015,-300.81154,620.92886,82.08387,-300.87311,607.14432,87.95786,-163.54559,592.87499,88.77088,-296.10203,634.52313,112.45584,-249.24329,629.93456,112.302,-290.39774,654.32766,164.53876,-98.01755,508.39179,151.91037,-273.60302,758.99259,161.77726,-97.52759,403.20405,140.28409,-344.40477,862.02029,146.32589,-234.49229,301.2364,126.76372,-452.66866,893.74502,148.48574,-250.90643,270.10135,131.38933,-483.53639,898.72062,148.00244,-298.60826,266.12809,128.56758,-523.08965,885.21034,150.12654,-260.33938,279.28802,129.25459,-477.03718,622.02983,343.6195,62.34708,530.97845,351.56471,-62.59072,763.97305,359.50572,-180.87814,425.19222,459.32802,-161.16687,788.48115,516.20393,-23.62219,292.86017,522.05327,24.30828,774.18396,542.42238,-15.40668,280.39558,527.32417,37.88384,856.22551,542.06354,-139.10438,270.3646,555.87646,-94.80632
920,warrior2,nonstandard,238.69941,84.64873,-90.70355,239.87003,79.179,-113.82959,239.75525,79.58719,-114.01791,239.48763,80.03111,-113.93368,242.07444,77.81774,-100.17914,243.66464,77.26736,-100.34431,245.27573,76.6078,-100.4662,244.32344,83.22059,-174.79058,255.06324,79.25254,-111.91878,241.00055,92.35194,-104.50447,243.90483,91.40501,-88.10875,227.97039,126.88711,-206.29482,297.13065,117.1425,-79.37683,161.35937,110.71087,-259.92233,358.07293,117.44323,-65.24419,99.33933,103.6817,-279.99836,419.45736,114.66866,-62.50534,80.039,105.47277,-314.22875,435.3589,117.85988,-82.1745,78.1515,103.95067,-305.30655,436.38332,116.9059,-82.1607,84.73767,104.9495,-275.5568,430.52929,116.7031,-62.33866,243.62598,232.16945,-56.46917,276.4344,224.48111,56.27187,157.58054,260.8266,18.92104,318.17266,276.74702,182.80772,148.94584,326.83145,154.41927,368.11423,330.11659,308.7179,153.33001,337.60279,167.69011,375.91719,339.82971,323.29082,118.12924,333.28591,160.56266,350.72215,331.54001,334.6757
921,warrior2,nonstandard,262.57898,77.74647,-122.76845,267.94804,70.29942,-121.14319,270.31153,69.95499,-121.32312,272.56617,69.58849,-121.20317,264.87331,70.57764,-106.1303,264.95615,70.5943,-106.42685,264.9226,70.50362,-106.56776,288.12876,72.53945,-92.84872,278.15014,73.22464,-23.65033,270.11267,86.46975,-110.52899,266.07006,88.03307,-92.25845,336.51031,119.21874,-78.59422,253.14928,120.075,21.81295,403.83427,110.76187,-128.74147,189.00932,101.725,1.86034,464.92165,105.68724,-227.29029,126.61921,82.38161,-99.13445,483.31619,106.0925,-241.614,107.16375,83.75718,-118.83854,486.29711,105.16527,-270.90326,104.6067,83.33391,-140.48871,478.93154,107.37004,-241.76416,112.91595,84.07682,-115.05797,327.08141,249.90369,-29.83267,275.22537,253.41377,29.68206,402.10697,310.66244,-89.8165,187.33221,283.15564,-121.97616,479.98215,374.93731,-50.70123,210.18559,374.47774,-21.34683,488.51254,384.43764,-54.3555,221.40867,392.44252,-14.597,488.19862,399.56635,-175.67366,170.9193,394.60557,-91.87602
924,warrior2,nonstandard,401.05314,167.70001,-173.82784,391.77337,156.52053,-155.65818,390.91504,156.7011,-155.9668,390.46872,156.8248,-155.89497,388.73287,157.24855,-179.63515,385.63344,158.23102,-180.01344,381.45558,159.27539,-180.08286,376.98388,165.06914,-63.66159,357.64469,167.90147,-171.0701,398.5466,182.99045,-136.3729,393.5412,183.73557,-170.25263,434.14523,236.17891,-9.63783,302.725,245.63158,-173.00553,537.29805,217.35782,-7.42666,197.75329,237.89614,-265.97464,638.01381,202.10219,-134.18577,94.88136,232.17199,-389.74006,667.70526,199.3773,-147.7661,64.70321,236.2108,-423.62415,673.1524,199.25832,-197.34673,61.13339,232.34325,-459.10527,661.81608,203.5155,-160.86847,73.09607,233.56821,-412.71258,392.19976,453.31202,56.90348,320.14466,449.22265,-57.20044,539.89797,494.07501,-100.4645,217.63589,549.36546,-163.00142,519.18397,641.51238,82.33928,118.24148,642.92816,44.56278,501.4923,668.0685,91.52412,115.31199,657.51604,59.67867,582.64315,667.9907,-24.10138,94.39878,682.87242,-61.96149
925,warrior2,nonstandard,203.0729,104.61258,-171.78754,200.65918,99.4003,-162.10932,200.13287,99.25536,-162.24528,199.70074,99.07023,-162.21471,198.84652,99.84773,-173.7393,196.93203,99.96721,-173.88321,195.61809,100.15929,-173.9089,191.6427,102.76243,-107.39207,185.3443,102.3782,-160.33989,202.24815,111.3173,-149.78663,200.12929,111.25865,-166.18204,212.26513,135.99491,-66.67076,157.2677,138.1966,-142.50686,256.91373,126.72614,-71.75433,109.39081,137.19449,-183.94942,299.79725,122.56454,-147.9526,68.70887,139.74263,-250.42808,310.88839,120.92632,-159.50293,55.92156,141.34388,-269.49719,312.81797,121.38172,-181.79329,54.4133,140.21919,-286.21722,308.44758,123.40653,-160.2914,59.02112,140.62415,-260.8901,208.05494,219.48148,26.62511,174.55204,220.42469,-26.75489,265.18995,240.8908,-53.83727,136.24729,264.09491,-90.63668,268.82345,303.59386,45.59153,96.17436,307.80811,15.78877,263.16486,314.07604,51.00579,93.84783,313.88612,23.10474,295.89207,316.28773,-16.13258,91.46459,323.14423,-48.58306
926,warrior2,nonstandard,3401.56329,459.21365,-904.58905,3359.06076,396.10193,-810.37774,3351.14016,396.18057,-811.85271,3344.19841,396.86412,-811.66626,3339.8482,393.31995,-912.26074,3319.38553,393.69899,-913.98366,3299.07414,395.65252,-914.22962,3250.52696,441.52656,-342.74722,3186.80679,439.93928,-799.76438,3380.11106,531.82047,-719.23657,3359.33432,530.57468,-864.12914,3546.20728,844.16036,-71.6827,2833.56979,824.90731,-697.90474,4089.3195,883.71262,-68.85945,2317.67039,930.87048,-1024.39122,4595.36715,851.06901,-698.00895,1810.79118,958.63756,-1640.65328,4742.26303,865.40266,-774.28327,1644.8986,983.67885,-1786.15157,4766.69614,859.65422,-999.21451,1630.27809,971.29025,-1987.39917,4708.76465,865.12923,-818.83926,1698.23231,971.29841,-1763.35179,3354.14434,1894.42879,260.33393,2942.81462,1916.82991,-261.39078,4034.54006,2237.53777,-601.78206,2464.08927,2490.44986,-741.2874,4129.19571,2972.69754,362.09739,1955.39257,2990.36111,264.38001,4048.99858,3093.70103,414.71086,1946.11028,3044.56713,336.22641,4471.87738,3127.93724,-246.24858,1869.998,3246.56658,-340.89768
927,warrior2,nonstandard,384.63419,68.47339,-291.19964,391.60153,55.22204,-283.68514,396.97902,55.20891,-284.00399,403.02161,55.30598,-283.87438,377.4299,55.83103,-276.08819,372.59069,56.47526,-276.38913,367.93041,57.0541,-276.43977,410.72982,61.38845,-200.32136,360.88079,63.69333,-159.08282,395.69382,85.10853,-254.7734,378.02742,86.52262,-245.45994,446.96646,136.52165,-190.83788,334.29971,148.99483,-39.87032,504.58785,141.44341,-423.1073,295.34757,198.14841,167.17085,563.88152,113.34983,-724.03893,245.73493,203.48893,433.3587,604.09886,101.58939,-761.32983,225.71302,204.41324,477.25306,596.08855,99.7222,-811.59378,223.49666,202.05361,464.98867,578.15032,107.386,-754.25023,232.43402,203.16298,435.14686,420.07284,362.63816,-54.61983,339.50094,356.12679,54.53921,508.2006,472.23463,-320.26763,294.77523,468.95389,329.42464,538.09975,668.5016,-377.10734,272.33087,580.30709,677.46721,524.97395,693.21108,-388.24579,279.56132,600.22721,706.70709,564.20879,727.5963,-520.56202,224.21001,607.74316,642.89977
928,warrior2,nonstandard,461.20429,146.15001,-172.6436,470.02411,132.80255,-168.98631,473.45632,132.73597,-169.29463,477.46336,132.77977,-169.14655,467.00442,132.60554,-152.92166,467.34536,132.03448,-153.36992,467.6455,131.2396,-153.58339,498.84266,137.09991,-128.15547,488.15453,135.42966,-52.99551,472.18484,161.32269,-155.38175,464.09452,161.84658,-136.2303,566.03652,214.64851,-112.0604,442.22337,211.14715,1.22886,675.93461,203.52905,-178.6553,340.37632,209.89453,-50.09201,765.04755,200.72474,-313.57044,252.67524,198.95481,-200.55197,789.47729,197.42719,-332.74704,219.98942,200.01729,-229.71711,790.98189,195.14347,-375.79888,217.82508,200.07452,-261.22791,780.07162,199.02156,-335.04328,230.76603,203.41692,-223.50693,561.04273,407.21633,-37.47575,487.05116,415.70012,37.24528,656.79795,517.28211,-75.64267,346.36801,464.14683,-115.35244,771.14892,610.46821,-13.3296,312.95681,606.27007,-2.20808,783.00655,621.54042,-17.77646,325.33997,632.63807,3.39568,765.77336,644.95418,-171.92207,248.76884,629.00347,-98.32516
931,warrior2,nonstandard,374.3451,552.76284,65.07087,368.2937,544.40744,53.90567,365.74133,544.16648,53.67869,363.06767,543.97588,53.74014,371.40062,544.6335,40.945,371.24596,544.59533,40.73497,371.23257,544.49048,40.67358,352.1678,546.95176,23.6099,363.86502,547.42059,-32.91179,368.26535,561.73515,62.47986,371.75541,561.7301,44.48944,308.7676,597.73412,24.22765,387.77408,596.16239,-73.51529,241.28674,601.22849,20.13042,456.66432,598.4699,-107.88214,173.42421,604.17784,6.05914,518.60402,596.35847,-83.50821,155.88235,605.1348,-11.37497,538.74656,598.88472,-109.38631,155.96144,603.4369,-7.26839,539.00717,594.46709,-99.43419,163.36393,603.71624,8.70051,530.4909,593.81069,-79.16024,325.35643,730.42939,48.38854,370.4366,734.29152,-48.82186,258.03695,793.18078,193.38145,461.78825,759.25837,66.16108,189.72831,840.8989,260.62076,460.46325,847.80289,208.84562,175.49367,853.21405,266.43182,451.95378,864.59298,223.95602,187.60514,857.71169,246.53545,494.46953,850.27002,217.54587
932,warrior2,nonstandard,721.43701,177.14453,-527.49299,720.80194,150.73665,-494.96051,725.63877,150.54279,-495.37491,730.84382,150.12854,-495.04912,704.57915,150.35868,-500.36493,694.43204,149.91229,-500.65992,683.99258,150.22921,-500.549,710.56619,164.04896,-281.78592,649.72368,164.06929,-292.48138,724.06797,202.5346,-440.40236,701.46034,201.83183,-448.7547,761.93563,318.20692,-269.27663,572.96338,295.44937,-44.08886,873.57279,328.05698,-686.68112,492.72558,303.69315,449.6712,986.84111,293.25174,-1249.95603,410.74504,280.16703,1154.61411,1029.54382,292.86309,-1297.81675,375.44845,277.41041,1273.00805,1033.11685,291.08032,-1409.93626,371.88944,284.18288,1269.03185,1013.68366,297.4307,-1313.14737,385.74491,291.84654,1173.52597,700.50602,649.15513,-81.67205,575.91262,652.0918,81.604,860.20296,774.35554,-641.57208,504.21862,826.46434,684.47098,847.55019,1034.5676,-590.45973,401.01082,973.89067,1444.48977,823.41933,1073.3867,-589.0959,414.03797,1004.74257,1509.06508,917.13234,1105.57959,-761.21811,308.15457,1016.02237,1377.3041
933,warrior2,nonstandard,773.92532,179.69866,-260.52786,782.99362,168.7679,-254.1255,787.62756,169.42605,-254.36466,792.08641,170.45728,-254.2585,777.00684,168.13889,-238.47935,776.58554,168.09625,-238.87331,776.31409,167.74532,-239.0336,810.42458,178.76199,-196.4535,793.51677,174.63541,-123.01044,780.55779,193.53453,-237.08916,774.34731,192.29761,-218.102,864.09134,249.63388,-153.72847,751.0051,247.41524,-51.09886,959.29001,255.83768,-203.68181,661.8779,251.11386,-97.98656,1042.41676,245.9072,-330.80425,569.42055,238.1666,-251.18713,1067.05482,248.58529,-351.82884,545.88013,239.69112,-279.53833,1070.38284,244.3722,-390.97363,540.72701,236.67306,-311.95423,1060.49683,245.5534,-350.69851,551.34155,237.13805,-273.78902,836.84334,415.69815,-29.6333,766.47446,414.48802,29.37022,912.05711,500.92167,-176.3327,649.40536,464.91184,-166.3645,1002.34085,590.63148,-77.43299,631.39454,598.37774,-36.55327,1015.5378,605.64443,-77.12968,643.76144,624.3102,-28.7101,1004.52499,631.31793,-215.80976,572.32067,620.62926,-130.58283
934,warrior2,nonstandard,296.29145,76.50925,-155.64185,301.6735,70.61863,-157.86986,303.65179,70.73156,-158.04366,305.77148,70.75203,-157.95889,300.10723,69.96865,-144.06969,300.76694,69.6551,-144.29844,301.36819,69.21814,-144.38746,318.7705,74.45913,-143.69648,313.04,73.88602,-79.93017,300.89328,85.55886,-148.44783,299.36291,84.88371,-131.30788,359.51799,118.47424,-124.00457,289.40732,117.7428,-33.7365,423.44911,117.01281,-165.9413,230.52547,111.18173,-52.76867,476.90215,113.00557,-250.23768,175.14073,103.12952,-142.84017,492.1293,116.57967,-264.62807,158.6347,103.4385,-159.26884,494.39337,116.98904,-290.93594,156.49451,102.06106,-179.34496,488.94097,117.39478,-263.16907,163.32234,102.57581,-156.80203,352.63537,222.44184,-26.45486,308.06475,221.56405,26.25782,404.09257,273.52772,-99.6588,232.50317,249.53234,-83.456,461.57357,331.24169,-38.52962,238.39268,333.76785,-1.67861,469.61405,340.19642,-38.52673,245.89974,346.56051,3.41696,459.42014,355.24505,-132.88653,203.17083,349.03433,-60.52973
935,warrior2,nonstandard,212.22022,140.53043,-131.27062,216.22423,130.99444,-131.36821,218.84913,130.80597,-131.58297,221.67113,130.68782,-131.49745,213.70851,130.86745,-121.72896,213.28865,130.66101,-122.05507,212.73829,130.33446,-122.20681,235.69961,134.39436,-107.94505,223.29067,132.4204,-62.74431,218.36389,149.77742,-120.24933,212.1577,150.14848,-109.02473,284.04078,181.20716,-90.48334,198.55499,178.18762,-30.07538,357.12746,182.73011,-121.6813,129.44882,171.35077,-78.0277,418.22227,192.23443,-187.82774,64.76639,169.70833,-165.67908,435.9584,190.71328,-194.57123,42.3922,170.39759,-181.78868,437.7431,189.71881,-223.88532,38.8159,170.18679,-200.80229,430.79998,192.5127,-201.77683,48.67032,171.53114,-180.31094,277.30348,310.7016,-12.24122,224.46305,313.34297,12.12046,343.94366,369.87665,-53.3567,127.83835,337.89456,-91.3641,416.28178,433.2793,-0.45716,112.6829,431.79494,-30.17545,423.02909,443.2532,-1.22484,119.77152,448.44945,-27.34881,434.40934,460.75942,-86.60193,66.78299,450.02563,-88.6736
937,warrior2,nonstandard,543.37181,220.73842,-254.49131,554.43737,210.19429,-241.93762,557.92183,211.74727,-242.28861,561.43181,213.20055,-242.1336,549.34944,208.14197,-236.52979,549.0667,208.11586,-237.00455,548.69831,208.00147,-237.2147,581.43745,222.13903,-151.6799,562.69066,217.21511,-130.7166,550.10242,238.5087,-218.25056,543.76472,234.82665,-214.51399,628.28358,287.35563,-77.37764,512.67353,279.96299,-73.31515,722.87865,288.98474,-59.26226,425.58907,274.00295,-135.9342,807.88811,284.64081,-140.51672,339.62078,267.05626,-285.89008,830.44083,286.76125,-143.83162,314.15726,262.30335,-322.92782,833.582,286.46791,-191.98631,310.21259,260.42265,-349.72717,825.96863,286.79816,-161.88292,321.50631,264.40581,-306.69712,610.78777,462.69831,11.5436,540.12592,458.46286,-11.7141,682.35336,530.9398,215.69485,428.68813,521.65502,-248.31079,746.32607,595.02417,532.60902,426.98021,645.84507,-126.06829,749.90021,607.14612,555.19356,440.98328,666.10511,-118.53541,764.81804,629.15684,461.83514,375.6023,678.61055,-244.30321
940,warrior2,nonstandard,248.9221,283.08997,-277.09598,258.2327,278.25521,-269.19276,261.62381,279.94302,-269.42233,264.89431,281.59768,-269.33705,251.64177,274.54176,-260.55231,250.13639,273.56967,-260.86167,248.5873,272.54443,-261.01525,273.60772,286.78692,-198.37907,250.98645,275.38468,-160.09155,252.92184,293.57443,-247.55235,244.83717,290.27981,-238.1599,302.292,323.50401,-148.82615,220.11528,311.34831,-69.0932,354.18778,341.52175,-153.55924,171.35505,300.98914,-25.41691,413.11636,346.41717,-204.22234,116.95652,288.37139,-60.60972,432.04099,347.1203,-211.69643,98.91498,285.60168,-70.15133,436.23161,346.89249,-240.94998,97.02382,286.59262,-94.83209,426.81184,348.59922,-216.90457,103.57728,289.61166,-74.6254,276.94578,449.54205,-26.31875,223.66709,441.77589,26.2118,323.59442,518.78112,-19.41731,161.52349,483.62637,-132.82911,372.15111,569.23674,102.66424,142.56145,556.45924,1.1012,382.00244,577.82033,108.50889,151.44533,572.36879,11.78034,361.02421,600.26911,8.8422,100.76949,573.05793,-66.86592
941,warrior2,nonstandard,231.65309,61.85546,-78.06576,239.23075,54.77577,-85.50473,241.65015,55.13797,-85.74521,244.03886,55.81145,-85.70191,238.2003,54.61812,-64.26693,239.5568,54.8631,-64.54316,241.03105,55.26582,-64.63122,257.69373,62.83762,-101.64778,253.3122,62.85609,-2.63017,235.27554,73.10149,-82.65994,234.02481,72.42344,-55.85076,286.63523,114.30253,-146.9271,222.34503,118.10347,47.1188,345.55886,118.19062,-271.56924,156.5431,101.06167,39.62351,410.37066,122.78118,-401.72789,93.66854,83.4998,-30.24108,428.95524,124.67268,-429.48062,75.48239,80.92784,-38.67709,431.81777,124.67335,-447.06607,73.13682,79.86511,-65.19236,424.48169,125.12975,-413.47139,80.15917,81.82457,-47.65955,270.03921,252.38779,-59.90158,239.6,247.61402,59.62294,347.09485,314.93133,-101.96055,161.83669,223.52086,79.58047,436.69626,354.6046,-61.6124,171.50317,322.81328,113.09413,454.2706,356.71021,-62.4475,182.4807,341.28549,112.56326,436.71447,380.22104,-136.80736,130.30376,342.16474,71.89519
942,warrior2,nonstandard,157.90592,28.51028,-70.91804,158.11129,24.96185,-61.94759,159.1502,25.04467,-62.04488,160.10851,25.07997,-62.00858,154.69762,24.63418,-67.06706,152.91629,24.51786,-67.19388,150.97661,24.42009,-67.23051,157.94073,26.33506,-17.36675,145.39305,25.9463,-40.47016,158.75684,32.83886,-53.5107,154.89516,32.63789,-60.97024,168.61128,48.63181,18.87474,134.14464,44.82904,-37.86059,194.86629,49.71395,46.16359,103.73282,44.09789,-68.39529,223.33345,46.62059,34.07798,71.70354,41.07259,-116.36981,232.22335,45.96516,35.8628,62.4485,41.12741,-126.37861,233.78645,44.96796,20.3031,61.02956,40.44632,-135.92154,230.40957,46.23237,26.92288,64.77608,41.02751,-122.97296,153.41308,110.30165,24.75811,136.40559,110.78408,-24.83947,187.94718,133.50027,-34.54352,115.45863,145.83085,-54.8187,190.8666,179.22028,-7.76447,87.22993,178.03473,-24.8058,186.28326,187.47588,-7.68619,80.55097,184.3659,-23.57263,211.14755,186.85588,-51.89552,104.48492,187.52912,-73.00359
943,warrior2,nonstandard,307.89556,96.97968,-120.54842,315.34508,85.89072,-120.01342,317.83966,86.08117,-120.28224,319.94935,86.38187,-120.1773,313.3205,85.90799,-105.31084,314.61096,86.04258,-105.66826,315.77661,86.2842,-105.81698,336.45886,89.58606,-101.61139,329.84234,89.70604,-34.37664,315.99395,108.25355,-112.27766,313.6209,107.92659,-94.68258,393.86289,148.05424,-94.86926,296.99281,143.46216,1.37121,469.8511,142.93348,-147.0452,220.87713,128.92807,-48.12986,546.16655,147.36677,-244.69781,147.54145,127.83734,-160.59718,566.58018,151.32114,-258.77973,123.65254,128.17828,-181.23237,569.99843,150.7561,-289.97962,119.71839,125.34228,-205.68478,561.81681,151.38677,-260.28198,128.74328,126.59879,-178.5971,390.87984,291.62425,-26.37345,334.17686,298.82094,26.19752,460.05934,362.71966,-22.93577,243.4806,336.88419,-134.03931,520.28423,427.41263,108.46588,223.23043,428.7654,10.40171,522.13908,436.69192,113.99167,231.60413,445.29713,21.36811,546.69648,469.43932,11.154,176.78409,453.3786,-47.5295
944,warrior2,nonstandard,286.68435,290.44033,-355.46537,296.3242,281.75507,-349.31382,299.0917,282.91829,-349.62965,302.13849,284.15991,-349.53882,292.95249,280.97137,-338.04669,293.05072,281.39562,-338.37632,292.89233,281.81214,-338.51338,320.14485,292.67431,-281.33543,304.21069,290.26505,-227.29219,292.45695,305.1325,-327.06078,287.37057,302.94012,-313.61949,370.13575,355.76281,-241.04463,259.52012,347.14737,-128.6476,449.54959,356.21184,-314.78036,180.17936,325.64765,-168.63501,510.0125,349.5792,-490.4188,109.05849,301.30133,-316.29859,532.43073,347.28855,-527.05068,87.85139,293.10691,-349.4336,532.54085,343.66815,-564.57146,84.07399,288.10824,-382.15092,520.84349,346.46975,-510.57181,93.1377,292.23967,-338.71082,358.03505,503.0378,-39.95085,295.88523,510.0458,39.68582,426.52253,595.67403,-134.55203,177.25165,557.81046,-99.15401,509.87745,699.77416,-63.10378,168.96852,683.41625,12.61462,517.14446,715.55603,-67.27909,177.51927,703.60776,16.7101,511.53428,732.62087,-235.0578,109.95218,709.14211,-105.51182
946,warrior2,nonstandard,329.55666,80.58855,-74.11492,325.65472,72.98931,-59.63756,324.73887,73.36407,-59.85148,323.82953,73.60442,-59.818,324.13516,72.69325,-80.01991,321.77675,72.98961,-80.27326,319.08939,73.11529,-80.33124,311.56275,77.56786,3.63436,303.86238,76.69532,-88.02541,326.1741,90.07556,-49.08023,323.68197,90.58079,-77.52239,339.16136,131.1993,33.29629,262.18475,132.11925,-95.7895,406.39658,121.84224,53.53481,193.70205,126.58055,-145.36761,464.75644,107.63069,-15.75087,130.55736,127.07294,-203.19974,484.16648,106.12446,-22.37821,114.98684,124.13387,-220.63615,486.1325,104.10143,-52.28771,111.41031,123.50389,-242.75934,478.5357,105.97423,-32.13199,117.94254,125.8721,-216.78468,324.55602,266.72339,43.39058,272.58997,266.81054,-43.61758,411.27495,276.63755,-38.39955,197.25659,317.82072,-119.35947,399.75232,361.57365,67.64427,126.38465,365.01112,2.1225,386.78641,375.95453,73.5805,122.21906,370.10872,12.17962,439.57375,386.57398,17.53834,109.23439,386.87897,-52.85042
948,warrior2,nonstandard,908.30845,255.93251,-194.21744,899.52439,236.38991,-172.86402,900.27979,235.55613,-173.20179,901.51513,234.55629,-173.15467,893.75621,237.30549,-196.01825,888.21083,237.19558,-196.46305,882.32267,236.83751,-196.52326,876.34394,244.21692,-64.32751,849.83504,245.6207,-167.93865,904.60476,274.53291,-150.20847,895.39906,275.28521,-183.34004,943.44699,345.17735,-0.3076,767.82534,350.54833,-140.26523,1068.1116,347.36896,8.63149,640.76337,365.10944,-214.73164,1184.74406,341.29739,-132.0575,517.21944,363.84279,-359.94849,1223.37887,335.09099,-146.32724,476.73909,363.22904,-391.09017,1228.44368,333.97514,-201.55489,473.97409,356.41748,-440.58028,1214.21859,337.85954,-160.98763,489.78044,359.30365,-389.5129,905.79799,617.71524,59.62115,798.0769,617.39594,-59.87614,1064.11412,663.11145,-256.07327,658.92738,732.16403,-356.15064,1095.22462,838.49698,-24.68776,556.86387,848.31572,-160.44863,1074.54854,868.34037,-10.70688,537.37172,864.18962,-146.52216,1178.34762,874.27813,-143.83557,540.27236,893.206,-293.7474
949,warrior2,nonstandard,581.70727,166.51555,-218.05029,590.74848,153.38149,-218.72799,595.68798,153.6295,-219.01022,599.63329,154.08836,-218.87602,586.22688,151.51833,-197.78564,586.98589,150.4191,-198.25661,587.62627,149.35946,-198.46916,625.30781,159.21593,-172.46977,608.50487,154.29225,-74.89778,592.01775,182.1051,-196.23358,584.41261,179.48286,-170.62202,691.74286,223.59727,-130.68727,567.4366,219.45708,1.70593,804.28162,209.86974,-190.09472,462.57462,210.48146,-40.60684,903.09258,187.46313,-334.17191,363.72673,202.53635,-214.95331,933.94661,188.60094,-356.73676,332.51759,198.10386,-244.86681,936.306,187.56346,-402.03842,329.43016,197.22864,-284.09882,923.75862,188.14836,-357.08107,340.63469,201.74068,-241.79447,671.8306,437.90809,-36.80501,592.03758,435.94355,36.58082,785.87326,539.14538,-118.62176,447.81654,488.93177,-139.12699,898.91945,633.91096,-26.68833,436.91116,634.38453,-2.64977,909.81949,644.66087,-28.81286,448.39516,662.18406,4.96929,911.01669,676.77137,-193.59556,368.99559,670.23588,-112.81414
950,warrior2,nonstandard,157.90592,28.51028,-70.91804,158.11129,24.96185,-61.94759,159.1502,25.04467,-62.04488,160.10851,25.07997,-62.00858,154.69762,24.63418,-67.06706,152.91629,24.51786,-67.19388,150.97661,24.42009,-67.23051,157.94073,26.33506,-17.36675,145.39305,25.9463,-40.47016,158.75684,32.83886,-53.5107,154.89516,32.63789,-60.97024,168.61128,48.63181,18.87474,134.14464,44.82904,-37.86059,194.86629,49.71395,46.16359,103.73282,44.09789,-68.39529,223.33345,46.62059,34.07798,71.70354,41.07259,-116.36981,232.22335,45.96516,35.8628,62.4485,41.12741,-126.37861,233.78645,44.96796,20.3031,61.02956,40.44632,-135.92154,230.40957,46.23237,26.92288,64.77608,41.02751,-122.97296,153.41308,110.30165,24.75811,136.40559,110.78408,-24.83947,187.94718,133.50027,-34.54352,115.45863,145.83085,-54.8187,190.8666,179.22028,-7.76447,87.22993,178.03473,-24.8058,186.28326,187.47588,-7.68619,80.55097,184.3659,-23.57263,211.14755,186.85588,-51.89552,104.48492,187.52912,-73.00359
951,warrior2,nonstandard,3050.95661,768.47708,-1372.52426,3107.39708,705.33276,-1546.956,3119.70592,706.32052,-1548.77651,3130.10752,705.95181,-1548.13564,3108.44529,701.5574,-1293.56521,3122.32411,701.71452,-1295.49015,3136.99186,701.51341,-1296.37036,3237.13124,749.30823,-1881.17462,3229.64394,751.09947,-731.51556,3084.60689,845.2487,-1443.70598,3087.67962,843.51671,-1123.80874,3375.97775,1222.11659,-2251.2964,3291.42487,1185.61494,373.77048,3038.29157,1752.53034,-2225.21639,3098.22893,1687.97851,820.55059,2567.28154,1985.33225,-1789.77495,2653.54264,1968.90438,81.30812,2467.56381,2021.55757,-1996.09691,2561.44702,2003.76558,-7.69692,2445.4599,1998.76297,-1964.67215,2528.83333,1998.84021,-268.29835,2482.32597,1997.52915,-1749.12697,2553.37286,2001.42384,-64.36915,3388.27193,2194.60702,-731.48382,3178.3644,2195.44077,731.82209,3883.87835,2820.69707,-506.34116,2601.12548,2512.15506,968.32296,4397.42196,3407.19032,418.93069,2482.38605,3209.78904,2380.75072,4519.50896,3507.2093,463.4863,2553.63214,3319.38672,2501.69832,4099.48289,3580.30248,-383.88996,2214.74075,3368.11304,1998.1041
953,warrior2,nonstandard,697.84693,93.35622,-137.05406,693.44095,80.6247,-114.30001,693.38905,79.54997,-114.57011,693.47866,78.47462,-114.54032,687.5211,81.26096,-132.47053,683.7715,81.26771,-132.79248,680.58683,81.26283,-132.8493,677.48812,85.4844,-15.0436,656.25372,86.55998,-94.34372,695.97799,106.87412,-98.83445,690.17801,107.23701,-124.4142,728.56476,161.47467,17.94585,592.67778,159.89231,-71.56884,831.04929,152.1035,12.87636,486.19652,156.44183,-116.04622,909.74796,145.06732,-114.39257,405.03565,158.38301,-207.72693,937.41629,141.51007,-132.03876,379.86629,154.68287,-229.53456,942.27488,140.95961,-171.8043,377.87541,153.63389,-266.37148,929.14896,146.24623,-136.06585,389.19042,157.72381,-229.46228,691.05354,360.42978,34.94354,605.01291,357.54218,-35.21392,831.37791,406.5711,-200.78763,507.97268,455.43394,-142.69003,825.02878,553.96142,-30.8418,401.99186,552.98656,-15.04114,808.94474,577.83269,-20.35886,403.17109,569.6507,-7.31175,886.30285,586.2447,-127.24759,378.11711,584.65912,-126.80466
955,warrior2,nonstandard,384.59718,210.34551,63.64629,389.94768,203.84594,42.80374,391.0205,204.10536,42.66774,392.06051,204.26646,42.68934,390.74457,203.00866,63.94414,392.44998,202.96562,63.7664,394.39662,202.95461,63.70878,402.73191,207.49853,-26.23486,405.55231,207.55774,69.20938,387.95239,220.08062,45.43029,389.31571,220.34892,70.9359,370.97905,249.71519,-104.08724,452.33037,258.64901,101.02167,306.79989,246.37431,-181.2484,511.42759,254.4801,83.54558,247.57429,241.52311,-191.06998,571.74684,248.44582,27.76177,231.78597,240.07546,-222.62267,587.98213,246.82729,6.07025,230.24203,239.27515,-209.27287,588.26975,245.27116,6.39116,237.17182,241.56615,-183.84189,582.62383,247.00631,25.17293,389.69353,379.36127,-76.58712,432.77582,375.33306,76.36061,297.8977,405.4357,-48.85435,506.14387,440.67053,58.69153,302.02632,496.29585,66.39254,571.86638,501.9522,144.86017,310.59646,513.21495,77.01089,582.96729,514.13923,155.97206,265.53094,510.91151,56.67943,562.21315,516.58556,149.94398
956,warrior2,nonstandard,541.17134,173.24367,-179.11009,550.04383,159.99441,-180.21397,553.86009,160.29624,-180.51535,557.27398,160.67224,-180.40283,547.43114,159.99776,-161.76262,548.90541,160.07973,-162.1777,550.34645,160.07419,-162.31518,580.15434,168.31488,-152.04007,571.3932,168.6688,-65.48938,547.85473,188.54168,-165.44788,545.8606,188.8455,-142.87814,652.84859,241.29858,-124.80642,527.72179,246.58977,-3.28694,765.41466,238.46396,-186.84792,426.30363,223.02995,-55.75851,853.47687,251.55059,-325.52685,333.99117,203.97968,-207.21413,882.01683,249.93504,-347.99259,307.21746,199.21657,-236.5379,885.05859,250.81004,-393.57937,304.38831,197.06187,-265.19781,874.54712,254.39508,-347.91027,316.65552,202.05874,-229.04045,634.12037,440.7017,-34.11866,559.128,442.24554,33.86056,723.81111,543.70445,-203.78189,405.50476,497.23812,-155.13782,837.82928,661.74062,-121.94318,369.58206,657.52753,-84.34598,844.53217,677.29378,-124.12387,385.36201,686.32253,-83.99583,854.84573,698.62,-265.45425,306.48907,685.78767,-189.27835
957,warrior2,nonstandard,718.8018,212.74001,-301.13425,733.14377,193.05526,-314.82913,739.71685,193.54365,-315.28831,747.76116,194.50371,-315.07989,727.94586,190.90684,-273.45224,728.44677,190.15844,-274.15313,728.68049,189.05891,-274.45869,791.90681,209.00467,-300.91551,760.49397,199.69733,-111.56861,734.74314,236.91829,-289.35497,727.10627,234.73115,-238.38791,891.76909,329.18732,-279.31357,692.49049,311.12206,5.55979,1091.77786,346.79765,-394.17576,527.44542,326.00227,-46.67729,1263.56601,376.12384,-593.26777,348.41723,319.98127,-277.76553,1309.92067,374.37003,-621.96466,290.24392,311.73631,-314.05035,1314.5115,375.89059,-684.67183,287.47124,308.86637,-368.30223,1295.39872,381.64489,-623.95546,312.88663,317.43664,-316.12,860.03972,665.79833,-86.09368,735.73809,657.55717,85.65585,1046.73803,786.20696,-131.08161,526.22194,754.0818,-89.40009,1221.09518,910.65758,-5.78267,571.26649,963.50171,137.12561,1256.93971,920.69932,-8.08357,595.93852,1006.23728,154.33149,1190.50753,1009.68233,-236.65295,457.67155,1007.69024,13.9034
959,warrior2,nonstandard,773.92532,179.69866,-260.52786,782.99362,168.7679,-254.1255,787.62756,169.42605,-254.36466,792.08641,170.45728,-254.2585,777.00684,168.13889,-238.47935,776.58554,168.09625,-238.87331,776.31409,167.74532,-239.0336,810.42458,178.76199,-196.4535,793.51677,174.63541,-123.01044,780.55779,193.53453,-237.08916,774.34731,192.29761,-218.102,864.09134,249.63388,-153.72847,751.0051,247.41524,-51.09886,959.29001,255.83768,-203.68181,661.8779,251.11386,-97.98656,1042.41676,245.9072,-330.80425,569.42055,238.1666,-251.18713,1067.05482,248.58529,-351.82884,545.88013,239.69112,-279.53833,1070.38284,244.3722,-390.97363,540.72701,236.67306,-311.95423,1060.49683,245.5534,-350.69851,551.34155,237.13805,-273.78902,836.84334,415.69815,-29.6333,766.47446,414.48802,29.37022,912.05711,500.92167,-176.3327,649.40536,464.91184,-166.3645,1002.34085,590.63148,-77.43299,631.39454,598.37774,-36.55327,1015.5378,605.64443,-77.12968,643.76144,624.3102,-28.7101,1004.52499,631.31793,-215.80976,572.32067,620.62926,-130.58283
962,warrior2,nonstandard,283.20514,132.22243,-124.18776,286.0955,127.36759,-119.81027,287.97158,127.2036,-119.9334,289.84233,127.07622,-119.87074,283.73768,127.82682,-113.63779,283.41283,128.0561,-113.80641,283.04176,128.24996,-113.89138,298.00277,129.69347,-85.41794,288.17291,130.26964,-57.60176,287.81195,137.28241,-110.39256,284.55166,138.0235,-103.19171,324.12423,157.91878,-56.34024,272.58756,158.41418,-20.39514,354.62287,152.60258,-62.47918,237.88577,153.79,-26.52502,384.48162,149.05164,-108.00061,203.80811,147.98149,-93.87563,393.58778,148.36839,-115.91526,193.05843,147.7816,-108.65573,394.59793,148.50261,-133.26285,191.77627,146.78302,-123.98097,390.78323,149.92162,-116.01952,195.9706,147.38061,-103.87408,312.82412,232.70948,-7.10688,281.17526,231.17931,7.03828,344.6941,269.91282,8.19925,236.75171,251.40393,-107.35551,377.30761,303.25623,109.33297,236.12982,305.16112,-8.01695,378.94667,308.63804,114.79974,241.11095,314.32331,-0.31489,391.16299,316.39787,51.73702,211.94071,315.90977,-55.46783
965,warrior2,nonstandard,328.02646,185.95117,-105.01498,333.49395,179.09805,-100.29593,336.07476,179.32676,-100.56714,338.47977,179.67436,-100.48964,329.49091,179.34642,-94.42188,328.90559,179.63051,-94.75388,328.21403,179.87148,-94.90538,351.53932,182.8793,-65.80437,339.10281,183.0412,-40.47504,336.16949,195.87252,-90.71211,330.00329,196.2903,-85.13643,400.83851,229.3935,-37.46541,318.2442,230.68348,-14.1726,463.75517,222.19936,-15.44422,247.75584,217.44771,-54.78412,517.9876,217.87324,-45.53417,182.25512,210.6325,-156.14421,533.75728,214.94898,-44.62734,163.88553,210.44834,-179.88204,536.16335,216.03122,-77.17743,160.607,208.79062,-199.60064,530.87398,219.22889,-59.5015,168.39677,211.08071,-171.32576,405.97261,361.85757,1.36402,356.60651,363.6971,-1.48396,473.99272,408.8434,105.04381,265.25275,371.33482,-175.53085,542.94103,444.35554,290.27775,256.47806,470.07824,-80.38951,546.83907,449.05466,302.52213,266.25993,484.40511,-73.83578,562.92875,466.16706,236.31583,216.90465,496.44636,-143.84659
966,warrior2,nonstandard,322.51534,86.83531,-219.41487,326.18661,73.40403,-220.55335,329.39211,72.67078,-220.79341,333.2546,71.92143,-220.68512,323.86298,73.34716,-206.55314,324.26469,72.78836,-206.91822,324.62066,71.9911,-207.07101,353.6799,74.10491,-182.9978,341.30405,73.43848,-119.72081,330.46159,97.27407,-201.60032,326.77085,96.69651,-185.09196,417.88471,133.87598,-136.57677,307.35868,132.59084,-54.80154,506.37578,127.19928,-168.26546,221.30082,123.2006,-90.09714,589.56819,122.52998,-271.51224,138.83237,119.5392,-225.42943,614.52224,119.45226,-286.41713,113.85545,118.76502,-253.34011,617.69493,122.80861,-326.66916,110.55282,119.00007,-279.63833,608.06001,127.32513,-290.56579,119.4049,121.54727,-244.47718,406.65937,306.64192,-25.30465,338.21949,302.3632,25.10365,486.39256,383.59482,-56.49,228.65419,318.89352,-185.53502,594.67058,435.55384,86.79678,255.57371,420.66565,5.94595,603.16956,440.23667,93.87788,268.95904,430.74094,23.48093,607.92354,468.71805,-18.56566,214.21443,455.9522,-44.97834
967,warrior2,nonstandard,221.00932,164.50344,-200.65865,231.35687,155.30797,-203.41421,235.08047,156.05949,-203.66389,239.07506,157.01147,-203.5955,227.3275,154.26079,-185.71982,227.18134,154.06259,-186.05177,226.93142,153.61993,-186.21406,255.93965,164.14772,-183.48835,240.21989,159.66439,-102.66089,227.59593,176.01199,-190.67936,223.20216,175.81308,-168.92267,305.26318,214.72511,-153.29055,214.80744,213.89635,-51.86571,391.78049,227.36782,-196.24982,149.60275,204.37134,-61.38845,471.28572,238.47132,-285.4607,90.66144,200.55749,-155.65965,494.71756,237.26135,-298.8559,70.94734,199.68077,-173.55375,498.74971,236.95745,-331.718,67.92853,200.2788,-200.97647,489.09017,240.3401,-301.32181,76.48528,203.47913,-173.47267,293.82883,360.42746,-29.54732,235.91712,361.22142,29.3521,385.00667,431.27045,-69.26358,146.0364,411.78965,-87.72437,482.96374,502.55431,-38.40704,133.63051,506.94886,24.69661,490.24549,510.92679,-42.86896,144.52923,516.54932,32.80536,492.90507,537.96659,-148.22896,100.61782,529.66633,-27.82344
968,warrior2,nonstandard,1175.84607,207.52559,-304.78079,1162.85913,175.71386,-258.81192,1159.10474,175.10738,-259.45956,1156.34851,174.61209,-259.31909,1153.25586,173.61844,-317.12607,1143.38025,172.39382,-317.91562,1135.55237,171.83796,-318.03259,1113.5918,190.63412,-53.46595,1078.698,187.24165,-316.94888,1167.52576,240.11662,-224.12605,1156.91553,240.2446,-306.16702,1211.54993,375.56014,44.80621,926.45068,363.99405,-308.2554,1431.87207,337.35819,58.99129,691.52277,353.09165,-485.91888,1644.43237,329.77007,-196.85359,487.19275,350.99902,-723.36078,1711.27612,327.44413,-220.21362,428.98901,348.33822,-790.71771,1721.52954,322.22014,-324.6868,418.67279,338.08935,-867.75232,1695.18933,330.46916,-252.36211,445.79248,345.41783,-773.25623,1118.58801,852.45569,129.70004,949.24652,839.34739,-130.02333,1438.62549,972.70727,-212.75171,743.04938,1053.82591,-502.66492,1491.78833,1276.4294,106.31966,502.92902,1286.42336,-83.57697,1463.80005,1334.10828,117.17522,500.97668,1308.54185,-53.82433,1633.94641,1330.08898,-146.35741,433.7179,1368.55961,-308.47354
970,warrior2,nonstandard,646.71227,165.80771,-286.67454,657.21031,153.20602,-262.15784,663.46275,153.78027,-262.42218,669.45984,154.39402,-262.3562,642.00935,153.71316,-256.2859,638.30982,153.82033,-256.69506,633.20343,153.64189,-256.80912,675.64087,159.43846,-129.49308,631.02428,157.46661,-99.98763,658.70422,181.54603,-235.5876,639.94213,178.95825,-229.76412,722.87086,233.09437,-80.08816,591.50719,233.39759,-6.31321,831.25969,225.57931,-124.3211,486.83865,228.79726,-69.96112,927.03735,212.24811,-255.69822,385.0985,221.27982,-227.45846,958.64761,211.10253,-276.45084,349.42768,220.94244,-252.66676,962.01797,207.88244,-320.72376,351.394,220.58281,-291.63982,949.79057,210.73773,-278.9274,365.88104,222.85028,-252.77124,703.98804,436.75783,-31.77759,619.41017,439.6274,31.36413,791.94183,534.61159,-308.95269,474.98665,497.8637,-188.83507,913.95279,657.11632,-220.03666,450.72353,659.39019,-124.35645,925.16792,672.22389,-219.32364,465.02769,683.96025,-123.92481,938.50037,691.56751,-319.45084,383.37185,685.93886,-208.66842
971,warrior2,nonstandard,354.58949,53.47617,-130.4769,362.70774,45.87581,-125.65265,366.54579,46.26431,-125.84631,370.24691,47.02313,-125.7557,358.15706,45.96161,-114.86363,357.95171,46.23344,-115.17466,357.72533,46.38147,-115.32068,385.4969,55.55952,-85.5659,367.55504,52.50918,-37.04025,359.27595,64.10027,-114.18199,354.74112,63.63957,-101.81543,424.76312,101.57044,-52.94415,332.76816,100.55039,-4.64694,491.26866,95.51032,-61.33288,269.42491,88.56858,-42.19475,544.55232,96.9171,-125.50325,210.78622,80.24143,-148.60121,561.12306,94.25861,-132.76601,193.4132,76.57064,-169.81286,564.33606,93.50137,-162.74584,191.93364,75.06839,-192.51906,557.03826,96.84547,-139.48532,198.74603,79.22541,-164.54574,408.26124,231.09725,-6.6612,351.78238,233.76555,6.51065,469.71741,295.9002,-42.95128,260.40525,268.24965,-182.89866,532.22381,354.26512,66.98004,269.24482,363.96837,-70.00747,534.14589,366.15491,70.63042,277.72677,380.56378,-62.38007,552.14201,375.51899,-28.07671,227.2333,385.81426,-145.82565
972,warrior2,nonstandard,547.44263,64.74301,-308.01127,558.20893,49.27799,-289.01811,563.56306,49.80368,-289.44929,568.87153,50.54601,-289.35694,550.65276,48.66735,-272.48034,549.75824,48.55324,-273.08828,548.6432,48.2844,-273.47077,593.96572,60.40375,-183.10331,564.95178,55.67534,-107.71725,557.00415,82.9156,-268.39591,546.70555,81.25063,-249.69086,648.45263,177.89234,-136.46159,494.47049,159.45621,-23.69313,776.60167,184.55062,-192.93525,381.35665,162.04763,-86.02572,890.77612,170.74844,-347.37905,261.33661,148.53624,-288.6747,923.25221,161.21118,-368.79721,227.24792,145.30846,-327.26691,926.70941,155.04323,-419.41213,223.73875,139.45229,-368.24502,913.09583,162.45337,-372.93097,236.94799,141.82227,-318.39766,619.04981,390.4677,-29.66835,522.70104,396.5501,29.28766,716.7698,522.18511,-50.37813,371.18114,481.39819,-165.44345,812.38723,640.89014,79.28635,331.4748,646.30638,-9.74716,820.77258,653.00055,81.12506,342.14539,663.2924,-0.41851,816.14469,719.17473,-90.50231,279.8164,713.18599,-137.27028
973,warrior2,nonstandard,508.42108,383.17891,-244.16186,522.4679,363.98831,-251.55813,527.33867,363.90649,-252.05629,532.65065,363.62756,-251.76487,521.6233,363.22789,-206.52836,525.19673,362.78794,-207.29745,529.77464,362.28963,-207.60795,576.98735,373.69741,-221.89202,565.23415,375.26318,-15.17198,523.01061,407.16717,-227.00052,522.08775,406.62062,-171.37136,708.1387,492.13692,-184.94073,496.9574,493.83531,92.06961,871.10904,528.39415,-309.51901,348.11509,502.57085,28.16507,1040.03357,546.02543,-561.31901,185.0398,496.13771,-266.61563,1085.81395,547.49257,-601.0296,130.20649,498.49481,-318.40939,1093.45236,545.69427,-671.84479,124.82055,492.14267,-377.36309,1074.35763,547.1476,-596.06712,146.29372,493.83333,-308.49964,673.79496,843.46567,-76.38364,544.9306,842.03211,75.97428,828.27159,1017.11066,-144.55403,319.42457,945.41533,-244.14252,991.15065,1165.06081,117.87354,320.99194,1183.61424,56.32928,1008.67644,1188.7764,125.96205,339.34294,1226.90879,77.90159,1003.05026,1247.29565,-146.97245,202.89897,1233.10636,-117.09687
974,warrior2,nonstandard,296.75736,194.03437,-276.29676,303.05938,185.32058,-263.14951,306.86217,185.83723,-263.40636,310.60684,186.49401,-263.30416,297.5008,184.7165,-257.43911,296.45106,184.67617,-257.78107,295.17776,184.59938,-257.94241,323.38256,191.97575,-179.14447,301.68529,187.91682,-153.52806,303.23637,204.57829,-243.54395,296.13503,204.3074,-237.901,358.94148,246.29366,-119.29091,267.18996,238.83737,-82.46512,423.11459,264.66016,-128.38453,193.95364,233.66626,-108.53178,484.99853,271.87582,-232.4474,124.38666,234.88556,-241.84335,503.51091,275.99429,-247.96132,104.99078,237.4875,-272.05819,505.99657,275.86735,-285.17429,102.61371,236.87726,-302.91681,498.00939,275.97315,-250.01324,111.7371,237.53083,-261.93557,340.64135,384.43573,-7.61027,281.50912,382.38258,7.41862,395.54106,461.70295,7.76259,189.5459,439.0941,-188.65207,452.7973,541.94151,134.4971,188.20289,544.70201,-42.98382,451.99237,555.00365,138.35503,196.69874,563.55593,-33.34448,474.60226,568.91253,20.30843,148.81929,565.54609,-137.0775
976,warrior2,nonstandard,434.88164,131.49525,-86.46294,441.03578,123.52044,-86.37516,443.56671,123.70531,-86.60823,446.37384,123.74034,-86.51291,439.9192,123.19702,-77.91601,440.90151,123.25522,-78.24209,442.15417,123.24085,-78.37978,462.45951,126.44783,-67.61716,456.5009,127.01979,-30.06952,442.16546,141.61096,-77.60095,439.74396,141.29108,-68.36543,511.87479,176.75597,-44.5646,430.36244,175.74228,-12.63491,573.17403,168.85123,-54.29031,365.97522,167.38817,-45.3442,631.01251,162.81339,-111.7418,307.0077,159.67864,-136.50095,649.86434,162.81252,-115.36844,287.90283,160.8921,-157.795,652.64491,163.48156,-145.11092,285.89254,160.34215,-178.03183,644.74898,165.33787,-125.41381,292.96374,161.88974,-151.59373,512.20644,302.73474,1.53093,462.05028,310.63905,-1.60858,586.87618,340.25443,112.30223,376.913,329.63964,-137.42608,647.28559,375.30202,258.46952,365.29854,414.2465,-17.73142,650.43835,382.91177,266.4671,373.9301,427.3873,-8.42902,674.00142,397.59157,196.24012,329.80485,438.7366,-71.03807
977,warrior2,nonstandard,286.68435,290.44033,-355.46537,296.3242,281.75507,-349.31382,299.0917,282.91829,-349.62965,302.13849,284.15991,-349.53882,292.95249,280.97137,-338.04669,293.05072,281.39562,-338.37632,292.89233,281.81214,-338.51338,320.14485,292.67431,-281.33543,304.21069,290.26505,-227.29219,292.45695,305.1325,-327.06078,287.37057,302.94012,-313.61949,370.13575,355.76281,-241.04463,259.52012,347.14737,-128.6476,449.54959,356.21184,-314.78036,180.17936,325.64765,-168.63501,510.0125,349.5792,-490.4188,109.05849,301.30133,-316.29859,532.43073,347.28855,-527.05068,87.85139,293.10691,-349.4336,532.54085,343.66815,-564.57146,84.07399,288.10824,-382.15092,520.84349,346.46975,-510.57181,93.1377,292.23967,-338.71082,358.03505,503.0378,-39.95085,295.88523,510.0458,39.68582,426.52253,595.67403,-134.55203,177.25165,557.81046,-99.15401,509.87745,699.77416,-63.10378,168.96852,683.41625,12.61462,517.14446,715.55603,-67.27909,177.51927,703.60776,16.7101,511.53428,732.62087,-235.0578,109.95218,709.14211,-105.51182
979,warrior2,nonstandard,344.75901,350.61441,-357.00134,356.79562,339.96762,-349.39684,360.35366,341.3229,-349.76565,364.21478,342.69913,-349.66184,352.0395,339.06227,-338.16669,352.06457,339.63293,-338.58225,351.80551,340.14135,-338.76977,386.74605,352.39483,-275.42197,367.18681,349.72391,-220.66296,352.32189,368.22644,-326.1455,345.59538,365.98157,-312.99255,447.88421,430.04019,-236.03376,311.57145,419.90097,-127.5584,544.3949,430.61558,-327.81313,216.24703,393.29232,-184.03028,618.54347,422.46173,-524.28605,129.18049,363.51168,-336.568,645.34932,420.83721,-560.44281,101.40675,352.75064,-371.76544,646.72803,415.80508,-603.64173,96.18427,346.26825,-405.71578,632.35668,418.94253,-547.62806,107.8877,352.00763,-361.06672,432.74922,610.95636,-38.53759,355.7825,619.36454,38.22804,517.79423,724.18504,-126.6112,210.17143,677.22449,-126.61286,619.03831,852.79431,-86.64172,201.4259,833.79556,-20.83202,625.62417,872.56722,-95.46961,212.46425,859.60728,-17.80757,619.75545,893.51243,-283.45386,124.55071,864.06654,-146.35921
980,warrior2,nonstandard,940.32151,259.86627,15.39429,930.80753,240.2122,16.30066,927.10108,239.7362,15.88641,922.07202,239.17347,15.88647,931.42086,241.55205,-21.62709,929.43665,242.00431,-22.03687,927.176,242.26043,-22.17209,893.66269,248.61977,50.16509,899.85359,251.61967,-119.32305,929.98034,279.17609,43.47512,931.13503,280.75841,-9.52659,776.38489,349.09385,85.07465,959.77566,354.14648,-146.3812,635.58809,359.73498,214.00984,1109.16442,367.76483,-209.01956,515.41856,360.23557,302.99161,1223.19442,359.9042,-185.8767,479.69878,358.46865,289.98253,1265.05959,351.94227,-238.17933,475.61301,347.61661,287.73449,1265.25503,346.23006,-221.30437,489.41977,351.08215,307.61048,1249.49992,352.42206,-178.54403,812.62073,622.42132,72.94215,914.27082,622.0628,-73.59886,693.09618,744.21012,304.61238,1098.58212,692.30688,69.96281,569.07079,873.46178,465.26997,1132.06333,874.79305,289.37499,561.21379,898.35179,482.08773,1114.35995,908.57828,315.91047,549.54091,919.08824,498.80822,1219.29771,900.26081,334.49817
982,warrior2,nonstandard,674.50168,97.81989,-160.66598,684.33187,83.67657,-144.79302,689.24346,83.66134,-145.12973,694.38143,84.05885,-145.01207,678.15928,83.51564,-131.53868,677.48694,83.10305,-132.06693,676.59981,82.35721,-132.28956,717.08572,92.63635,-51.13939,689.06844,87.8404,9.77135,686.03582,113.86186,-124.29467,674.54109,111.56049,-109.26578,780.26597,164.68623,-4.6412,645.19086,179.94024,94.30596,842.66038,214.93925,-89.71124,571.84035,245.32235,61.42339,922.8663,192.27297,-324.1372,482.77645,275.44286,-144.97913,935.54392,169.73903,-367.59485,457.91488,283.48416,-183.2796,933.29616,162.59224,-403.56756,453.80759,278.84371,-225.78762,927.80628,172.76684,-345.14419,462.49301,278.06693,-171.73365,784.40373,375.92816,-26.05544,696.25776,385.19932,25.67889,855.0622,506.06807,-106.93298,572.49892,469.72129,-168.88731,932.41682,616.15071,73.38846,549.93224,621.64797,-4.43968,933.42719,634.02324,80.89558,565.12231,649.32579,5.61302,967.05995,662.86943,-70.51328,483.48835,650.82141,-117.19073
983,warrior2,nonstandard,209.19001,380.69951,-276.92475,215.15948,375.86867,-281.21153,217.13565,376.31869,-281.4165,218.96942,376.81211,-281.34872,213.64041,374.72353,-266.31148,214.19942,374.16027,-266.51883,214.6926,373.44459,-266.61101,229.44351,379.86025,-260.6593,223.1934,376.02237,-193.16525,213.06106,387.09289,-266.17339,210.81223,386.04038,-247.72213,260.80728,408.64282,-229.21076,202.41969,399.21504,-118.16141,306.52727,412.52705,-265.93769,162.0278,389.30088,-120.79462,348.76734,416.16052,-335.15112,124.08107,375.94139,-207.76313,362.26176,417.61883,-352.49486,110.38893,371.92307,-225.82143,363.90997,419.11936,-372.31214,108.39665,370.36762,-247.17148,357.8419,419.85803,-344.67272,113.16587,372.76638,-221.68097,250.2167,491.07165,-33.43035,216.14332,485.38874,33.36402,281.56144,537.53813,17.5098,160.01836,494.42032,-39.69738,313.97606,576.09471,151.88378,146.5209,550.22663,75.06457,318.89285,580.15664,159.99401,151.54631,561.52245,83.9517,312.54975,601.40595,85.62517,114.36807,557.13471,27.38397
984,warrior2,nonstandard,132.09285,39.69664,-81.94201,135.05218,35.11694,-79.98086,136.27783,35.01201,-80.08842,137.67542,34.95562,-80.02984,133.29847,35.41007,-73.31295,133.34084,35.39491,-73.47187,133.34759,35.29982,-73.54628,145.71136,36.59483,-60.7173,139.53567,36.33159,-29.96215,135.75316,44.99607,-73.99657,133.49052,45.05325,-65.97697,170.27092,61.11088,-46.89673,125.41129,63.37269,-5.8797,206.71054,62.10724,-67.47758,91.40378,61.06364,-19.23348,240.235,59.39543,-118.70272,59.06391,55.56358,-75.86604,250.61359,59.18516,-126.32283,48.68065,54.83052,-87.51893,252.20704,58.87124,-142.88482,47.31968,53.62362,-99.2861,248.06877,59.54763,-126.83086,51.50963,54.83147,-84.31074,168.04408,128.28248,-11.90915,140.71523,130.10151,11.82363,201.43138,159.36669,-39.18731,92.77062,143.01798,-72.48414,239.63917,192.10087,2.90894,86.41858,194.33799,-19.96062,242.7382,196.96745,3.39202,91.28889,203.51811,-16.55335,244.75962,204.69935,-53.64759,65.68702,203.53764,-57.54173
985,warrior2,nonstandard,480.15223,695.80538,90.3008,472.96672,686.95443,91.08829,471.21856,686.8053,90.85724,469.6932,686.76598,90.96481,472.52509,687.11274,61.76864,470.62435,687.21087,61.51323,468.8958,687.24734,61.44397,456.77508,692.36499,101.99692,456.70414,693.7481,-30.01915,474.86985,708.82863,103.36174,474.96427,708.87751,62.87753,398.44014,755.63813,125.1115,485.16643,759.89351,-121.6399,304.53937,762.90171,132.44652,580.17462,759.27557,-246.47885,221.13202,771.17712,96.19034,660.6379,752.98515,-268.54547,197.71979,776.56711,74.04174,686.18373,754.29844,-317.61417,192.37141,774.71585,70.52604,685.59902,752.16265,-297.63867,203.04788,774.73526,94.81659,673.51236,752.33541,-261.46255,416.6611,929.49963,94.37176,469.17816,933.63989,-94.7885,327.21188,1011.03914,234.00632,589.73888,966.50361,-2.73473,224.20014,1083.33775,274.70399,587.7364,1082.02614,160.73418,210.7431,1090.96239,276.07202,576.79921,1101.51541,178.05122,201.75766,1095.51602,228.36962,637.1883,1078.92909,154.65191
986,warrior2,nonstandard,574.50643,104.45467,-405.81686,585.9253,93.0517,-399.77299,590.71455,93.28545,-400.10294,595.67549,93.222,-399.99207,578.81666,92.78729,-379.56862,578.38984,92.90879,-380.06848,577.86366,92.79547,-380.32504,621.90721,98.97852,-326.37205,599.57585,98.53944,-231.58143,585.73694,121.26846,-375.17788,575.47356,120.85933,-350.51279,695.19968,189.1551,-256.34274,536.64665,173.61875,-144.30492,810.99515,175.63546,-318.76899,431.00753,167.17584,-205.20068,917.68699,168.58488,-484.85702,316.37313,156.38856,-402.00788,952.73409,175.07254,-511.13995,281.88343,156.12365,-440.7801,957.5547,173.9991,-565.93916,277.98538,151.875,-485.31625,944.31911,174.24412,-511.98299,293.20257,154.51636,-431.75626,648.05825,396.74836,-29.2053,553.07915,389.17994,28.88954,762.65259,488.28333,-269.73884,403.88224,434.5556,-289.27673,871.06662,593.73571,-99.01883,394.14997,596.95263,-98.95605,879.62344,612.36586,-94.19062,407.86858,625.42473,-86.74567,884.95131,647.41375,-280.81872,315.04848,633.32262,-235.96088
988,warrior2,nonstandard,462.88076,181.00187,-367.35156,471.06288,165.37232,-340.81095,477.85872,165.18385,-341.13735,485.06824,164.83345,-340.95175,452.69391,165.51642,-338.02231,446.62277,165.56651,-338.46681,439.74051,166.0055,-338.63625,488.50809,169.70307,-188.4765,429.83222,170.90903,-173.53851,474.8794,196.75348,-308.02851,452.46905,194.67723,-306.88946,533.60561,258.04567,-138.68092,385.83284,253.98969,-51.34715,653.71492,254.62015,-201.95318,277.79024,249.54853,-96.1847,773.74022,253.41354,-376.39364,157.14574,237.12977,-258.0113,807.02562,258.26264,-398.7795,121.09806,235.00503,-289.45745,811.68373,257.95406,-453.67812,114.70205,231.96548,-329.98863,799.82341,259.07888,-403.74424,130.72788,236.09552,-285.21829,515.07386,482.65452,-42.61021,424.06396,482.7563,42.20274,645.61455,600.45463,-135.13498,260.69929,525.04362,-150.49669,770.99065,726.28719,-91.82278,238.64507,699.92243,-14.24999,789.86093,741.70654,-98.25514,255.45775,731.09257,-6.35915,741.98487,765.43445,-274.3339,154.61712,728.22746,-122.21569
989,warrior2,nonstandard,194.35385,58.14283,-129.29272,191.12091,50.1275,-115.54779,191.25105,49.6412,-115.7588,191.55073,49.11975,-115.77293,187.38667,50.32061,-127.4919,185.50018,50.50938,-127.69976,183.12557,50.57243,-127.76931,181.36447,53.53245,-50.50183,167.11699,54.48971,-102.51668,193.6371,66.97844,-103.68032,188.39615,67.29777,-120.53219,213.16504,102.30368,-28.69954,127.84,101.23457,-79.98778,277.33161,96.51193,-37.05315,57.27375,99.62308,-120.29102,329.27064,91.4476,-122.05462,3.03658,100.41298,-174.65435,346.58097,89.37743,-134.86472,-10.41818,99.12217,-187.02307,349.62185,89.12813,-159.30126,-14.94484,97.80786,-209.68817,342.25665,92.48904,-135.7864,-6.23486,99.50922,-188.62566,191.23775,228.88335,25.47092,135.61581,228.66091,-25.61682,278.75677,256.21817,-143.76726,72.75426,289.47442,-98.65832,276.06939,350.2602,-26.39545,8.24352,349.54581,-4.8589,265.62665,365.52816,-19.15282,7.13698,361.56508,0.52652,313.58776,371.72724,-101.72281,-6.04204,364.87822,-89.52138
991,warrior2,standard,276.98786,54.78136,-79.41009,280.60403,48.37896,-79.64008,282.24759,48.17726,-79.77314,284.68518,47.86947,-79.70211,279.21655,48.14061,-69.45767,279.65518,47.84433,-69.67557,279.98416,47.49158,-69.78033,298.56318,47.7603,-62.0998,290.62024,48.28738,-14.96187,282.2095,61.00961,-71.23151,280.30783,61.64859,-58.73516,332.92737,76.96515,-39.66398,272.66167,82.22878,12.05462,384.82311,78.41186,-63.93196,221.40377,74.45743,-8.68833,433.58846,72.22997,-127.67054,172.82748,69.38858,-95.84518,447.92629,72.26955,-136.02011,158.82511,68.63796,-111.59832,449.97482,71.19751,-158.4383,157.09634,66.72706,-129.29209,444.45237,71.96302,-138.52112,163.31592,68.0699,-108.22886,318.54404,180.36754,-11.19486,283.00765,176.21354,11.06603,377.88041,227.29376,-28.53647,210.75595,189.59548,-95.56527,437.7079,269.61889,-4.86788,204.52232,265.04644,-36.93615,442.39476,277.23481,-7.98527,212.17378,278.32321,-33.53088,452.2935,279.61155,-83.77503,179.3581,278.28846,-86.068
992,warrior2,standard,553.37505,94.1288,-194.9046,564.27913,78.09067,-195.47964,568.25169,77.93378,-195.77767,572.77275,77.64876,-195.60767,560.2389,77.49093,-162.73243,561.12971,76.94959,-163.21796,561.85005,76.11005,-163.44135,600.57821,84.56156,-156.75504,582.20326,82.34142,-5.90597,564.42711,111.60412,-177.31299,557.66802,110.57741,-136.47528,678.56963,175.69925,-133.63559,531.90583,170.07337,89.67251,796.67809,169.21252,-241.36273,420.83352,173.99801,47.39135,905.65796,162.89641,-423.06458,309.32472,162.32539,-174.20656,942.02857,159.59477,-454.96105,275.73804,164.18609,-208.86142,946.88294,155.77314,-499.17752,272.51206,160.42968,-250.04849,933.71501,158.35748,-445.67649,285.82883,162.09402,-203.39338,642.23564,406.98327,-65.409,550.12819,406.17631,65.07575,754.29475,505.30605,-225.7172,391.9875,455.13441,-187.38472,876.84252,610.1812,-79.90545,378.69172,615.50911,7.06177,899.7355,630.46369,-78.0857,393.79234,642.79901,20.11837,870.28778,657.25377,-290.7189,300.79401,650.1259,-131.06285
993,warrior2,standard,1049.1949,316.78009,128.76562,1037.39053,293.68869,119.61265,1031.91783,293.24805,118.9855,1025.33103,292.50528,119.18727,1041.4503,294.60882,71.18009,1040.37376,294.99938,70.56677,1039.38189,295.22958,70.39912,990.67509,299.09049,125.35385,1016.71724,304.48254,-89.68115,1036.27699,342.61336,153.94786,1040.16869,341.37562,86.23459,859.5151,414.57521,206.69504,1075.82219,431.17108,-175.28023,683.14827,403.57168,421.74549,1257.46817,420.97508,-224.39867,523.65789,406.36982,557.54649,1431.65293,404.50236,-163.42976,475.87567,405.64095,545.20764,1479.79796,402.31132,-236.29158,472.26616,399.81754,533.22713,1481.41096,395.31451,-204.67708,490.08201,403.61455,561.37033,1464.78723,398.81332,-149.7362,888.27498,794.81869,149.682,1023.69704,798.11607,-150.72571,682.02219,960.30322,529.1892,1292.10061,848.58336,46.77015,474.91773,1129.16544,761.15259,1307.26773,1120.93544,299.10326,445.76019,1159.99562,783.84357,1278.94018,1165.36892,330.40758,542.97291,1123.26199,757.37273,1425.99218,1159.95535,321.50281
995,warrior2,standard,530.78449,189.42565,-105.73672,539.27418,179.23327,-110.68843,542.49709,180.13296,-110.94972,545.92237,181.35677,-110.84348,536.28362,178.59593,-82.64236,536.74371,178.69823,-83.04103,537.28083,178.74472,-83.20586,567.05278,191.06195,-111.05025,559.04002,190.17221,17.43796,535.35315,204.41287,-104.50989,533.04341,203.95343,-69.54883,626.30618,261.2012,-131.86917,522.40956,258.22467,78.52174,699.98331,258.76333,-229.92182,433.87667,252.69042,64.29631,780.64148,246.1915,-346.61683,360.57723,235.4708,-67.40657,807.1465,246.90468,-369.20346,335.54771,236.33438,-87.33221,809.44111,244.51784,-395.81859,332.08394,233.36335,-116.94252,798.1317,246.77335,-360.88618,341.90655,235.63916,-88.98997,610.82075,437.8624,-57.9477,545.99751,437.53462,57.73809,697.53671,517.6093,-131.69574,420.16339,466.58987,-85.11162,802.72465,590.89947,-27.35068,410.52582,584.56549,57.49942,814.50641,604.38393,-24.8803,421.30995,605.4872,67.44522,818.32309,628.5951,-160.08378,356.21667,610.14012,-22.86509
999,warrior2,standard,504.61972,404.39916,-155.50899,518.13837,390.14761,-157.37311,522.16845,391.99594,-157.75958,525.84858,394.15812,-157.53061,516.44475,389.48354,-124.23229,518.85835,390.46683,-124.744,521.25446,391.61918,-124.8518,553.41582,409.58841,-137.08312,545.83232,406.47383,14.14712,514.06903,426.57459,-145.37356,509.00871,425.5193,-104.79746,629.18057,502.81627,-152.5818,481.15575,494.03408,132.86203,760.25748,514.52186,-262.0086,375.56841,497.87289,214.89689,881.50027,518.93781,-442.7899,285.2969,484.82473,126.25532,913.88311,523.09062,-476.44869,253.42115,486.89904,114.61329,918.89277,522.5152,-520.76808,252.57658,488.80184,62.82034,904.79114,524.61748,-464.4815,267.71802,491.39879,96.09627,617.05749,733.80461,-78.78785,533.21911,737.55262,78.51889,766.87009,849.69828,-204.14001,365.36372,771.35346,-241.41821,931.94833,962.5632,-197.1652,374.21765,953.15409,-53.52779,954.29721,986.23202,-209.79236,392.44988,982.30584,-40.63402,936.77151,1009.85684,-429.1239,309.98604,992.37871,-166.79615
